Date,rate
4/2/2002,722.24
4/3/2002,727.61
4/4/2002,726.57
4/5/2002,729.07
4/6/2002,729.07
4/7/2002,729.07
4/8/2002,727.06
4/9/2002,726.58
4/10/2002,723.58
4/11/2002,729.69
4/12/2002,728.03
4/13/2002,728.03
4/14/2002,728.03
4/15/2002,729.76
4/16/2002,729
4/17/2002,728.85
4/18/2002,730.35
4/19/2002,737.13
4/20/2002,737.13
4/21/2002,737.13
4/22/2002,737.13
4/23/2002,736.17
4/24/2002,735.38
4/25/2002,735.38
4/26/2002,738.4
4/27/2002,738.4
4/28/2002,738.4
4/29/2002,740.78
4/30/2002,746.66
5/1/2002,746.66
5/2/2002,746.66
5/3/2002,746.66
5/4/2002,746.66
5/5/2002,746.66
5/6/2002,746.66
5/7/2002,746.66
5/8/2002,748.08
5/9/2002,755.84
5/10/2002,749.37
5/11/2002,749.37
5/12/2002,749.37
5/13/2002,755.75
5/14/2002,756.31
5/15/2002,753.01
5/16/2002,745.78
5/17/2002,754.59
5/18/2002,754.59
5/19/2002,754.59
5/20/2002,755.9
5/21/2002,755.9
5/22/2002,759.2
5/23/2002,762.65
5/24/2002,765.5
5/25/2002,765.5
5/26/2002,765.5
5/27/2002,761.14
5/28/2002,762.57
5/29/2002,761.65
5/30/2002,768.7
5/31/2002,768.7
6/1/2002,768.7
6/2/2002,768.7
6/3/2002,776.03
6/4/2002,771.23
6/5/2002,778.17
6/6/2002,778.65
6/7/2002,777.05
6/8/2002,777.05
6/9/2002,777.05
6/10/2002,783.61
6/11/2002,778.5
6/12/2002,778.5
6/13/2002,784.23
6/14/2002,781.25
6/15/2002,781.25
6/16/2002,781.25
6/17/2002,780.44
6/18/2002,782.4
6/19/2002,782.94
6/20/2002,788.82
6/21/2002,788.82
6/22/2002,788.82
6/23/2002,788.82
6/24/2002,798.69
6/25/2002,804.24
6/26/2002,804.24
6/27/2002,815.52
6/28/2002,815.37
6/29/2002,815.37
6/30/2002,815.37
7/1/2002,818.4
7/2/2002,822.74
7/3/2002,822.74
7/4/2002,812.8
7/5/2002,809.4
7/6/2002,809.4
7/7/2002,809.4
7/8/2002,806.74
7/9/2002,806.74
7/10/2002,818.43
7/11/2002,818.74
7/12/2002,817.83
7/13/2002,817.83
7/14/2002,817.83
7/15/2002,816.53
7/16/2002,822.4
7/17/2002,833.67
7/18/2002,834.88
7/19/2002,833.1
7/20/2002,833.1
7/21/2002,833.1
7/22/2002,833.1
7/23/2002,835.95
7/24/2002,827.25
7/25/2002,820.58
7/26/2002,827
7/27/2002,827
7/28/2002,827
7/29/2002,828.92
7/30/2002,816.5
7/31/2002,811.19
8/1/2002,814
8/2/2002,809
8/3/2002,809
8/4/2002,809
8/5/2002,816.75
8/6/2002,814.5
8/7/2002,809.31
8/8/2002,809
8/9/2002,809
8/10/2002,809
8/11/2002,809
8/12/2002,799.68
8/13/2002,803.47
8/14/2002,810.5
8/15/2002,816.5
8/16/2002,808.34
8/17/2002,808.34
8/18/2002,808.34
8/19/2002,811.9
8/20/2002,816.35
8/21/2002,807.98
8/22/2002,813.14
8/23/2002,808.86
8/24/2002,808.86
8/25/2002,808.86
8/26/2002,800.61
8/27/2002,803.59
8/28/2002,807.15
8/29/2002,812.82
8/30/2002,811.66
8/31/2002,811.66
9/1/2002,811.66
9/2/2002,815.23
9/3/2002,812.1
9/4/2002,814.7
9/5/2002,824.3
9/6/2002,821.58
9/7/2002,821.58
9/8/2002,821.58
9/9/2002,822.19
9/10/2002,812.47
9/11/2002,812.12
9/12/2002,806.97
9/13/2002,809.12
9/14/2002,809.12
9/15/2002,809.12
9/16/2002,812.53
9/17/2002,802.04
9/18/2002,800.01
9/19/2002,805.44
9/20/2002,809.35
9/21/2002,809.35
9/22/2002,809.35
9/23/2002,816.67
9/24/2002,812.9
9/25/2002,809.22
9/26/2002,813
9/27/2002,809.6
9/28/2002,809.26
9/29/2002,809.26
9/30/2002,809.26
10/1/2002,809.26
10/2/2002,809.26
10/3/2002,809.26
10/4/2002,809.26
10/5/2002,809.26
10/6/2002,809.26
10/7/2002,809.26
10/8/2002,809.26
10/9/2002,813.83
10/10/2002,810.62
10/11/2002,818.32
10/12/2002,818.32
10/13/2002,818.32
10/14/2002,816.11
10/15/2002,818.59
10/16/2002,817.8
10/17/2002,812.23
10/18/2002,809.7
10/19/2002,809.7
10/20/2002,809.7
10/21/2002,804.48
10/22/2002,805.07
10/23/2002,805.51
10/24/2002,808.66
10/25/2002,807.49
10/26/2002,807.49
10/27/2002,807.49
10/28/2002,809.85
10/29/2002,807.66
10/30/2002,814.12
10/31/2002,813.28
11/1/2002,817.2
11/2/2002,817.2
11/3/2002,817.2
11/4/2002,819.2
11/5/2002,819.2
11/6/2002,825.89
11/7/2002,826.93
11/8/2002,831.29
11/9/2002,831.29
11/10/2002,831.29
11/11/2002,834.13
11/12/2002,837.74
11/13/2002,835
11/14/2002,836.9
11/15/2002,833.3
11/16/2002,833.3
11/17/2002,833.3
11/18/2002,830.82
11/19/2002,835.33
11/20/2002,835.12
11/21/2002,830.4
11/22/2002,828.46
11/23/2002,828.46
11/24/2002,828.46
11/25/2002,830.2
11/26/2002,823.13
11/27/2002,820.1
11/28/2002,821.89
11/29/2002,819.2
11/30/2002,819.2
12/1/2002,819.2
12/2/2002,822.08
12/3/2002,821.7
12/4/2002,825.48
12/5/2002,826.32
12/6/2002,827.56
12/7/2002,827.56
12/8/2002,827.56
12/9/2002,828.57
12/10/2002,836.49
12/11/2002,835.47
12/12/2002,833.72
12/13/2002,834.7
12/14/2002,834.7
12/15/2002,834.7
12/16/2002,842.7
12/17/2002,844.74
12/18/2002,847.91
12/19/2002,850.86
12/20/2002,848.61
12/21/2002,848.61
12/22/2002,848.61
12/23/2002,848.61
12/24/2002,850.01
12/25/2002,849.41
12/26/2002,853.08
12/27/2002,854.9
12/28/2002,854.9
12/29/2002,854.9
12/30/2002,859.16
12/31/2002,863.6
1/1/2003,863.6
1/2/2003,867.87
1/3/2003,867.44
1/4/2003,867.44
1/5/2003,867.44
1/6/2003,858.56
1/7/2003,863.79
1/8/2003,864.1
1/9/2003,862.1
1/10/2003,869.73
1/11/2003,869.73
1/12/2003,869.73
1/13/2003,867.59
1/14/2003,874.61
1/15/2003,872.36
1/16/2003,874.02
1/17/2003,873.38
1/18/2003,873.38
1/19/2003,873.38
1/20/2003,878.22
1/21/2003,880.35
1/22/2003,882.05
1/23/2003,887.81
1/24/2003,886.75
1/25/2003,886.75
1/26/2003,886.75
1/27/2003,890.99
1/28/2003,896.25
1/29/2003,897.28
1/30/2003,898.54
1/31/2003,895.54
2/1/2003,895.54
2/2/2003,895.54
2/3/2003,895.54
2/4/2003,895.54
2/5/2003,895.54
2/6/2003,895.54
2/7/2003,895.54
2/8/2003,895.4
2/9/2003,896
2/10/2003,897.47
2/11/2003,894.67
2/12/2003,887.77
2/13/2003,889.44
2/14/2003,889.62
2/15/2003,889.62
2/16/2003,889.62
2/17/2003,897.34
2/18/2003,888.01
2/19/2003,888.95
2/20/2003,886.35
2/21/2003,890.91
2/22/2003,890.91
2/23/2003,890.91
2/24/2003,895.76
2/25/2003,887.88
2/26/2003,892.82
2/27/2003,890.07
2/28/2003,893.56
3/1/2003,893.56
3/2/2003,893.56
3/3/2003,889.65
3/4/2003,891.91
3/5/2003,901.74
3/6/2003,907.73
3/7/2003,907.4
3/8/2003,907.4
3/9/2003,907.4
3/10/2003,910.59
3/11/2003,912.05
3/12/2003,913.68
3/13/2003,912.75
3/14/2003,902.29
3/15/2003,902.29
3/16/2003,902.29
3/17/2003,893.62
3/18/2003,896.3
3/19/2003,880.86
3/20/2003,880.18
3/21/2003,877.16
3/22/2003,877.16
3/23/2003,877.16
3/24/2003,878.03
3/25/2003,877.84
3/26/2003,885.27
3/27/2003,881.52
3/28/2003,886.19
3/29/2003,886.19
3/30/2003,886.19
3/31/2003,884.71
4/1/2003,896.08
4/2/2003,902.13
4/3/2003,901.97
4/4/2003,892.43
4/5/2003,892.43
4/6/2003,892.43
4/7/2003,887.41
4/8/2003,879.78
4/9/2003,881.81
4/10/2003,889.95
4/11/2003,891.83
4/12/2003,891.83
4/13/2003,891.83
4/14/2003,891.74
4/15/2003,888.63
4/16/2003,890.76
4/17/2003,893.73
4/18/2003,904.54
4/19/2003,904.54
4/20/2003,904.54
4/21/2003,901.07
4/22/2003,901.27
4/23/2003,899.36
4/24/2003,906.8
4/25/2003,911.05
4/26/2003,911.05
4/27/2003,911.05
4/28/2003,912.67
4/29/2003,915.18
4/30/2003,908.36
5/1/2003,908.36
5/2/2003,908.36
5/3/2003,908.36
5/4/2003,908.36
5/5/2003,908.36
5/6/2003,921.07
5/7/2003,934.45
5/8/2003,944.48
5/9/2003,937.8
5/10/2003,937.8
5/11/2003,937.8
5/12/2003,951.34
5/13/2003,957.5
5/14/2003,951.02
5/15/2003,950.96
5/16/2003,947.51
5/17/2003,947.51
5/18/2003,947.51
5/19/2003,943.46
5/20/2003,967.79
5/21/2003,964.96
5/22/2003,969.76
5/23/2003,963.06
5/24/2003,963.06
5/25/2003,963.06
5/26/2003,967.18
5/27/2003,977.97
5/28/2003,979.78
5/29/2003,979.19
5/30/2003,972
5/31/2003,972
6/1/2003,972
6/2/2003,982.64
6/3/2003,968.56
6/4/2003,970.57
6/5/2003,970.46
6/6/2003,963.96
6/7/2003,963.96
6/8/2003,963.96
6/9/2003,980.99
6/10/2003,966.94
6/11/2003,970.06
6/12/2003,968.69
6/13/2003,973.03
6/14/2003,973.03
6/15/2003,973.03
6/16/2003,973.42
6/17/2003,983.22
6/18/2003,980.86
6/19/2003,974.91
6/20/2003,963.81
6/21/2003,963.81
6/22/2003,963.81
6/23/2003,970.16
6/24/2003,957.56
6/25/2003,955.67
6/26/2003,952.54
6/27/2003,953.45
6/28/2003,953.45
6/29/2003,953.45
6/30/2003,946.49
7/1/2003,946.49
7/2/2003,953.49
7/3/2003,955.7
7/4/2003,953.24
7/5/2003,953.24
7/6/2003,953.24
7/7/2003,948.87
7/8/2003,947.46
7/9/2003,936.87
7/10/2003,937.64
7/11/2003,938.66
7/12/2003,937.11
7/13/2003,937.11
7/14/2003,937.11
7/15/2003,932.67
7/16/2003,934.02
7/17/2003,923.3
7/18/2003,928.51
7/19/2003,928.51
7/20/2003,928.51
7/21/2003,929.97
7/22/2003,933.35
7/23/2003,937.12
7/24/2003,939.81
7/25/2003,950.09
7/26/2003,950.09
7/27/2003,950.09
7/28/2003,949
7/29/2003,949.44
7/30/2003,951.15
7/31/2003,946.76
8/1/2003,938.42
8/2/2003,938.42
8/3/2003,938.42
8/4/2003,928.11
8/5/2003,932.21
8/6/2003,940.26
8/7/2003,944.39
8/8/2003,937.49
8/9/2003,937.49
8/10/2003,937.49
8/11/2003,940.79
8/12/2003,933.73
8/13/2003,939.93
8/14/2003,931.73
8/15/2003,936.41
8/16/2003,936.41
8/17/2003,936.41
8/18/2003,931.93
8/19/2003,930.19
8/20/2003,919.78
8/21/2003,919.13
8/22/2003,914.66
8/23/2003,914.66
8/24/2003,914.66
8/25/2003,903.81
8/26/2003,900.65
8/27/2003,897.56
8/28/2003,899.22
8/29/2003,898.77
8/30/2003,898.77
8/31/2003,898.77
9/1/2003,900.75
9/2/2003,909
9/3/2003,902.5
9/4/2003,892.96
9/5/2003,896.07
9/6/2003,896.07
9/7/2003,896.07
9/8/2003,905.52
9/9/2003,916.85
9/10/2003,919.4
9/11/2003,928.91
9/12/2003,931.89
9/13/2003,931.89
9/14/2003,931.89
9/15/2003,925.3
9/16/2003,933.5
9/17/2003,934.06
9/18/2003,924.27
9/19/2003,934.09
9/20/2003,934.09
9/21/2003,934.09
9/22/2003,932.2
9/23/2003,947
9/24/2003,949.79
9/25/2003,946.77
9/26/2003,949.96
9/27/2003,949.47
9/28/2003,945
9/29/2003,950.18
9/30/2003,947.62
10/1/2003,947.62
10/2/2003,947.62
10/3/2003,947.62
10/4/2003,947.62
10/5/2003,947.62
10/6/2003,947.62
10/7/2003,947.62
10/8/2003,961.97
10/9/2003,974.28
10/10/2003,979.74
10/11/2003,979.74
10/12/2003,979.74
10/13/2003,969.95
10/14/2003,975.22
10/15/2003,961.64
10/16/2003,969.39
10/17/2003,961.7
10/18/2003,961.7
10/19/2003,961.7
10/20/2003,959.16
10/21/2003,962.43
10/22/2003,962.96
10/23/2003,967.85
10/24/2003,977.73
10/25/2003,977.73
10/26/2003,977.73
10/27/2003,977
10/28/2003,975.14
10/29/2003,969.41
10/30/2003,967.32
10/31/2003,965.49
11/1/2003,965.49
11/2/2003,965.49
11/3/2003,961.54
11/4/2003,957.77
11/5/2003,946.96
11/6/2003,950.69
11/7/2003,947.06
11/8/2003,947.06
11/9/2003,947.06
11/10/2003,945.18
11/11/2003,954
11/12/2003,949.94
11/13/2003,954.18
11/14/2003,963.9
11/15/2003,963.9
11/16/2003,963.9
11/17/2003,974.71
11/18/2003,976.04
11/19/2003,974.52
11/20/2003,990.04
11/21/2003,985.8
11/22/2003,985.8
11/23/2003,985.8
11/24/2003,984.77
11/25/2003,985.88
11/26/2003,976.16
11/27/2003,976.22
11/28/2003,987.36
11/29/2003,987.36
11/30/2003,987.36
12/1/2003,986.23
12/2/2003,994.6
12/3/2003,990.52
12/4/2003,999.31
12/5/2003,1000.85
12/6/2003,1000.85
12/7/2003,1000.85
12/8/2003,1000.01
12/9/2003,1006.61
12/10/2003,1011.73
12/11/2003,1011.99
12/12/2003,1009.52
12/13/2003,1009.52
12/14/2003,1009.52
12/15/2003,1011.53
12/16/2003,1009.07
12/17/2003,1018.94
12/18/2003,1019.87
12/19/2003,1026.36
12/20/2003,1026.36
12/21/2003,1026.36
12/22/2003,1026.78
12/23/2003,1025.75
12/24/2003,1026.72
12/25/2003,1026.92
12/26/2003,1030.59
12/27/2003,1030.59
12/28/2003,1030.59
12/29/2003,1031.1
12/30/2003,1029.67
12/31/2003,1033.83
1/1/2004,1033.83
1/2/2004,1040.36
1/3/2004,1040.36
1/4/2004,1040.36
1/5/2004,1039.51
1/6/2004,1047.61
1/7/2004,1049.18
1/8/2004,1052.24
1/9/2004,1043
1/10/2004,1043
1/11/2004,1043
1/12/2004,1053.49
1/13/2004,1062.37
1/14/2004,1056.53
1/15/2004,1055.59
1/16/2004,1047.4
1/17/2004,1041.63
1/18/2004,1028.97
1/19/2004,1026.52
1/20/2004,1023.69
1/21/2004,1023.68
1/22/2004,1023.68
1/23/2004,1023.68
1/24/2004,1023.68
1/25/2004,1023.68
1/26/2004,1023.68
1/27/2004,1023.68
1/28/2004,1023.68
1/29/2004,1040.48
1/30/2004,1032.01
1/31/2004,1032.01
2/1/2004,1032.01
2/2/2004,1026.94
2/3/2004,1030.65
2/4/2004,1032.7
2/5/2004,1037.8
2/6/2004,1037.24
2/7/2004,1037.24
2/8/2004,1037.24
2/9/2004,1038.2
2/10/2004,1050.19
2/11/2004,1051.59
2/12/2004,1050.55
2/13/2004,1061.31
2/14/2004,1061.31
2/15/2004,1061.31
2/16/2004,1059.89
2/17/2004,1053.41
2/18/2004,1057.11
2/19/2004,1065.56
2/20/2004,1052.24
2/21/2004,1052.24
2/22/2004,1052.24
2/23/2004,1051.85
2/24/2004,1035.38
2/25/2004,1037.38
2/26/2004,1050.26
2/27/2004,1035.39
2/28/2004,1035.39
2/29/2004,1035.39
3/1/2004,1030.12
3/2/2004,1037.03
3/3/2004,1029.54
3/4/2004,1011.05
3/5/2004,1007.88
3/6/2004,1007.88
3/7/2004,1007.88
3/8/2004,1010.36
3/9/2004,1023.6
3/10/2004,1029.98
3/11/2004,1019.61
3/12/2004,1010.54
3/13/2004,1010.54
3/14/2004,1010.54
3/15/2004,1018.68
3/16/2004,1011.61
3/17/2004,1014.76
3/18/2004,1014.46
3/19/2004,1013.84
3/20/2004,1013.84
3/21/2004,1013.84
3/22/2004,1025.35
3/23/2004,1014.27
3/24/2004,1021.37
3/25/2004,1020.86
3/26/2004,1004.98
3/27/2004,1004.98
3/28/2004,1004.98
3/29/2004,1004.45
3/30/2004,1000.47
3/31/2004,1008.65
4/1/2004,1012.18
4/2/2004,1015.52
4/3/2004,1015.52
4/4/2004,1015.52
4/5/2004,1021.68
4/6/2004,1001.98
4/7/2004,994.86
4/8/2004,999.21
4/9/2004,1010.11
4/10/2004,1010.11
4/11/2004,1010.11
4/12/2004,1000.07
4/13/2004,999.14
4/14/2004,994.29
4/15/2004,987.28
4/16/2004,990.1
4/17/2004,990.1
4/18/2004,990.1
4/19/2004,991.85
4/20/2004,994.81
4/21/2004,990.8
4/22/2004,979.84
4/23/2004,978.88
4/24/2004,978.88
4/25/2004,978.88
4/26/2004,984.73
4/27/2004,976
4/28/2004,980.9
4/29/2004,985.7
4/30/2004,978.8
5/1/2004,978.8
5/2/2004,978.8
5/3/2004,978.8
5/4/2004,978.8
5/5/2004,978.8
5/6/2004,978.8
5/7/2004,978.8
5/8/2004,989.98
5/9/2004,985.12
5/10/2004,984.65
5/11/2004,981.56
5/12/2004,981.76
5/13/2004,980.88
5/14/2004,984.07
5/15/2004,984.07
5/16/2004,984.07
5/17/2004,978.09
5/18/2004,989.3
5/19/2004,991.95
5/20/2004,990.62
5/21/2004,991.55
5/22/2004,991.55
5/23/2004,991.55
5/24/2004,991.29
5/25/2004,989.34
5/26/2004,996.48
5/27/2004,1003.44
5/28/2004,1006.13
5/29/2004,1006.13
5/30/2004,1006.13
5/31/2004,1015.84
6/1/2004,1010.78
6/2/2004,1012.8
6/3/2004,1014.28
6/4/2004,1009.88
6/5/2004,1009.88
6/6/2004,1009.88
6/7/2004,1010.16
6/8/2004,1020.01
6/9/2004,1019.26
6/10/2004,1012
6/11/2004,997.22
6/12/2004,997.22
6/13/2004,997.22
6/14/2004,997.75
6/15/2004,990.48
6/16/2004,998.94
6/17/2004,1005.14
6/18/2004,992.84
6/19/2004,992.84
6/20/2004,992.84
6/21/2004,993.43
6/22/2004,1001.96
6/23/2004,1002.89
6/24/2004,1003.81
6/25/2004,998.19
6/26/2004,998.19
6/27/2004,998.19
6/28/2004,1005.8
6/29/2004,1004.23
6/30/2004,1007.38
7/1/2004,1000.21
7/2/2004,1007.89
7/3/2004,1007.89
7/4/2004,1007.89
7/5/2004,1006.57
7/6/2004,1019.58
7/7/2004,1017.5
7/8/2004,1017.39
7/9/2004,1022.87
7/10/2004,1022.87
7/11/2004,1022.87
7/12/2004,1027.26
7/13/2004,1025.59
7/14/2004,1024.42
7/15/2004,1021.23
7/16/2004,1022.54
7/17/2004,1022.54
7/18/2004,1022.54
7/19/2004,1022.78
7/20/2004,1030.26
7/21/2004,1028
7/22/2004,1019.33
7/23/2004,1014.72
7/24/2004,1014.72
7/25/2004,1014.72
7/26/2004,1013.66
7/27/2004,1003.92
7/28/2004,1004.28
7/29/2004,998.05
7/30/2004,998.34
7/31/2004,998.34
8/1/2004,998.34
8/2/2004,996.81
8/3/2004,997.41
8/4/2004,995.61
8/5/2004,997.46
8/6/2004,997.78
8/7/2004,997.78
8/8/2004,997.78
8/9/2004,998.61
8/10/2004,1015.45
8/11/2004,1016.05
8/12/2004,1013.06
8/13/2004,1012.52
8/14/2004,1012.52
8/15/2004,1012.52
8/16/2004,1012.39
8/17/2004,1023.49
8/18/2004,1022.71
8/19/2004,1021.36
8/20/2004,1020.99
8/21/2004,1020.99
8/22/2004,1020.99
8/23/2004,1023.51
8/24/2004,1017.38
8/25/2004,1005.68
8/26/2004,998.9
8/27/2004,999.6
8/28/2004,999.6
8/29/2004,999.6
8/30/2004,1002.5
8/31/2004,993.13
9/1/2004,998.75
9/2/2004,1007.45
9/3/2004,1008.75
9/4/2004,1008.75
9/5/2004,1008.75
9/6/2004,1007.19
9/7/2004,997.64
9/8/2004,997.82
9/9/2004,1001.28
9/10/2004,1008.4
9/11/2004,1008.4
9/12/2004,1008.4
9/13/2004,1012.99
9/14/2004,1014.73
9/15/2004,1015.48
9/16/2004,1013.15
9/17/2004,1005.64
9/18/2004,1005.64
9/19/2004,1005.64
9/20/2004,1008.52
9/21/2004,1006.28
9/22/2004,1007.61
9/23/2004,1019.67
9/24/2004,1015.27
9/25/2004,1015.27
9/26/2004,1015.27
9/27/2004,1015.36
9/28/2004,1016.07
9/29/2004,1017.38
9/30/2004,1019.7
10/1/2004,1019.7
10/2/2004,1019.7
10/3/2004,1019.7
10/4/2004,1019.7
10/5/2004,1019.7
10/6/2004,1019.7
10/7/2004,1019.7
10/8/2004,1020.2
10/9/2004,1019.68
10/10/2004,1027.3
10/11/2004,1024.96
10/12/2004,1026.43
10/13/2004,1022.89
10/14/2004,1019.03
10/15/2004,1020.17
10/16/2004,1026.06
10/17/2004,1026.06
10/18/2004,1026.06
10/19/2004,1032.52
10/20/2004,1031.04
10/21/2004,1036.96
10/22/2004,1041.56
10/23/2004,1041.56
10/24/2004,1041.56
10/25/2004,1044.92
10/26/2004,1055.86
10/27/2004,1059.66
10/28/2004,1055.84
10/29/2004,1052.54
10/30/2004,1052.54
10/31/2004,1052.54
11/1/2004,1054.56
11/2/2004,1057.74
11/3/2004,1054.56
11/4/2004,1051.54
11/5/2004,1061.27
11/6/2004,1061.27
11/7/2004,1061.27
11/8/2004,1066.09
11/9/2004,1072.37
11/10/2004,1068.96
11/11/2004,1068.88
11/12/2004,1066.11
11/13/2004,1066.11
11/14/2004,1066.11
11/15/2004,1069.17
11/16/2004,1073.38
11/17/2004,1070.55
11/18/2004,1074.03
11/19/2004,1079.64
11/20/2004,1072.54
11/21/2004,1072.54
11/22/2004,1072.54
11/23/2004,1079.06
11/24/2004,1076.68
11/25/2004,1083.54
11/26/2004,1090.17
11/27/2004,1090.17
11/28/2004,1090.17
11/29/2004,1097.34
11/30/2004,1097.64
12/1/2004,1096.07
12/2/2004,1102.51
12/3/2004,1106.3
12/4/2004,1098.78
12/5/2004,1098.78
12/6/2004,1098.78
12/7/2004,1111.38
12/8/2004,1112.43
12/9/2004,1109.54
12/10/2004,1102.06
12/11/2004,1102.06
12/12/2004,1102.06
12/13/2004,1097.19
12/14/2004,1098.03
12/15/2004,1101.36
12/16/2004,1102
12/17/2004,1109.95
12/18/2004,1109.95
12/19/2004,1109.95
12/20/2004,1096.81
12/21/2004,1105.94
12/22/2004,1108.69
12/23/2004,1104.83
12/24/2004,1110.67
12/25/2004,1110.67
12/26/2004,1110.67
12/27/2004,1117.48
12/28/2004,1119
12/29/2004,1125.55
12/30/2004,1124.77
12/31/2004,1126.27
1/1/2005,1126.27
1/2/2005,1126.27
1/3/2005,1126.27
1/4/2005,1125.88
1/5/2005,1114.74
1/6/2005,1100.17
1/7/2005,1097.65
1/8/2005,1097.65
1/9/2005,1097.65
1/10/2005,1091.3
1/11/2005,1081.9
1/12/2005,1085.06
1/13/2005,1085.88
1/14/2005,1096.59
1/15/2005,1096.59
1/16/2005,1096.59
1/17/2005,1088.31
1/18/2005,1085.15
1/19/2005,1078.47
1/20/2005,1077.83
1/21/2005,1076.63
1/22/2005,1076.63
1/23/2005,1076.63
1/24/2005,1072.78
1/25/2005,1080.24
1/26/2005,1078.38
1/27/2005,1074.25
1/28/2005,1082.72
1/29/2005,1082.72
1/30/2005,1082.72
1/31/2005,1078.33
2/1/2005,1077.84
2/2/2005,1079.67
2/3/2005,1081.8
2/4/2005,1077.68
2/5/2005,1072.93
2/6/2005,1065.22
2/7/2005,1062.01
2/8/2005,1063.74
2/9/2005,1063.74
2/10/2005,1063.74
2/11/2005,1063.74
2/12/2005,1063.74
2/13/2005,1063.74
2/14/2005,1063.74
2/15/2005,1063.74
2/16/2005,1056.2
2/17/2005,1076.96
2/18/2005,1079.24
2/19/2005,1079.24
2/20/2005,1079.24
2/21/2005,1081.47
2/22/2005,1080.82
2/23/2005,1081.81
2/24/2005,1096.19
2/25/2005,1094.96
2/26/2005,1094.96
2/27/2005,1094.96
2/28/2005,1092.08
3/1/2005,1097.58
3/2/2005,1091.34
3/3/2005,1089.64
3/4/2005,1087.25
3/5/2005,1087.25
3/6/2005,1087.25
3/7/2005,1084.98
3/8/2005,1095
3/9/2005,1094.06
3/10/2005,1104.04
3/11/2005,1109.1
3/12/2005,1109.1
3/13/2005,1109.1
3/14/2005,1111.28
3/15/2005,1111.7
3/16/2005,1105.39
3/17/2005,1101.01
3/18/2005,1109.41
3/19/2005,1109.41
3/20/2005,1109.41
3/21/2005,1106.7
3/22/2005,1099.7
3/23/2005,1089.31
3/24/2005,1081.78
3/25/2005,1074.64
3/26/2005,1074.64
3/27/2005,1074.64
3/28/2005,1071.05
3/29/2005,1067.97
3/30/2005,1070.71
3/31/2005,1071.8
4/1/2005,1069.18
4/2/2005,1069.18
4/3/2005,1069.18
4/4/2005,1072.75
4/5/2005,1067.16
4/6/2005,1061.18
4/7/2005,1065.36
4/8/2005,1066.65
4/9/2005,1066.65
4/10/2005,1066.65
4/11/2005,1061.75
4/12/2005,1069.86
4/13/2005,1073.55
4/14/2005,1069.88
4/15/2005,1065.45
4/16/2005,1065.45
4/17/2005,1065.45
4/18/2005,1060.1
4/19/2005,1069.96
4/20/2005,1077.54
4/21/2005,1081.15
4/22/2005,1083.99
4/23/2005,1083.99
4/24/2005,1083.99
4/25/2005,1079.73
4/26/2005,1077.35
4/27/2005,1075.48
4/28/2005,1071.67
4/29/2005,1069.53
4/30/2005,1069.55
5/1/2005,1069.55
5/2/2005,1069.55
5/3/2005,1069.55
5/4/2005,1069.55
5/5/2005,1069.55
5/6/2005,1069.55
5/7/2005,1069.55
5/8/2005,1066.88
5/9/2005,1063.31
5/10/2005,1060.07
5/11/2005,1062.7
5/12/2005,1065.39
5/13/2005,1058.34
5/14/2005,1058.34
5/15/2005,1058.34
5/16/2005,1049.28
5/17/2005,1042.22
5/18/2005,1044.82
5/19/2005,1043.7
5/20/2005,1048.78
5/21/2005,1048.78
5/22/2005,1048.78
5/23/2005,1046.22
5/24/2005,1039.25
5/25/2005,1040.93
5/26/2005,1040.98
5/27/2005,1042.19
5/28/2005,1036.06
5/29/2005,1036.06
5/30/2005,1036.06
5/31/2005,1037.22
6/1/2005,1025.75
6/2/2005,1020.31
6/3/2005,1013.01
6/4/2005,1013.01
6/5/2005,1013.01
6/6/2005,1015.92
6/7/2005,1014.25
6/8/2005,1016.04
6/9/2005,1018.78
6/10/2005,1012.47
6/11/2005,1012.47
6/12/2005,1012.47
6/13/2005,1011.79
6/14/2005,1000.8
6/15/2005,1003.89
6/16/2005,996.81
6/17/2005,999.4
6/18/2005,999.4
6/19/2005,999.4
6/20/2005,1002.06
6/21/2005,1011.53
6/22/2005,1004.7
6/23/2005,1007.16
6/24/2005,1003.13
6/25/2005,1003.13
6/26/2005,1003.13
6/27/2005,995
6/28/2005,1003.59
6/29/2005,1004.66
6/30/2005,996.1
7/1/2005,1000.07
7/2/2005,1000.07
7/3/2005,1000.07
7/4/2005,995.62
7/5/2005,986.95
7/6/2005,984.56
7/7/2005,986.75
7/8/2005,986.77
7/9/2005,986.77
7/10/2005,986.77
7/11/2005,986.56
7/12/2005,992.87
7/13/2005,1004.65
7/14/2005,1010.32
7/15/2005,999.26
7/16/2005,999.26
7/17/2005,999.26
7/18/2005,1000.54
7/19/2005,997.43
7/20/2005,994.81
7/21/2005,999.14
7/22/2005,1006.71
7/23/2005,1006.71
7/24/2005,1006.71
7/25/2005,1001.41
7/26/2005,988.22
7/27/2005,977.09
7/28/2005,974.31
7/29/2005,977.78
7/30/2005,977.78
7/31/2005,977.78
8/1/2005,982.21
8/2/2005,986.28
8/3/2005,988.88
8/4/2005,986.55
8/5/2005,999.4
8/6/2005,999.4
8/7/2005,999.4
8/8/2005,1002.17
8/9/2005,999.37
8/10/2005,1003.63
8/11/2005,1003.61
8/12/2005,1004.55
8/13/2005,1004.55
8/14/2005,1004.55
8/15/2005,1010.36
8/16/2005,1005.35
8/17/2005,1000.35
8/18/2005,995.16
8/19/2005,993.41
8/20/2005,993.41
8/21/2005,993.41
8/22/2005,987.06
8/23/2005,987.03
8/24/2005,988.38
8/25/2005,987.21
8/26/2005,966.61
8/27/2005,966.61
8/28/2005,966.61
8/29/2005,996.17
8/30/2005,997.51
8/31/2005,988.7
9/1/2005,986.74
9/2/2005,998.15
9/3/2005,998.15
9/4/2005,998.15
9/5/2005,1012.04
9/6/2005,1014.27
9/7/2005,1010.4
9/8/2005,1013.4
9/9/2005,1006.28
9/10/2005,1006.28
9/11/2005,1006.28
9/12/2005,1005.37
9/13/2005,996.69
9/14/2005,995.47
9/15/2005,994.69
9/16/2005,989.21
9/17/2005,989.21
9/18/2005,989.21
9/19/2005,992.98
9/20/2005,981.81
9/21/2005,983.08
9/22/2005,984.03
9/23/2005,987.69
9/24/2005,987.69
9/25/2005,987.69
9/26/2005,982.04
9/27/2005,974.11
9/28/2005,972.34
9/29/2005,972.85
9/30/2005,975.93
10/1/2005,975.93
10/2/2005,975.93
10/3/2005,975.93
10/4/2005,975.93
10/5/2005,975.93
10/6/2005,975.93
10/7/2005,975.93
10/8/2005,973.88
10/9/2005,980.83
10/10/2005,978.48
10/11/2005,981.2
10/12/2005,972.57
10/13/2005,967.76
10/14/2005,970.2
10/15/2005,970.2
10/16/2005,970.2
10/17/2005,972.05
10/18/2005,978.61
10/19/2005,971.08
10/20/2005,961.38
10/21/2005,967.84
10/22/2005,967.84
10/23/2005,967.84
10/24/2005,974.01
10/25/2005,966.26
10/26/2005,966.81
10/27/2005,979.57
10/28/2005,979.02
10/29/2005,979.02
10/30/2005,979.02
10/31/2005,982.56
11/1/2005,974.69
11/2/2005,968.67
11/3/2005,973.2
11/4/2005,974.7
11/5/2005,974.7
11/6/2005,974.7
11/7/2005,965.6
11/8/2005,956.76
11/9/2005,946.41
11/10/2005,950.91
11/11/2005,950.36
11/12/2005,950.36
11/13/2005,950.36
11/14/2005,947.39
11/15/2005,947.75
11/16/2005,945.05
11/17/2005,946.51
11/18/2005,944.06
11/19/2005,944.06
11/20/2005,944.06
11/21/2005,945.69
11/22/2005,951.55
11/23/2005,948.24
11/24/2005,956.38
11/25/2005,953.07
11/26/2005,953.07
11/27/2005,953.07
11/28/2005,951.01
11/29/2005,945.04
11/30/2005,954.53
12/1/2005,952.25
12/2/2005,951.55
12/3/2005,951.55
12/4/2005,951.55
12/5/2005,947.27
12/6/2005,945.23
12/7/2005,951.71
12/8/2005,950.69
12/9/2005,946.2
12/10/2005,946.2
12/11/2005,946.2
12/12/2005,953.11
12/13/2005,955.75
12/14/2005,965.15
12/15/2005,968.06
12/16/2005,967.21
12/17/2005,967.21
12/18/2005,967.21
12/19/2005,966.19
12/20/2005,969.61
12/21/2005,967.66
12/22/2005,958.77
12/23/2005,954.84
12/24/2005,954.84
12/25/2005,954.84
12/26/2005,959
12/27/2005,957.35
12/28/2005,955.71
12/29/2005,958.26
12/30/2005,956.24
12/31/2005,957.97
1/1/2006,957.97
1/2/2006,957.97
1/3/2006,957.97
1/4/2006,970.91
1/5/2006,976.97
1/6/2006,976.93
1/7/2006,976.93
1/8/2006,976.93
1/9/2006,980.25
1/10/2006,973.82
1/11/2006,973.29
1/12/2006,979.31
1/13/2006,970.98
1/14/2006,970.98
1/15/2006,970.98
1/16/2006,981.3
1/17/2006,974.82
1/18/2006,976.1
1/19/2006,975.9
1/20/2006,974.83
1/21/2006,974.83
1/22/2006,974.83
1/23/2006,985.64
1/24/2006,991.58
1/25/2006,989.57
1/26/2006,988.35
1/27/2006,984.47
1/28/2006,984.47
1/29/2006,984.47
1/30/2006,984.47
1/31/2006,984.47
2/1/2006,984.47
2/2/2006,984.47
2/3/2006,984.47
2/4/2006,984.47
2/5/2006,984.47
2/6/2006,969.67
2/7/2006,963.94
2/8/2006,964.38
2/9/2006,965.92
2/10/2006,964.03
2/11/2006,964.03
2/12/2006,964.03
2/13/2006,957.32
2/14/2006,957.38
2/15/2006,959.02
2/16/2006,956.34
2/17/2006,957.91
2/18/2006,957.91
2/19/2006,957.91
2/20/2006,961.45
2/21/2006,960.44
2/22/2006,958.75
2/23/2006,958.44
2/24/2006,958.89
2/25/2006,958.89
2/26/2006,958.89
2/27/2006,952.51
2/28/2006,951.88
3/1/2006,959.54
3/2/2006,957.98
3/3/2006,965.87
3/4/2006,965.87
3/5/2006,965.87
3/6/2006,971.15
3/7/2006,964.33
3/8/2006,955.65
3/9/2006,960.73
3/10/2006,957.33
3/11/2006,957.33
3/12/2006,957.33
3/13/2006,960.08
3/14/2006,964.12
3/15/2006,966.2
3/16/2006,968.89
3/17/2006,977.9
3/18/2006,977.9
3/19/2006,977.9
3/20/2006,977.35
3/21/2006,974.88
3/22/2006,970.93
3/23/2006,968.36
3/24/2006,961.67
3/25/2006,961.67
3/26/2006,961.67
3/27/2006,965.41
3/28/2006,963.28
3/29/2006,963.28
3/30/2006,966.18
3/31/2006,975.07
4/1/2006,975.07
4/2/2006,975.07
4/3/2006,970.13
4/4/2006,972.76
4/5/2006,981.33
4/6/2006,983.52
4/7/2006,978.03
4/8/2006,978.03
4/9/2006,978.03
4/10/2006,969.59
4/11/2006,968.92
4/12/2006,974.46
4/13/2006,970.59
4/14/2006,970.5
4/15/2006,970.5
4/16/2006,970.5
4/17/2006,975.4
4/18/2006,982.59
4/19/2006,990.46
4/20/2006,990.07
4/21/2006,987.2
4/22/2006,987.2
4/23/2006,987.2
4/24/2006,990.67
4/25/2006,992.08
4/26/2006,997.14
4/27/2006,999.44
4/28/2006,1005.2
4/29/2006,1005.2
4/30/2006,1005.2
5/1/2006,1005.2
5/2/2006,1005.2
5/3/2006,1005.2
5/4/2006,1005.2
5/5/2006,1005.2
5/6/2006,1005.2
5/7/2006,1005.2
5/8/2006,1018.96
5/9/2006,1016.57
5/10/2006,1021.15
5/11/2006,1021.2
5/12/2006,1029.46
5/13/2006,1029.46
5/14/2006,1029.46
5/15/2006,1033.49
5/16/2006,1026.51
5/17/2006,1027.99
5/18/2006,1021.92
5/19/2006,1029.81
5/20/2006,1029.81
5/21/2006,1029.81
5/22/2006,1022.51
5/23/2006,1030.27
5/24/2006,1024.65
5/25/2006,1024.48
5/26/2006,1026.31
5/27/2006,1026.31
5/28/2006,1026.31
5/29/2006,1023.09
5/30/2006,1023.9
5/31/2006,1030.16
6/1/2006,1025.97
6/2/2006,1027.99
6/3/2006,1027.99
6/4/2006,1027.99
6/5/2006,1036.3
6/6/2006,1033.5
6/7/2006,1028.19
6/8/2006,1025.24
6/9/2006,1013.65
6/10/2006,1013.65
6/11/2006,1013.65
6/12/2006,1012.13
6/13/2006,1007.84
6/14/2006,1004.15
6/15/2006,1007.67
6/16/2006,1011.33
6/17/2006,1011.33
6/18/2006,1011.33
6/19/2006,1009.18
6/20/2006,1005.22
6/21/2006,1007.56
6/22/2006,1012.85
6/23/2006,1006.36
6/24/2006,1006.36
6/25/2006,1006.36
6/26/2006,1001.48
6/27/2006,1008.84
6/28/2006,1006.23
6/29/2006,1003.52
6/30/2006,1013.13
7/1/2006,1013.13
7/2/2006,1013.13
7/3/2006,1021.65
7/4/2006,1023.23
7/5/2006,1021.91
7/6/2006,1017.17
7/7/2006,1020.89
7/8/2006,1020.89
7/9/2006,1020.89
7/10/2006,1022.1
7/11/2006,1018.28
7/12/2006,1020.38
7/13/2006,1015.73
7/14/2006,1013.64
7/15/2006,1013.64
7/16/2006,1013.64
7/17/2006,1010.62
7/18/2006,1001.58
7/19/2006,998.8
7/20/2006,1007.54
7/21/2006,1009.57
7/22/2006,1009.57
7/23/2006,1009.57
7/24/2006,1010.82
7/25/2006,1007.19
7/26/2006,1004.36
7/27/2006,1014.72
7/28/2006,1011.95
7/29/2006,1011.95
7/30/2006,1011.95
7/31/2006,1016.99
8/1/2006,1016.83
8/2/2006,1022.31
8/3/2006,1017.63
8/4/2006,1021.15
8/5/2006,1021.15
8/6/2006,1021.15
8/7/2006,1026.78
8/8/2006,1022.7
8/9/2006,1019.62
8/10/2006,1025.32
8/11/2006,1019.24
8/12/2006,1019.24
8/13/2006,1019.24
8/14/2006,1018.32
8/15/2006,1017.31
8/16/2006,1020.81
8/17/2006,1025.3
8/18/2006,1022.78
8/19/2006,1022.78
8/20/2006,1022.78
8/21/2006,1024
8/22/2006,1025.25
8/23/2006,1020.13
8/24/2006,1018.5
8/25/2006,1017.81
8/26/2006,1017.81
8/27/2006,1017.81
8/28/2006,1018.12
8/29/2006,1020.48
8/30/2006,1022.19
8/31/2006,1021.37
9/1/2006,1019.73
9/2/2006,1019.73
9/3/2006,1019.73
9/4/2006,1021.84
9/5/2006,1019.71
9/6/2006,1018.34
9/7/2006,1019.46
9/8/2006,1012.19
9/9/2006,1012.19
9/10/2006,1012.19
9/11/2006,1007.31
9/12/2006,1011.6
9/13/2006,1009.07
9/14/2006,1008.96
9/15/2006,1010.67
9/16/2006,1010.67
9/17/2006,1010.67
9/18/2006,1004.18
9/19/2006,1008.67
9/20/2006,1005.18
9/21/2006,1007.68
9/22/2006,1011.99
9/23/2006,1011.99
9/24/2006,1011.99
9/25/2006,1012.35
9/26/2006,1009.7
9/27/2006,1003.83
9/28/2006,1005.19
9/29/2006,1005.56
9/30/2006,1005.56
10/1/2006,1005.56
10/2/2006,1005.56
10/3/2006,1005.56
10/4/2006,1005.56
10/5/2006,1005.56
10/6/2006,1005.56
10/7/2006,1005.56
10/8/2006,1005.56
10/9/2006,996.13
10/10/2006,996.07
10/11/2006,992.65
10/12/2006,991.29
10/13/2006,993.42
10/14/2006,993.42
10/15/2006,993.42
10/16/2006,988.98
10/17/2006,992.22
10/18/2006,992.16
10/19/2006,991.35
10/20/2006,998.17
10/21/2006,998.17
10/22/2006,998.17
10/23/2006,996.69
10/24/2006,991.71
10/25/2006,992.55
10/26/2006,995.96
10/27/2006,1001.92
10/28/2006,1001.92
10/29/2006,1001.92
10/30/2006,1002.56
10/31/2006,1001.68
11/1/2006,1004.85
11/2/2006,1003.7
11/3/2006,1005.86
11/4/2006,1005.86
11/5/2006,1005.86
11/6/2006,1002.09
11/7/2006,1003.3
11/8/2006,1005.61
11/9/2006,1003.53
11/10/2006,1010.11
11/11/2006,1010.11
11/12/2006,1010.11
11/13/2006,1011.76
11/14/2006,1008.24
11/15/2006,1008.39
11/16/2006,1009.66
11/17/2006,1007.36
11/18/2006,1007.36
11/19/2006,1007.36
11/20/2006,1009.23
11/21/2006,1009.17
11/22/2006,1010.21
11/23/2006,1017.03
11/24/2006,1017.04
11/25/2006,1017.04
11/26/2006,1017.04
11/27/2006,1029.71
11/28/2006,1031.1
11/29/2006,1034.9
11/30/2006,1031.37
12/1/2006,1038.05
12/2/2006,1038.05
12/3/2006,1038.05
12/4/2006,1044.04
12/5/2006,1044.14
12/6/2006,1041.76
12/7/2006,1040.6
12/8/2006,1039.67
12/9/2006,1039.67
12/10/2006,1039.67
12/11/2006,1032.23
12/12/2006,1037.68
12/13/2006,1038.4
12/14/2006,1032.71
12/15/2006,1027.53
12/16/2006,1027.53
12/17/2006,1027.53
12/18/2006,1024.68
12/19/2006,1025.55
12/20/2006,1034.23
12/21/2006,1030.99
12/22/2006,1031.11
12/23/2006,1031.11
12/24/2006,1031.11
12/25/2006,1026.79
12/26/2006,1027.59
12/27/2006,1025.97
12/28/2006,1025.04
12/29/2006,1026.65
12/30/2006,1026.65
12/31/2006,1026.65
1/1/2007,1026.65
1/2/2007,1026.65
1/3/2007,1026.65
1/4/2007,1027.82
1/5/2007,1021.54
1/6/2007,1021.54
1/7/2007,1021.54
1/8/2007,1015.4
1/9/2007,1018.63
1/10/2007,1012.59
1/11/2007,1009.67
1/12/2007,1005.05
1/13/2007,1005.05
1/14/2007,1005.05
1/15/2007,1006.69
1/16/2007,1006.92
1/17/2007,1005.4
1/18/2007,1005.92
1/19/2007,1008.66
1/20/2007,1008.66
1/21/2007,1008.66
1/22/2007,1009.08
1/23/2007,1007.05
1/24/2007,1012.83
1/25/2007,1007.06
1/26/2007,1006.56
1/27/2007,1006.56
1/28/2007,1006.56
1/29/2007,1004.47
1/30/2007,1007.33
1/31/2007,1007.98
2/1/2007,1011.27
2/2/2007,1010.45
2/3/2007,1010.45
2/4/2007,1010.45
2/5/2007,1005.83
2/6/2007,1003.43
2/7/2007,1005.53
2/8/2007,1009.45
2/9/2007,1011.28
2/10/2007,1011.28
2/11/2007,1011.28
2/12/2007,1010.44
2/13/2007,1006.38
2/14/2007,1011.11
2/15/2007,1018.16
2/16/2007,1016.39
2/17/2007,1016.39
2/18/2007,1016.39
2/19/2007,1016.39
2/20/2007,1016.39
2/21/2007,1016.39
2/22/2007,1016.39
2/23/2007,1016.39
2/24/2007,1016.39
2/25/2007,1016.39
2/26/2007,1022.13
2/27/2007,1021.1
2/28/2007,1023.66
3/1/2007,1025.44
3/2/2007,1020.06
3/3/2007,1020.06
3/4/2007,1020.06
3/5/2007,1019.8
3/6/2007,1014.31
3/7/2007,1017.02
3/8/2007,1019.04
3/9/2007,1017.56
3/10/2007,1017.56
3/11/2007,1017.56
3/12/2007,1016.59
3/13/2007,1020.4
3/14/2007,1021.07
3/15/2007,1024.07
3/16/2007,1028.3
3/17/2007,1028.3
3/18/2007,1028.3
3/19/2007,1030.52
3/20/2007,1029.87
3/21/2007,1030.03
3/22/2007,1035.91
3/23/2007,1030.9
3/24/2007,1030.9
3/25/2007,1030.9
3/26/2007,1027.11
3/27/2007,1030.97
3/28/2007,1032.56
3/29/2007,1029.06
3/30/2007,1030.68
3/31/2007,1030.68
4/1/2007,1030.68
4/2/2007,1031.3
4/3/2007,1032.98
4/4/2007,1031.6
4/5/2007,1033.27
4/6/2007,1036.93
4/7/2007,1036.93
4/8/2007,1036.93
4/9/2007,1032.79
4/10/2007,1033.4
4/11/2007,1037.08
4/12/2007,1038.2
4/13/2007,1042.91
4/14/2007,1042.91
4/15/2007,1042.91
4/16/2007,1047.26
4/17/2007,1046.25
4/18/2007,1049.16
4/19/2007,1050.1
4/20/2007,1052.07
4/21/2007,1052.07
4/22/2007,1052.07
4/23/2007,1050.64
4/24/2007,1049.18
4/25/2007,1051.81
4/26/2007,1053.19
4/27/2007,1049.13
4/28/2007,1049.13
4/29/2007,1049.13
4/30/2007,1049.99
5/1/2007,1049.99
5/2/2007,1049.99
5/3/2007,1049.99
5/4/2007,1049.99
5/5/2007,1049.99
5/6/2007,1049.99
5/7/2007,1049.99
5/8/2007,1046.3
5/9/2007,1042.34
5/10/2007,1041.53
5/11/2007,1034.7
5/12/2007,1034.7
5/13/2007,1034.7
5/14/2007,1038.66
5/15/2007,1042.03
5/16/2007,1044.45
5/17/2007,1038.75
5/18/2007,1036.43
5/19/2007,1036.43
5/20/2007,1036.43
5/21/2007,1036.49
5/22/2007,1030.3
5/23/2007,1029.42
5/24/2007,1029.53
5/25/2007,1026.98
5/26/2007,1026.98
5/27/2007,1026.98
5/28/2007,1028.97
5/29/2007,1028.86
5/30/2007,1028.19
5/31/2007,1027.55
6/1/2007,1029.04
6/2/2007,1029.04
6/3/2007,1029.04
6/4/2007,1028.91
6/5/2007,1031.65
6/6/2007,1032.37
6/7/2007,1032.85
6/8/2007,1028.95
6/9/2007,1028.95
6/10/2007,1028.95
6/11/2007,1024.93
6/12/2007,1021.59
6/13/2007,1013.9
6/14/2007,1014.69
6/15/2007,1015.03
6/16/2007,1015.03
6/17/2007,1015.03
6/18/2007,1020.61
6/19/2007,1023.15
6/20/2007,1022.98
6/21/2007,1019.97
6/22/2007,1020.41
6/23/2007,1020.41
6/24/2007,1020.41
6/25/2007,1026.31
6/26/2007,1025.17
6/27/2007,1024.04
6/28/2007,1024.97
6/29/2007,1023.37
6/30/2007,1023.37
7/1/2007,1023.37
7/2/2007,1029.75
7/3/2007,1034.45
7/4/2007,1034.27
7/5/2007,1034.95
7/6/2007,1035.02
7/7/2007,1035.02
7/8/2007,1035.02
7/9/2007,1036.47
7/10/2007,1033.24
7/11/2007,1040.62
7/12/2007,1041.61
7/13/2007,1043.5
7/14/2007,1043.5
7/15/2007,1043.5
7/16/2007,1042.96
7/17/2007,1041.98
7/18/2007,1045.03
7/19/2007,1044.08
7/20/2007,1044.67
7/21/2007,1044.67
7/22/2007,1044.67
7/23/2007,1046.58
7/24/2007,1047.2
7/25/2007,1043.68
7/26/2007,1039.11
7/27/2007,1040.27
7/28/2007,1040.27
7/29/2007,1040.27
7/30/2007,1033.52
7/31/2007,1038.39
8/1/2007,1033.48
8/2/2007,1034.19
8/3/2007,1037.05
8/4/2007,1037.05
8/5/2007,1037.05
8/6/2007,1044.42
8/7/2007,1044.98
8/8/2007,1041.99
8/9/2007,1044.06
8/10/2007,1034.3
8/11/2007,1034.3
8/12/2007,1034.3
8/13/2007,1038.55
8/14/2007,1032.55
8/15/2007,1026.87
8/16/2007,1019.1
8/17/2007,1020
8/18/2007,1020
8/19/2007,1020
8/20/2007,1025.07
8/21/2007,1023.05
8/22/2007,1022.67
8/23/2007,1028.14
8/24/2007,1026.63
8/25/2007,1026.63
8/26/2007,1026.63
8/27/2007,1034.79
8/28/2007,1029.49
8/29/2007,1024.75
8/30/2007,1031.72
8/31/2007,1033.21
9/1/2007,1033.21
9/2/2007,1033.21
9/3/2007,1029.65
9/4/2007,1028.43
9/5/2007,1029.05
9/6/2007,1028.86
9/7/2007,1031.74
9/8/2007,1031.74
9/9/2007,1031.74
9/10/2007,1036.86
9/11/2007,1037.87
9/12/2007,1040.96
9/13/2007,1044.21
9/14/2007,1043.44
9/15/2007,1043.44
9/16/2007,1043.44
9/17/2007,1043.29
9/18/2007,1043.98
9/19/2007,1049.64
9/20/2007,1050.46
9/21/2007,1056.37
9/22/2007,1056.37
9/23/2007,1056.37
9/24/2007,1058.55
9/25/2007,1057.11
9/26/2007,1062.02
9/27/2007,1061.56
9/28/2007,1063.12
9/29/2007,1063.12
9/30/2007,1063.12
10/1/2007,1063.12
10/2/2007,1063.12
10/3/2007,1063.12
10/4/2007,1063.12
10/5/2007,1063.12
10/6/2007,1063.12
10/7/2007,1063.12
10/8/2007,1061.83
10/9/2007,1056.67
10/10/2007,1060.51
10/11/2007,1062.71
10/12/2007,1066.66
10/13/2007,1066.66
10/14/2007,1066.66
10/15/2007,1064.62
10/16/2007,1066.74
10/17/2007,1065.37
10/18/2007,1067.32
10/19/2007,1072.58
10/20/2007,1072.58
10/21/2007,1072.58
10/22/2007,1075.99
10/23/2007,1064.5
10/24/2007,1067.79
10/25/2007,1067.15
10/26/2007,1071.62
10/27/2007,1071.62
10/28/2007,1071.62
10/29/2007,1076.31
10/30/2007,1075.18
10/31/2007,1078.29
11/1/2007,1078.88
11/2/2007,1076.97
11/3/2007,1076.97
11/4/2007,1076.97
11/5/2007,1081.45
11/6/2007,1080.06
11/7/2007,1084.15
11/8/2007,1087.63
11/9/2007,1089.88
11/10/2007,1089.88
11/11/2007,1089.88
11/12/2007,1085.63
11/13/2007,1081.64
11/14/2007,1087.39
11/15/2007,1088.41
11/16/2007,1087.24
11/17/2007,1087.24
11/18/2007,1087.24
11/19/2007,1091.07
11/20/2007,1088.8
11/21/2007,1099.16
11/22/2007,1100.7
11/23/2007,1099.56
11/24/2007,1099.56
11/25/2007,1099.56
11/26/2007,1097
11/27/2007,1097.59
11/28/2007,1096.14
11/29/2007,1097.35
11/30/2007,1092.75
12/1/2007,1092.75
12/2/2007,1092.75
12/3/2007,1086.27
12/4/2007,1085.48
12/5/2007,1091.49
12/6/2007,1084.39
12/7/2007,1084.69
12/8/2007,1084.69
12/9/2007,1084.69
12/10/2007,1083.04
12/11/2007,1085.66
12/12/2007,1080
12/13/2007,1083.25
12/14/2007,1075.76
12/15/2007,1075.76
12/16/2007,1075.76
12/17/2007,1065.16
12/18/2007,1062.35
12/19/2007,1061.99
12/20/2007,1059.37
12/21/2007,1054.36
12/22/2007,1054.36
12/23/2007,1054.36
12/24/2007,1054.34
12/25/2007,1054.52
12/26/2007,1055.56
12/27/2007,1058
12/28/2007,1066.69
12/29/2007,1066.69
12/30/2007,1066.69
12/31/2007,1066.69
1/1/2008,1066.69
1/2/2008,1066.11
1/3/2008,1071.18
1/4/2008,1072.98
1/5/2008,1072.98
1/6/2008,1072.98
1/7/2008,1071.85
1/8/2008,1069.12
1/9/2008,1069.94
1/10/2008,1068.16
1/11/2008,1074.86
1/12/2008,1074.86
1/13/2008,1074.86
1/14/2008,1074.52
1/15/2008,1077.57
1/16/2008,1071.93
1/17/2008,1064.34
1/18/2008,1062.04
1/19/2008,1062.04
1/20/2008,1062.04
1/21/2008,1057.5
1/22/2008,1045.06
1/23/2008,1058.99
1/24/2008,1056.92
1/25/2008,1063.93
1/26/2008,1063.93
1/27/2008,1063.93
1/28/2008,1056
1/29/2008,1064.13
1/30/2008,1062.87
1/31/2008,1066.12
2/1/2008,1068.8
2/2/2008,1068.8
2/3/2008,1068.8
2/4/2008,1064.86
2/5/2008,1064.97
2/6/2008,1064.97
2/7/2008,1064.97
2/8/2008,1064.97
2/9/2008,1064.97
2/10/2008,1064.97
2/11/2008,1064.97
2/12/2008,1064.97
2/13/2008,1048.95
2/14/2008,1046.9
2/15/2008,1050.36
2/16/2008,1050.36
2/17/2008,1050.36
2/18/2008,1051.25
2/19/2008,1048.52
2/20/2008,1052.52
2/21/2008,1051.99
2/22/2008,1058.19
2/23/2008,1058.19
2/24/2008,1058.19
2/25/2008,1059.36
2/26/2008,1060.17
2/27/2008,1071.15
2/28/2008,1076.43
2/29/2008,1078.09
3/1/2008,1078.09
3/2/2008,1078.09
3/3/2008,1081.08
3/4/2008,1081.97
3/5/2008,1081.78
3/6/2008,1087.77
3/7/2008,1092.94
3/8/2008,1092.94
3/9/2008,1092.94
3/10/2008,1093.6
3/11/2008,1089.66
3/12/2008,1091.09
3/13/2008,1101.84
3/14/2008,1105.79
3/15/2008,1105.79
3/16/2008,1105.79
3/17/2008,1117.14
3/18/2008,1115.95
3/19/2008,1107.12
3/20/2008,1098.89
3/21/2008,1087.59
3/22/2008,1087.59
3/23/2008,1087.59
3/24/2008,1086.37
3/25/2008,1087
3/26/2008,1098.57
3/27/2008,1110.33
3/28/2008,1107.18
3/29/2008,1107.18
3/30/2008,1107.18
3/31/2008,1108.09
4/1/2008,1107.62
4/2/2008,1096.87
4/3/2008,1099.03
4/4/2008,1099.03
4/5/2008,1099.03
4/6/2008,1099.03
4/7/2008,1100.05
4/8/2008,1104.7
4/9/2008,1099.95
4/10/2008,1107.15
4/11/2008,1103.53
4/12/2008,1103.53
4/13/2008,1103.53
4/14/2008,1097.63
4/15/2008,1107.3
4/16/2008,1106.22
4/17/2008,1113.18
4/18/2008,1112.43
4/19/2008,1112.43
4/20/2008,1112.43
4/21/2008,1109.09
4/22/2008,1111.85
4/23/2008,1115.86
4/24/2008,1109.61
4/25/2008,1097.57
4/26/2008,1097.57
4/27/2008,1097.57
4/28/2008,1093.44
4/29/2008,1094.04
4/30/2008,1089.72
5/1/2008,1089.72
5/2/2008,1089.72
5/3/2008,1089.72
5/4/2008,1089.72
5/5/2008,1081.64
5/6/2008,1084.35
5/7/2008,1083.55
5/8/2008,1074.41
5/9/2008,1077.87
5/10/2008,1077.87
5/11/2008,1077.87
5/12/2008,1080.22
5/13/2008,1084.72
5/14/2008,1082.28
5/15/2008,1082.41
5/16/2008,1080.65
5/17/2008,1080.65
5/18/2008,1080.65
5/19/2008,1086.18
5/20/2008,1083.61
5/21/2008,1090.27
5/22/2008,1096.93
5/23/2008,1092.61
5/24/2008,1092.61
5/25/2008,1092.61
5/26/2008,1095.5
5/27/2008,1096.33
5/28/2008,1088.21
5/29/2008,1086.07
5/30/2008,1077.72
5/31/2008,1077.72
6/1/2008,1077.72
6/2/2008,1078.77
6/3/2008,1076.5
6/4/2008,1071.27
6/5/2008,1070.65
6/6/2008,1079.14
6/7/2008,1079.14
6/8/2008,1079.14
6/9/2008,1079.14
6/10/2008,1078.12
6/11/2008,1070.25
6/12/2008,1072.25
6/13/2008,1065.43
6/14/2008,1065.43
6/15/2008,1065.43
6/16/2008,1061.96
6/17/2008,1065.8
6/18/2008,1067.82
6/19/2008,1071.67
6/20/2008,1066.6
6/21/2008,1066.6
6/22/2008,1066.6
6/23/2008,1072.55
6/24/2008,1066.71
6/25/2008,1069.51
6/26/2008,1075.36
6/27/2008,1080.33
6/28/2008,1080.33
6/29/2008,1080.33
6/30/2008,1083.02
7/1/2008,1080.71
7/2/2008,1084.28
7/3/2008,1088.14
7/4/2008,1077.53
7/5/2008,1077.53
7/6/2008,1077.53
7/7/2008,1073.72
7/8/2008,1078.2
7/9/2008,1075.05
7/10/2008,1077.23
7/11/2008,1080.02
7/12/2008,1080.02
7/13/2008,1080.02
7/14/2008,1084.82
7/15/2008,1085.37
7/16/2008,1083.75
7/17/2008,1079.57
7/18/2008,1080.65
7/19/2008,1080.65
7/20/2008,1080.65
7/21/2008,1082.64
7/22/2008,1086.46
7/23/2008,1077.72
7/24/2008,1071.17
7/25/2008,1069.83
7/26/2008,1069.83
7/27/2008,1069.83
7/28/2008,1071.81
7/29/2008,1073.44
7/30/2008,1065.22
7/31/2008,1065.31
8/1/2008,1065.59
8/2/2008,1065.59
8/3/2008,1065.59
8/4/2008,1066.26
8/5/2008,1064.54
8/6/2008,1060.12
8/7/2008,1058.11
8/8/2008,1046.16
8/9/2008,1046.16
8/10/2008,1046.16
8/11/2008,1026.48
8/12/2008,1023.71
8/13/2008,1024.14
8/14/2008,1022.76
8/15/2008,1013.43
8/16/2008,1013.43
8/17/2008,1013.43
8/18/2008,1011.5
8/19/2008,1006.76
8/20/2008,1012.45
8/21/2008,1012.83
8/22/2008,1016.95
8/23/2008,1016.95
8/24/2008,1016.95
8/25/2008,1007.28
8/26/2008,1006.16
8/27/2008,1005.36
8/28/2008,1007.77
8/29/2008,1005.22
8/30/2008,1005.22
8/31/2008,1005.22
9/1/2008,1000.92
9/2/2008,996.67
9/3/2008,992.25
9/4/2008,992.42
9/5/2008,976.92
9/6/2008,976.92
9/7/2008,976.92
9/8/2008,982.88
9/9/2008,965.55
9/10/2008,965.07
9/11/2008,954.74
9/12/2008,958.31
9/13/2008,958.31
9/14/2008,958.31
9/15/2008,958.31
9/16/2008,970.43
9/17/2008,969.07
9/18/2008,979.98
9/19/2008,972.83
9/20/2008,972.83
9/21/2008,972.83
9/22/2008,988.12
9/23/2008,1007.96
9/24/2008,1000.51
9/25/2008,999.53
9/26/2008,999.97
9/27/2008,999.97
9/28/2008,999.97
9/29/2008,999.97
9/30/2008,999.97
10/1/2008,999.97
10/2/2008,999.97
10/3/2008,999.97
10/4/2008,999.97
10/5/2008,999.97
10/6/2008,933.03
10/7/2008,923.82
10/8/2008,928.42
10/9/2008,928.23
10/10/2008,926.34
10/11/2008,926.34
10/12/2008,926.34
10/13/2008,926.83
10/14/2008,930.94
10/15/2008,927.44
10/16/2008,920.1
10/17/2008,920.56
10/18/2008,920.56
10/19/2008,920.56
10/20/2008,919.62
10/21/2008,910.15
10/22/2008,890.15
10/23/2008,875.01
10/24/2008,879.45
10/25/2008,879.45
10/26/2008,879.45
10/27/2008,861.2
10/28/2008,848.9
10/29/2008,871.05
10/30/2008,892.97
10/31/2008,872.54
11/1/2008,872.54
11/2/2008,872.54
11/3/2008,873.37
11/4/2008,859.68
11/5/2008,883.78
11/6/2008,880.96
11/7/2008,864.97
11/8/2008,864.97
11/9/2008,864.97
11/10/2008,879.32
11/11/2008,866.83
11/12/2008,856.37
11/13/2008,850.82
11/14/2008,871.37
11/15/2008,871.37
11/16/2008,871.37
11/17/2008,856.86
11/18/2008,861.35
11/19/2008,862.34
11/20/2008,854.69
11/21/2008,849.9
11/22/2008,849.9
11/23/2008,849.9
11/24/2008,861.21
11/25/2008,878.75
11/26/2008,888.29
11/27/2008,879.81
11/28/2008,881.19
11/29/2008,881.19
11/30/2008,881.19
12/1/2008,867.2
12/2/2008,864.71
12/3/2008,869.02
12/4/2008,869.15
12/5/2008,872.87
12/6/2008,872.87
12/7/2008,872.87
12/8/2008,874.28
12/9/2008,884.68
12/10/2008,885.59
12/11/2008,891.56
12/12/2008,911.8
12/13/2008,911.8
12/14/2008,911.8
12/15/2008,920.89
12/16/2008,937.09
12/17/2008,960.6
12/18/2008,985.61
12/19/2008,975.69
12/20/2008,975.69
12/21/2008,975.69
12/22/2008,957.35
12/23/2008,955.57
12/24/2008,953.83
12/25/2008,956.78
12/26/2008,957.24
12/27/2008,957.24
12/28/2008,957.24
12/29/2008,965.06
12/30/2008,961.04
12/31/2008,965.9
1/1/2009,965.9
1/2/2009,965.9
1/3/2009,965.9
1/4/2009,965.9
1/5/2009,953.82
1/6/2009,929.27
1/7/2009,921.34
1/8/2009,927.95
1/9/2009,933.8
1/10/2009,933.8
1/11/2009,933.8
1/12/2009,916.59
1/13/2009,911.57
1/14/2009,903.79
1/15/2009,901.71
1/16/2009,899.27
1/17/2009,899.27
1/18/2009,899.27
1/19/2009,910.97
1/20/2009,889.38
1/21/2009,881.42
1/22/2009,887.62
1/23/2009,887.95
1/24/2009,887.95
1/25/2009,887.95
1/26/2009,887.95
1/27/2009,887.95
1/28/2009,887.95
1/29/2009,887.95
1/30/2009,887.95
1/31/2009,887.95
2/1/2009,887.95
2/2/2009,872.61
2/3/2009,878.4
2/4/2009,886.68
2/5/2009,875.93
2/6/2009,874.57
2/7/2009,874.57
2/8/2009,874.57
2/9/2009,886.52
2/10/2009,880.71
2/11/2009,880.62
2/12/2009,881.83
2/13/2009,880.45
2/14/2009,880.45
2/15/2009,880.45
2/16/2009,872.84
2/17/2009,872.41
2/18/2009,861.03
2/19/2009,859.67
2/20/2009,863.72
2/21/2009,863.72
2/22/2009,863.72
2/23/2009,873.96
2/24/2009,866.37
2/25/2009,878.85
2/26/2009,871.22
2/27/2009,868.04
2/28/2009,868.04
3/1/2009,868.04
3/2/2009,859.96
3/3/2009,859.62
3/4/2009,853.09
3/5/2009,862.22
3/6/2009,858.86
3/7/2009,858.86
3/8/2009,858.86
3/9/2009,868.72
3/10/2009,863.43
3/11/2009,869.78
3/12/2009,877.3
3/13/2009,882.57
3/14/2009,882.57
3/15/2009,882.57
3/16/2009,879.96
3/17/2009,886.13
3/18/2009,888.8
3/19/2009,918.96
3/20/2009,932.71
3/21/2009,932.71
3/22/2009,932.71
3/23/2009,931.46
3/24/2009,933.74
3/25/2009,920.31
3/26/2009,928.82
3/27/2009,926.58
3/28/2009,926.58
3/29/2009,926.58
3/30/2009,906.84
3/31/2009,903.23
4/1/2009,901.59
4/2/2009,905.28
4/3/2009,918.73
4/4/2009,918.73
4/5/2009,918.73
4/6/2009,918.73
4/7/2009,912.24
4/8/2009,903.03
4/9/2009,905.03
4/10/2009,896.1
4/11/2009,896.1
4/12/2009,896.1
4/13/2009,898.22
4/14/2009,910.35
4/15/2009,904.3
4/16/2009,905.57
4/17/2009,898.84
4/18/2009,898.84
4/19/2009,898.84
4/20/2009,887.12
4/21/2009,883.05
4/22/2009,882.79
4/23/2009,887.66
4/24/2009,896.42
4/25/2009,896.42
4/26/2009,896.42
4/27/2009,900.29
4/28/2009,888.69
4/29/2009,897.38
4/30/2009,908.37
5/1/2009,908.37
5/2/2009,908.37
5/3/2009,908.37
5/4/2009,908.69
5/5/2009,912.94
5/6/2009,907.35
5/7/2009,906.61
5/8/2009,912.11
5/9/2009,912.11
5/10/2009,912.11
5/11/2009,929.77
5/12/2009,927.34
5/13/2009,935.37
5/14/2009,925.95
5/15/2009,931.2
5/16/2009,931.2
5/17/2009,931.2
5/18/2009,917.78
5/19/2009,924.14
5/20/2009,928.86
5/21/2009,939.73
5/22/2009,951.22
5/23/2009,951.22
5/24/2009,951.22
5/25/2009,955.43
5/26/2009,956.4
5/27/2009,955
5/28/2009,955
5/29/2009,955
5/30/2009,955
5/31/2009,955
6/1/2009,963.75
6/2/2009,966.3
6/3/2009,976.21
6/4/2009,968.44
6/5/2009,969.42
6/6/2009,969.42
6/7/2009,969.42
6/8/2009,955.13
6/9/2009,952.03
6/10/2009,961.18
6/11/2009,957.01
6/12/2009,963.79
6/13/2009,963.79
6/14/2009,963.79
6/15/2009,954.89
6/16/2009,941.36
6/17/2009,945.38
6/18/2009,953.66
6/19/2009,950.17
6/20/2009,950.17
6/21/2009,950.17
6/22/2009,950.72
6/23/2009,946.39
6/24/2009,962.3
6/25/2009,953.76
6/26/2009,958.95
6/27/2009,958.95
6/28/2009,958.95
6/29/2009,958.68
6/30/2009,964.08
7/1/2009,959.11
7/2/2009,965
7/3/2009,954.61
7/4/2009,954.61
7/5/2009,954.61
7/6/2009,955.01
7/7/2009,954.82
7/8/2009,948.78
7/9/2009,949.07
7/10/2009,955.8
7/11/2009,955.8
7/12/2009,955.8
7/13/2009,954.64
7/14/2009,956.1
7/15/2009,955.4
7/16/2009,961.67
7/17/2009,964.74
7/18/2009,964.74
7/19/2009,964.74
7/20/2009,966.33
7/21/2009,971.01
7/22/2009,969.2
7/23/2009,971.09
7/24/2009,966.94
7/25/2009,966.94
7/26/2009,966.94
7/27/2009,970.16
7/28/2009,972.29
7/29/2009,968.69
7/30/2009,960.45
7/31/2009,962.5
8/1/2009,962.5
8/2/2009,962.5
8/3/2009,974.1
8/4/2009,983.15
8/5/2009,984.08
8/6/2009,984.33
8/7/2009,981.05
8/8/2009,981.05
8/9/2009,981.05
8/10/2009,970.68
8/11/2009,966.91
8/12/2009,968.16
8/13/2009,971.7
8/14/2009,976.44
8/15/2009,976.44
8/16/2009,976.44
8/17/2009,967.9
8/18/2009,964.43
8/19/2009,966.92
8/20/2009,971.38
8/21/2009,973.56
8/22/2009,973.56
8/23/2009,973.56
8/24/2009,980.27
8/25/2009,975.93
8/26/2009,976.43
8/27/2009,972.19
8/28/2009,981.16
8/29/2009,981.16
8/30/2009,981.16
8/31/2009,977.27
9/1/2009,978.85
9/2/2009,970.33
9/3/2009,974.5
9/4/2009,973.79
9/5/2009,973.79
9/6/2009,973.79
9/7/2009,978.64
9/8/2009,979.52
9/9/2009,990.3
9/10/2009,993.9
9/11/2009,995.62
9/12/2009,995.62
9/13/2009,995.62
9/14/2009,992.42
9/15/2009,999.64
9/16/2009,1002.33
9/17/2009,1004.28
9/18/2009,1005.84
9/19/2009,1005.84
9/20/2009,1005.84
9/21/2009,1004.26
9/22/2009,1004.16
9/23/2009,1009.59
9/24/2009,1006.62
9/25/2009,999.24
9/26/2009,999.24
9/27/2009,999.24
9/28/2009,1000.12
9/29/2009,997.24
9/30/2009,996.59
10/1/2009,996.59
10/2/2009,996.59
10/3/2009,996.59
10/4/2009,996.59
10/5/2009,996.59
10/6/2009,996.59
10/7/2009,996.59
10/8/2009,996.59
10/9/2009,1008.07
10/10/2009,1008.07
10/11/2009,1008.07
10/12/2009,1003.68
10/13/2009,1009.41
10/14/2009,1013.39
10/15/2009,1019.98
10/16/2009,1021.32
10/17/2009,1021.32
10/18/2009,1021.32
10/19/2009,1013.82
10/20/2009,1021.77
10/21/2009,1018.78
10/22/2009,1026.26
10/23/2009,1026.92
10/24/2009,1026.92
10/25/2009,1026.92
10/26/2009,1024.64
10/27/2009,1015.35
10/28/2009,1009.94
10/29/2009,1003.62
10/30/2009,1012.88
10/31/2009,1012.88
11/1/2009,1012.88
11/2/2009,1006.24
11/3/2009,1010.6
11/4/2009,1005.05
11/5/2009,1014.29
11/6/2009,1015.37
11/7/2009,1015.37
11/8/2009,1015.37
11/9/2009,1016.24
11/10/2009,1023.51
11/11/2009,1024.07
11/12/2009,1024.33
11/13/2009,1014.2
11/14/2009,1014.2
11/15/2009,1014.2
11/16/2009,1020.46
11/17/2009,1022.87
11/18/2009,1016.44
11/19/2009,1020.22
11/20/2009,1019.56
11/21/2009,1019.56
11/22/2009,1019.56
11/23/2009,1017.32
11/24/2009,1020.28
11/25/2009,1021.77
11/26/2009,1032.38
11/27/2009,1021.92
11/28/2009,1021.92
11/29/2009,1021.92
11/30/2009,1023.5
12/1/2009,1025.18
12/2/2009,1030.47
12/3/2009,1029.41
12/4/2009,1027.46
12/5/2009,1027.46
12/6/2009,1027.46
12/7/2009,1016.63
12/8/2009,1014.43
12/9/2009,1004.55
12/10/2009,1007.17
12/11/2009,1005.41
12/12/2009,1005.41
12/13/2009,1005.41
12/14/2009,999.26
12/15/2009,1000.1
12/16/2009,992.65
12/17/2009,991.88
12/18/2009,979.84
12/19/2009,979.84
12/20/2009,979.84
12/21/2009,978.73
12/22/2009,975.62
12/23/2009,973.19
12/24/2009,979.04
12/25/2009,981.57
12/26/2009,981.57
12/27/2009,981.57
12/28/2009,981.11
12/29/2009,980.97
12/30/2009,978.36
12/31/2009,979.71
1/1/2010,979.71
1/2/2010,979.71
1/3/2010,979.71
1/4/2010,976.35
1/5/2010,984.19
1/6/2010,978.99
1/7/2010,985.29
1/8/2010,976.9
1/9/2010,976.9
1/10/2010,976.9
1/11/2010,989.41
1/12/2010,989.73
1/13/2010,988.29
1/14/2010,992.2
1/15/2010,988.6
1/16/2010,988.6
1/17/2010,988.6
1/18/2010,979.84
1/19/2010,982.88
1/20/2010,975.35
1/21/2010,964.24
1/22/2010,963.03
1/23/2010,963.03
1/24/2010,963.03
1/25/2010,966.05
1/26/2010,967.34
1/27/2010,961
1/28/2010,956.72
1/29/2010,950.49
1/30/2010,950.49
1/31/2010,950.49
2/1/2010,947.7
2/2/2010,950.78
2/3/2010,953.62
2/4/2010,947.83
2/5/2010,937.61
2/6/2010,937.61
2/7/2010,937.61
2/8/2010,932.85
2/9/2010,932.34
2/10/2010,941.7
2/11/2010,940.11
2/12/2010,932.59
2/13/2010,932.59
2/14/2010,932.59
2/15/2010,932.59
2/16/2010,932.59
2/17/2010,932.59
2/18/2010,932.59
2/19/2010,932.59
2/20/2010,932.59
2/21/2010,932.59
2/22/2010,930.6
2/23/2010,928.98
2/24/2010,922.85
2/25/2010,923.32
2/26/2010,925.45
2/27/2010,925.45
2/28/2010,925.45
3/1/2010,931.4
3/2/2010,924.28
3/3/2010,930.81
3/4/2010,934.82
3/5/2010,927.46
3/6/2010,927.46
3/7/2010,927.46
3/8/2010,932.31
3/9/2010,930.14
3/10/2010,928.15
3/11/2010,931.04
3/12/2010,933.79
3/13/2010,933.79
3/14/2010,933.79
3/15/2010,938.83
3/16/2010,932.95
3/17/2010,939.97
3/18/2010,936.38
3/19/2010,929.67
3/20/2010,929.67
3/21/2010,929.67
3/22/2010,922.35
3/23/2010,924.66
3/24/2010,920.13
3/25/2010,910.36
3/26/2010,908.75
3/27/2010,908.75
3/28/2010,908.75
3/29/2010,917.19
3/30/2010,919.79
3/31/2010,915.88
4/1/2010,924.66
4/2/2010,926.94
4/3/2010,926.94
4/4/2010,926.94
4/5/2010,926.94
4/6/2010,918.06
4/7/2010,913.31
4/8/2010,910.47
4/9/2010,912.19
4/10/2010,912.19
4/11/2010,912.19
4/12/2010,930.81
4/13/2010,926.8
4/14/2010,931.18
4/15/2010,932.33
4/16/2010,924.56
4/17/2010,924.56
4/18/2010,924.56
4/19/2010,920.31
4/20/2010,921.31
4/21/2010,915.39
4/22/2010,914.14
4/23/2010,902.96
4/24/2010,902.96
4/25/2010,902.96
4/26/2010,914.45
4/27/2010,912.83
4/28/2010,899.17
4/29/2010,900.52
4/30/2010,903.8
5/1/2010,903.8
5/2/2010,903.8
5/3/2010,903.8
5/4/2010,901.44
5/5/2010,885.42
5/6/2010,876.47
5/7/2010,861.61
5/8/2010,861.61
5/9/2010,861.61
5/10/2010,877.91
5/11/2010,872.52
5/12/2010,862.64
5/13/2010,862.62
5/14/2010,855.77
5/15/2010,855.77
5/16/2010,855.77
5/17/2010,842.79
5/18/2010,843
5/19/2010,830.6
5/20/2010,842.91
5/21/2010,854.27
5/22/2010,854.27
5/23/2010,854.27
5/24/2010,854.04
5/25/2010,840.62
5/26/2010,840.97
5/27/2010,832.58
5/28/2010,842.39
5/29/2010,842.39
5/30/2010,842.39
5/31/2010,840.15
6/1/2010,836.55
6/2/2010,835.28
6/3/2010,837.52
6/4/2010,831.36
6/5/2010,831.36
6/6/2010,831.36
6/7/2010,813.01
6/8/2010,815.62
6/9/2010,815.01
6/10/2010,817.08
6/11/2010,827.03
6/12/2010,827.03
6/13/2010,827.03
6/14/2010,827.03
6/15/2010,827.03
6/16/2010,827.03
6/17/2010,838.78
6/18/2010,845.38
6/19/2010,845.38
6/20/2010,845.38
6/21/2010,848.25
6/22/2010,838.16
6/23/2010,835.07
6/24/2010,839.64
6/25/2010,835.39
6/26/2010,835.39
6/27/2010,835.39
6/28/2010,841.6
6/29/2010,833.93
6/30/2010,827.1
7/1/2010,829.33
7/2/2010,847.41
7/3/2010,847.41
7/4/2010,847.41
7/5/2010,849.1
7/6/2010,846.66
7/7/2010,854.62
7/8/2010,858.38
7/9/2010,858.84
7/10/2010,858.84
7/11/2010,858.84
7/12/2010,854.09
7/13/2010,854.71
7/14/2010,860.62
7/15/2010,861.8
7/16/2010,874.95
7/17/2010,874.95
7/18/2010,874.95
7/19/2010,873.54
7/20/2010,877.72
7/21/2010,874.27
7/22/2010,865.54
7/23/2010,874.56
7/24/2010,874.56
7/25/2010,874.56
7/26/2010,875.76
7/27/2010,879.7
7/28/2010,879.75
7/29/2010,880.65
7/30/2010,884.41
7/31/2010,884.41
8/1/2010,884.41
8/2/2010,886.2
8/3/2010,892.14
8/4/2010,895.19
8/5/2010,892.84
8/6/2010,892.82
8/7/2010,892.82
8/8/2010,892.82
8/9/2010,899.2
8/10/2010,894.06
8/11/2010,887.9
8/12/2010,876.03
8/13/2010,873.23
8/14/2010,873.23
8/15/2010,873.23
8/16/2010,867.54
8/17/2010,871.56
8/18/2010,873.3
8/19/2010,869.33
8/20/2010,869.56
8/21/2010,869.56
8/22/2010,869.56
8/23/2010,864.14
8/24/2010,859.24
8/25/2010,860.49
8/26/2010,860.82
8/27/2010,863.85
8/28/2010,863.85
8/29/2010,863.85
8/30/2010,866.94
8/31/2010,860.85
9/1/2010,863.33
9/2/2010,870.4
9/3/2010,870.94
9/4/2010,870.94
9/5/2010,870.94
9/6/2010,873.86
9/7/2010,867.39
9/8/2010,862.28
9/9/2010,863.28
9/10/2010,857.52
9/11/2010,857.52
9/12/2010,857.52
9/13/2010,862.56
9/14/2010,865.61
9/15/2010,874.99
9/16/2010,872.85
9/17/2010,877.54
9/18/2010,877.54
9/19/2010,877.54
9/20/2010,875.95
9/21/2010,875.22
9/22/2010,875.22
9/23/2010,875.22
9/24/2010,875.22
9/25/2010,875.22
9/26/2010,875.22
9/27/2010,904.15
9/28/2010,901.13
9/29/2010,909.19
9/30/2010,913.29
10/1/2010,913.29
10/2/2010,913.29
10/3/2010,913.29
10/4/2010,913.29
10/5/2010,913.29
10/6/2010,913.29
10/7/2010,913.29
10/8/2010,929.51
10/9/2010,929.51
10/10/2010,929.51
10/11/2010,932.15
10/12/2010,925.74
10/13/2010,929.4
10/14/2010,934.91
10/15/2010,932.59
10/16/2010,932.59
10/17/2010,932.59
10/18/2010,926.58
10/19/2010,930.14
10/20/2010,916.73
10/21/2010,929.93
10/22/2010,928.82
10/23/2010,928.82
10/24/2010,928.82
10/25/2010,933.57
10/26/2010,931.66
10/27/2010,927.27
10/28/2010,925.24
10/29/2010,931.16
10/30/2010,931.16
10/31/2010,931.16
11/1/2010,933.86
11/2/2010,930.69
11/3/2010,937.42
11/4/2010,941.25
11/5/2010,946.16
11/6/2010,946.16
11/7/2010,946.16
11/8/2010,937.62
11/9/2010,922.77
11/10/2010,914.19
11/11/2010,912.22
11/12/2010,904.56
11/13/2010,904.56
11/14/2010,904.56
11/15/2010,908.75
11/16/2010,902.53
11/17/2010,895.85
11/18/2010,901.5
11/19/2010,905.84
11/20/2010,905.84
11/21/2010,905.84
11/22/2010,912.58
11/23/2010,904.11
11/24/2010,892.49
11/25/2010,887.24
11/26/2010,887.92
11/27/2010,887.92
11/28/2010,887.92
11/29/2010,881.21
11/30/2010,876.45
12/1/2010,867.18
12/2/2010,874.82
12/3/2010,879.65
12/4/2010,879.65
12/5/2010,879.65
12/6/2010,889.67
12/7/2010,884.62
12/8/2010,883.46
12/9/2010,884.47
12/10/2010,881.2
12/11/2010,881.2
12/12/2010,881.2
12/13/2010,879.52
12/14/2010,890.02
12/15/2010,889.36
12/16/2010,881.21
12/17/2010,882.39
12/18/2010,882.39
12/19/2010,882.39
12/20/2010,874.86
12/21/2010,873.92
12/22/2010,872.81
12/23/2010,871.47
12/24/2010,870.56
12/25/2010,870.56
12/26/2010,870.56
12/27/2010,868.4
12/28/2010,877.24
12/29/2010,868.37
12/30/2010,876.77
12/31/2010,880.65
1/1/2011,880.65
1/2/2011,880.65
1/3/2011,880.65
1/4/2011,883.01
1/5/2011,881.23
1/6/2011,872.83
1/7/2011,862.76
1/8/2011,862.76
1/9/2011,862.76
1/10/2011,855.67
1/11/2011,856.74
1/12/2011,858.51
1/13/2011,866.84
1/14/2011,878.66
1/15/2011,878.66
1/16/2011,878.66
1/17/2011,880.61
1/18/2011,873.62
1/19/2011,882.53
1/20/2011,886.03
1/21/2011,887.65
1/22/2011,887.65
1/23/2011,887.65
1/24/2011,895.58
1/25/2011,898.72
1/26/2011,900.65
1/27/2011,903.16
1/28/2011,905.05
1/29/2011,905.05
1/30/2011,905.05
1/31/2011,895.52
2/1/2011,903.5
2/2/2011,903.5
2/3/2011,903.5
2/4/2011,903.5
2/5/2011,903.5
2/6/2011,903.5
2/7/2011,903.5
2/8/2011,903.5
2/9/2011,897.57
2/10/2011,902.92
2/11/2011,897.94
2/12/2011,897.94
2/13/2011,897.94
2/14/2011,892.08
2/15/2011,890.17
2/16/2011,889.54
2/17/2011,892.94
2/18/2011,895.44
2/19/2011,895.44
2/20/2011,895.44
2/21/2011,899.47
2/22/2011,896.57
2/23/2011,901.12
2/24/2011,906.46
2/25/2011,907.94
2/26/2011,907.94
2/27/2011,907.94
2/28/2011,902.05
3/1/2011,908.19
3/2/2011,905.35
3/3/2011,910.73
3/4/2011,916.6
3/5/2011,916.6
3/6/2011,916.6
3/7/2011,918.16
3/8/2011,917.42
3/9/2011,912.94
3/10/2011,914.23
3/11/2011,908.24
3/12/2011,908.24
3/13/2011,908.24
3/14/2011,915.12
3/15/2011,918.36
3/16/2011,918.34
3/17/2011,912.83
3/18/2011,920.07
3/19/2011,920.07
3/20/2011,920.07
3/21/2011,929.58
3/22/2011,932.98
3/23/2011,929.34
3/24/2011,925.38
3/25/2011,929.79
3/26/2011,929.79
3/27/2011,929.79
3/28/2011,921.28
3/29/2011,924.46
3/30/2011,925.55
3/31/2011,926.81
4/1/2011,928.29
4/2/2011,928.29
4/3/2011,928.29
4/4/2011,928.29
4/5/2011,928.29
4/6/2011,932.79
4/7/2011,936.97
4/8/2011,936.03
4/9/2011,936.03
4/10/2011,936.03
4/11/2011,945.31
4/12/2011,943.22
4/13/2011,946.71
4/14/2011,942.06
4/15/2011,946.11
4/16/2011,946.11
4/17/2011,946.11
4/18/2011,939.06
4/19/2011,930.2
4/20/2011,937.92
4/21/2011,950.27
4/22/2011,949.58
4/23/2011,949.58
4/24/2011,949.58
4/25/2011,951.09
4/26/2011,945.53
4/27/2011,955.25
4/28/2011,964.45
4/29/2011,963.48
4/30/2011,963.48
5/1/2011,963.48
5/2/2011,963.48
5/3/2011,961.64
5/4/2011,963.98
5/5/2011,964.13
5/6/2011,947.22
5/7/2011,947.22
5/8/2011,947.22
5/9/2011,935.11
5/10/2011,931.12
5/11/2011,935.19
5/12/2011,924.57
5/13/2011,924.57
5/14/2011,924.57
5/15/2011,924.57
5/16/2011,916.39
5/17/2011,922.16
5/18/2011,927.69
5/19/2011,929.11
5/20/2011,929.22
5/21/2011,929.22
5/22/2011,929.22
5/23/2011,917.77
5/24/2011,913.07
5/25/2011,913.67
5/26/2011,917.24
5/27/2011,918.24
5/28/2011,918.24
5/29/2011,918.24
5/30/2011,926.79
5/31/2011,932.15
6/1/2011,934.5
6/2/2011,931.11
6/3/2011,940.4
6/4/2011,940.4
6/5/2011,940.4
6/6/2011,940.4
6/7/2011,945.54
6/8/2011,950.58
6/9/2011,946.84
6/10/2011,942.7
6/11/2011,942.7
6/12/2011,942.7
6/13/2011,931.39
6/14/2011,932.63
6/15/2011,934.46
6/16/2011,919.62
6/17/2011,919.78
6/18/2011,919.78
6/19/2011,919.78
6/20/2011,922.56
6/21/2011,928.11
6/22/2011,929.49
6/23/2011,926.66
6/24/2011,923.38
6/25/2011,923.38
6/26/2011,923.38
6/27/2011,913.56
6/28/2011,925.38
6/29/2011,928.99
6/30/2011,936.12
7/1/2011,936.44
7/2/2011,936.44
7/3/2011,936.44
7/4/2011,941.14
7/5/2011,938.81
7/6/2011,934.65
7/7/2011,927.19
7/8/2011,928.65
7/9/2011,928.65
7/10/2011,928.65
7/11/2011,918.64
7/12/2011,907.99
7/13/2011,906.65
7/14/2011,919.96
7/15/2011,916.04
7/16/2011,916.04
7/17/2011,916.04
7/18/2011,910.57
7/19/2011,913.73
7/20/2011,914.07
7/21/2011,920.12
7/22/2011,928.15
7/23/2011,928.15
7/24/2011,928.15
7/25/2011,927.52
7/26/2011,926.69
7/27/2011,935.56
7/28/2011,926.04
7/29/2011,922.33
7/30/2011,922.33
7/31/2011,922.33
8/1/2011,925.99
8/2/2011,919.52
8/3/2011,914.32
8/4/2011,924.23
8/5/2011,908.37
8/6/2011,908.37
8/7/2011,908.37
8/8/2011,921.23
8/9/2011,910.92
8/10/2011,920.67
8/11/2011,907.2
8/12/2011,908.66
8/13/2011,908.66
8/14/2011,908.66
8/15/2011,914.55
8/16/2011,923.01
8/17/2011,919.59
8/18/2011,921.28
8/19/2011,916.2
8/20/2011,916.2
8/21/2011,916.2
8/22/2011,919.57
8/23/2011,919.17
8/24/2011,921.22
8/25/2011,921.51
8/26/2011,921.39
8/27/2011,921.39
8/28/2011,921.39
8/29/2011,924.87
8/30/2011,926.7
8/31/2011,921.22
9/1/2011,917.33
9/2/2011,912.31
9/3/2011,912.31
9/4/2011,912.31
9/5/2011,904.46
9/6/2011,899.72
9/7/2011,896.99
9/8/2011,898.82
9/9/2011,889.86
9/10/2011,889.86
9/11/2011,889.86
9/12/2011,889.86
9/13/2011,872.52
9/14/2011,875.85
9/15/2011,877.65
9/16/2011,883.62
9/17/2011,883.62
9/18/2011,883.62
9/19/2011,873.95
9/20/2011,870.84
9/21/2011,874.35
9/22/2011,865.33
9/23/2011,864.2
9/24/2011,864.2
9/25/2011,864.2
9/26/2011,856.34
9/27/2011,859.99
9/28/2011,863.24
9/29/2011,861.48
9/30/2011,863.28
10/1/2011,863.28
10/2/2011,863.28
10/3/2011,863.28
10/4/2011,863.28
10/5/2011,863.28
10/6/2011,863.28
10/7/2011,863.28
10/8/2011,863.28
10/9/2011,863.28
10/10/2011,853.45
10/11/2011,865.88
10/12/2011,865.6
10/13/2011,878.77
10/14/2011,875.61
10/15/2011,875.61
10/16/2011,875.61
10/17/2011,882.86
10/18/2011,877.41
10/19/2011,877.11
10/20/2011,876.27
10/21/2011,876.13
10/22/2011,876.13
10/23/2011,876.13
10/24/2011,880.15
10/25/2011,882.18
10/26/2011,883.78
10/27/2011,882.39
10/28/2011,897.26
10/29/2011,897.26
10/30/2011,897.26
10/31/2011,894.65
11/1/2011,876.83
11/2/2011,865.46
11/3/2011,865.94
11/4/2011,871.93
11/5/2011,871.93
11/6/2011,871.93
11/7/2011,871.38
11/8/2011,869.58
11/9/2011,873.99
11/10/2011,856.97
11/11/2011,860.35
11/12/2011,860.35
11/13/2011,860.35
11/14/2011,871.15
11/15/2011,864.6
11/16/2011,858.13
11/17/2011,854.22
11/18/2011,855.26
11/19/2011,855.26
11/20/2011,855.26
11/21/2011,859.2
11/22/2011,857.74
11/23/2011,858.78
11/24/2011,849.04
11/25/2011,846.41
11/26/2011,846.41
11/27/2011,846.41
11/28/2011,845.24
11/29/2011,845.55
11/30/2011,846.25
12/1/2011,851.46
12/2/2011,853.64
12/3/2011,853.64
12/4/2011,853.64
12/5/2011,849.38
12/6/2011,848.68
12/7/2011,849.13
12/8/2011,848.41
12/9/2011,845.21
12/10/2011,845.21
12/11/2011,845.21
12/12/2011,845.49
12/13/2011,835.23
12/14/2011,826.34
12/15/2011,823.93
12/16/2011,825.86
12/17/2011,825.86
12/18/2011,825.86
12/19/2011,824.74
12/20/2011,823.78
12/21/2011,829.05
12/22/2011,824.76
12/23/2011,825.51
12/24/2011,825.51
12/25/2011,825.51
12/26/2011,824.74
12/27/2011,824.32
12/28/2011,825.48
12/29/2011,814.98
12/30/2011,816.25
12/31/2011,816.25
1/1/2012,816.25
1/2/2012,816.25
1/3/2012,816.25
1/4/2012,822.04
1/5/2012,816.68
1/6/2012,807.77
1/7/2012,807.77
1/8/2012,807.77
1/9/2012,802.21
1/10/2012,806.5
1/11/2012,804.91
1/12/2012,803.72
1/13/2012,810.21
1/14/2012,810.21
1/15/2012,810.21
1/16/2012,801.04
1/17/2012,802.17
1/18/2012,806.53
1/19/2012,812.25
1/20/2012,818.65
1/21/2012,818.65
1/22/2012,818.65
1/23/2012,818.65
1/24/2012,818.65
1/25/2012,818.65
1/26/2012,818.65
1/27/2012,818.65
1/28/2012,818.65
1/29/2012,818.65
1/30/2012,831.99
1/31/2012,830.06
2/1/2012,825.36
2/2/2012,831.86
2/3/2012,828.75
2/4/2012,828.75
2/5/2012,828.75
2/6/2012,827.19
2/7/2012,828.15
2/8/2012,835.52
2/9/2012,834.08
2/10/2012,835.9
2/11/2012,835.9
2/12/2012,835.9
2/13/2012,831.61
2/14/2012,828.48
2/15/2012,826.2
2/16/2012,821.37
2/17/2012,826.58
2/18/2012,826.58
2/19/2012,826.58
2/20/2012,832.1
2/21/2012,832.24
2/22/2012,833.74
2/23/2012,834.75
2/24/2012,841.81
2/25/2012,841.81
2/26/2012,841.81
2/27/2012,847.68
2/28/2012,844.09
2/29/2012,847.99
3/1/2012,840.16
3/2/2012,838.99
3/3/2012,838.99
3/4/2012,838.99
3/5/2012,833.23
3/6/2012,835.07
3/7/2012,829.32
3/8/2012,831.13
3/9/2012,836.47
3/10/2012,836.47
3/11/2012,836.47
3/12/2012,829.53
3/13/2012,832.58
3/14/2012,827.73
3/15/2012,824.9
3/16/2012,826.5
3/17/2012,826.5
3/18/2012,826.5
3/19/2012,830.57
3/20/2012,834.47
3/21/2012,836.95
3/22/2012,833.39
3/23/2012,830.1
3/24/2012,830.1
3/25/2012,830.1
3/26/2012,834
3/27/2012,839.57
3/28/2012,838.81
3/29/2012,838.29
3/30/2012,839.44
3/31/2012,839.44
4/1/2012,839.44
4/2/2012,839.44
4/3/2012,839.44
4/4/2012,839.44
4/5/2012,828.5
4/6/2012,824.13
4/7/2012,824.13
4/8/2012,824.13
4/9/2012,823.46
4/10/2012,826.56
4/11/2012,823.83
4/12/2012,826.13
4/13/2012,829.41
4/14/2012,829.41
4/15/2012,829.41
4/16/2012,819.39
4/17/2012,824.98
4/18/2012,827.04
4/19/2012,826.45
4/20/2012,829.16
4/21/2012,829.16
4/22/2012,829.16
4/23/2012,831.05
4/24/2012,828.77
4/25/2012,830.49
4/26/2012,830.82
4/27/2012,829.32
4/28/2012,829.32
4/29/2012,829.32
4/30/2012,829.32
5/1/2012,829.32
5/2/2012,828.59
5/3/2012,824.68
5/4/2012,824.56
5/5/2012,824.56
5/6/2012,824.56
5/7/2012,815.74
5/8/2012,819.18
5/9/2012,816.65
5/10/2012,814.55
5/11/2012,814.57
5/12/2012,814.57
5/13/2012,814.57
5/14/2012,813.28
5/15/2012,809.99
5/16/2012,804.76
5/17/2012,805.37
5/18/2012,802.6
5/19/2012,802.6
5/20/2012,802.6
5/21/2012,807.47
5/22/2012,807.61
5/23/2012,799.8
5/24/2012,794.95
5/25/2012,793.6
5/26/2012,793.6
5/27/2012,793.6
5/28/2012,794.66
5/29/2012,791.88
5/30/2012,789.22
5/31/2012,783.51
6/1/2012,781.51
6/2/2012,781.51
6/3/2012,781.51
6/4/2012,781.51
6/5/2012,792.3
6/6/2012,788.42
6/7/2012,794.27
6/8/2012,792.22
6/9/2012,792.22
6/10/2012,792.22
6/11/2012,798.39
6/12/2012,790.11
6/13/2012,790.6
6/14/2012,793.62
6/15/2012,795.96
6/16/2012,795.96
6/17/2012,795.96
6/18/2012,801.05
6/19/2012,794.19
6/20/2012,797.88
6/21/2012,798.65
6/22/2012,798.65
6/23/2012,798.65
6/24/2012,798.65
6/25/2012,792.78
6/26/2012,791.12
6/27/2012,788.49
6/28/2012,789.4
6/29/2012,787.1
6/30/2012,787.1
7/1/2012,787.1
7/2/2012,797.69
7/3/2012,794.97
7/4/2012,794.76
7/5/2012,791.65
7/6/2012,783.56
7/7/2012,783.56
7/8/2012,783.56
7/9/2012,777.59
7/10/2012,777.46
7/11/2012,774.41
7/12/2012,773.4
7/13/2012,771.14
7/14/2012,771.14
7/15/2012,771.14
7/16/2012,773.63
7/17/2012,775.6
7/18/2012,776.4
7/19/2012,775.53
7/20/2012,773.22
7/21/2012,773.22
7/22/2012,773.22
7/23/2012,767.62
7/24/2012,768.08
7/25/2012,764.73
7/26/2012,769.13
7/27/2012,777.41
7/28/2012,777.41
7/29/2012,777.41
7/30/2012,778.34
7/31/2012,776.27
8/1/2012,778.37
8/2/2012,775.25
8/3/2012,771.96
8/4/2012,771.96
8/5/2012,771.96
8/6/2012,786.56
8/7/2012,784.72
8/8/2012,785.41
8/9/2012,784.38
8/10/2012,780.05
8/11/2012,780.05
8/12/2012,780.05
8/13/2012,778.57
8/14/2012,782.92
8/15/2012,782.57
8/16/2012,781.02
8/17/2012,783.88
8/18/2012,783.88
8/19/2012,783.88
8/20/2012,782.65
8/21/2012,783.37
8/22/2012,789.79
8/23/2012,793.38
8/24/2012,794.83
8/25/2012,794.83
8/26/2012,794.83
8/27/2012,793.26
8/28/2012,792.16
8/29/2012,796.16
8/30/2012,794.87
8/31/2012,793.78
9/1/2012,793.78
9/2/2012,793.78
9/3/2012,796.84
9/4/2012,798.33
9/5/2012,795.25
9/6/2012,799.36
9/7/2012,801.05
9/8/2012,801.05
9/9/2012,801.05
9/10/2012,810.47
9/11/2012,809.22
9/12/2012,814.4
9/13/2012,817.79
9/14/2012,822.46
9/15/2012,822.46
9/16/2012,822.46
9/17/2012,829.89
9/18/2012,829.7
9/19/2012,826.6
9/20/2012,827.2
9/21/2012,822.86
9/22/2012,822.86
9/23/2012,822.86
9/24/2012,823.01
9/25/2012,820.69
9/26/2012,818.64
9/27/2012,816.69
9/28/2012,818.85
9/29/2012,818.85
9/30/2012,818.85
10/1/2012,818.85
10/2/2012,818.85
10/3/2012,818.85
10/4/2012,818.85
10/5/2012,818.85
10/6/2012,818.85
10/7/2012,818.85
10/8/2012,825.2
10/9/2012,823.72
10/10/2012,816.3
10/11/2012,814.23
10/12/2012,818.6
10/13/2012,818.6
10/14/2012,818.6
10/15/2012,814.18
10/16/2012,818.45
10/17/2012,825.45
10/18/2012,825.98
10/19/2012,824
10/20/2012,824
10/21/2012,824
10/22/2012,822.04
10/23/2012,823.99
10/24/2012,818.76
10/25/2012,818
10/26/2012,815.51
10/27/2012,815.51
10/28/2012,815.51
10/29/2012,813.89
10/30/2012,813.98
10/31/2012,816.54
11/1/2012,816.92
11/2/2012,815.52
11/3/2012,815.52
11/4/2012,815.52
11/5/2012,809.44
11/6/2012,807.05
11/7/2012,806.66
11/8/2012,804.42
11/9/2012,802.62
11/10/2012,802.62
11/11/2012,802.62
11/12/2012,800.44
11/13/2012,798.87
11/14/2012,799.25
11/15/2012,800.43
11/16/2012,803.97
11/17/2012,803.97
11/18/2012,803.97
11/19/2012,802.96
11/20/2012,804.23
11/21/2012,806.01
11/22/2012,808.84
11/23/2012,809.82
11/24/2012,809.82
11/25/2012,809.82
11/26/2012,815.13
11/27/2012,816.73
11/28/2012,813.79
11/29/2012,814.21
11/30/2012,816.18
12/1/2012,816.18
12/2/2012,816.18
12/3/2012,817.71
12/4/2012,811.68
12/5/2012,823.83
12/6/2012,822.09
12/7/2012,815.98
12/8/2012,815.98
12/9/2012,815.98
12/10/2012,812.1
12/11/2012,814.16
12/12/2012,817.82
12/13/2012,821.96
12/14/2012,822.5
12/15/2012,822.5
12/16/2012,822.5
12/17/2012,827.69
12/18/2012,827.85
12/19/2012,831.48
12/20/2012,832.65
12/21/2012,831.7
12/22/2012,831.7
12/23/2012,831.7
12/24/2012,828.72
12/25/2012,829.65
12/26/2012,829.87
12/27/2012,832.94
12/28/2012,832.99
12/29/2012,832.99
12/30/2012,832.99
12/31/2012,831.76
1/1/2013,831.76
1/2/2013,831.76
1/3/2013,831.76
1/4/2013,819.83
1/5/2013,819.83
1/6/2013,819.83
1/7/2013,820.17
1/8/2013,823.77
1/9/2013,820.88
1/10/2013,819.95
1/11/2013,831.87
1/12/2013,831.87
1/13/2013,831.87
1/14/2013,837.73
1/15/2013,838.93
1/16/2013,834.67
1/17/2013,834.96
1/18/2013,839.03
1/19/2013,839.03
1/20/2013,839.03
1/21/2013,835.36
1/22/2013,835.5
1/23/2013,835.71
1/24/2013,835.27
1/25/2013,839.51
1/26/2013,839.51
1/27/2013,839.51
1/28/2013,845.53
1/29/2013,845.28
1/30/2013,847.22
1/31/2013,851.97
2/1/2013,855.09
2/2/2013,855.09
2/3/2013,855.09
2/4/2013,857.72
2/5/2013,848.13
2/6/2013,854.21
2/7/2013,849.85
2/8/2013,849.85
2/9/2013,849.85
2/10/2013,849.85
2/11/2013,849.85
2/12/2013,849.85
2/13/2013,849.85
2/14/2013,849.85
2/15/2013,849.85
2/16/2013,849.85
2/17/2013,849.85
2/18/2013,837.97
2/19/2013,838.31
2/20/2013,842.48
2/21/2013,834.88
2/22/2013,829.24
2/23/2013,829.24
2/24/2013,829.24
2/25/2013,829.39
2/26/2013,822.31
2/27/2013,820.53
2/28/2013,825.51
3/1/2013,820.49
3/2/2013,820.49
3/3/2013,820.49
3/4/2013,817.28
3/5/2013,818.06
3/6/2013,819.17
3/7/2013,814.79
3/8/2013,821.65
3/9/2013,821.65
3/10/2013,821.65
3/11/2013,815.4
3/12/2013,817.61
3/13/2013,817.23
3/14/2013,813.61
3/15/2013,815.71
3/16/2013,815.71
3/17/2013,815.71
3/18/2013,809.89
3/19/2013,813.12
3/20/2013,807.25
3/21/2013,811.39
3/22/2013,809.63
3/23/2013,809.63
3/24/2013,809.63
3/25/2013,817.03
3/26/2013,806.55
3/27/2013,806.98
3/28/2013,801.84
3/29/2013,803.83
3/30/2013,803.83
3/31/2013,803.83
4/1/2013,801.66
4/2/2013,805.29
4/3/2013,802.18
4/4/2013,802.18
4/5/2013,802.18
4/6/2013,802.18
4/7/2013,802.18
4/8/2013,813.79
4/9/2013,818
4/10/2013,818.16
4/11/2013,816.67
4/12/2013,819.48
4/13/2013,819.48
4/14/2013,819.48
4/15/2013,818.37
4/16/2013,814.14
4/17/2013,821.45
4/18/2013,813.56
4/19/2013,814.44
4/20/2013,814.44
4/21/2013,814.44
4/22/2013,815.3
4/23/2013,814.39
4/24/2013,811.09
4/25/2013,811.43
4/26/2013,809.17
4/27/2013,809.17
4/28/2013,809.17
4/29/2013,809.17
4/30/2013,809.17
5/1/2013,809.17
5/2/2013,817.84
5/3/2013,812.33
5/4/2013,812.33
5/5/2013,812.33
5/6/2013,815.56
5/7/2013,811.83
5/8/2013,810.54
5/9/2013,814.96
5/10/2013,807.67
5/11/2013,807.67
5/12/2013,807.67
5/13/2013,804.73
5/14/2013,807.45
5/15/2013,803.15
5/16/2013,800.17
5/17/2013,798.71
5/18/2013,798.71
5/19/2013,798.71
5/20/2013,795.28
5/21/2013,797.26
5/22/2013,800.42
5/23/2013,794.84
5/24/2013,799.07
5/25/2013,799.07
5/26/2013,799.07
5/27/2013,798.66
5/28/2013,796.93
5/29/2013,795.16
5/30/2013,799.73
5/31/2013,806.22
6/1/2013,806.22
6/2/2013,806.22
6/3/2013,803.63
6/4/2013,807.28
6/5/2013,807.07
6/6/2013,807.52
6/7/2013,815.88
6/8/2013,815.88
6/9/2013,815.88
6/10/2013,815.88
6/11/2013,815.88
6/12/2013,815.88
6/13/2013,823.04
6/14/2013,823.19
6/15/2013,823.19
6/16/2013,823.19
6/17/2013,821.66
6/18/2013,823.9
6/19/2013,826.26
6/20/2013,820.15
6/21/2013,816.39
6/22/2013,816.39
6/23/2013,816.39
6/24/2013,810.1
6/25/2013,810.6
6/26/2013,808.29
6/27/2013,804.57
6/28/2013,805.36
6/29/2013,805.36
6/30/2013,805.36
7/1/2013,804.24
7/2/2013,806.91
7/3/2013,801.52
7/4/2013,803.15
7/5/2013,797.06
7/6/2013,797.06
7/7/2013,797.06
7/8/2013,792.71
7/9/2013,793.08
7/10/2013,787.51
7/11/2013,807.04
7/12/2013,807.27
7/13/2013,807.27
7/14/2013,807.27
7/15/2013,805.29
7/16/2013,805.94
7/17/2013,810.2
7/18/2013,809.74
7/19/2013,808.35
7/20/2013,808.35
7/21/2013,808.35
7/22/2013,812.56
7/23/2013,813.82
7/24/2013,815.58
7/25/2013,814.94
7/26/2013,819.21
7/27/2013,819.21
7/28/2013,819.21
7/29/2013,819.91
7/30/2013,819.04
7/31/2013,819.25
8/1/2013,822.05
8/2/2013,816.32
8/3/2013,816.32
8/4/2013,816.32
8/5/2013,819.68
8/6/2013,819.31
8/7/2013,821.05
8/8/2013,823.03
8/9/2013,824.96
8/10/2013,824.96
8/11/2013,824.96
8/12/2013,822.15
8/13/2013,820.21
8/14/2013,818.5
8/15/2013,818.34
8/16/2013,823.52
8/17/2013,823.52
8/18/2013,823.52
8/19/2013,822.42
8/20/2013,822.95
8/21/2013,827.89
8/22/2013,822.9
8/23/2013,823.49
8/24/2013,823.49
8/25/2013,823.49
8/26/2013,825.8
8/27/2013,825.48
8/28/2013,825.38
8/29/2013,822.45
8/30/2013,816.93
8/31/2013,816.93
9/1/2013,816.93
9/2/2013,814.07
9/3/2013,814.03
9/4/2013,812.94
9/5/2013,814.42
9/6/2013,809.96
9/7/2013,809.96
9/8/2013,809.96
9/9/2013,812.53
9/10/2013,816.57
9/11/2013,817.6
9/12/2013,820.09
9/13/2013,818.65
9/14/2013,818.65
9/15/2013,818.65
9/16/2013,822.7
9/17/2013,820.71
9/18/2013,821.76
9/19/2013,821.76
9/20/2013,821.76
9/21/2013,821.76
9/22/2013,821.76
9/23/2013,831.94
9/24/2013,829.59
9/25/2013,828.64
9/26/2013,831.2
9/27/2013,829.35
9/28/2013,829.35
9/29/2013,829.35
9/30/2013,829.83
10/1/2013,829.83
10/2/2013,829.83
10/3/2013,829.83
10/4/2013,829.83
10/5/2013,829.83
10/6/2013,829.83
10/7/2013,829.83
10/8/2013,833.92
10/9/2013,834.07
10/10/2013,830.25
10/11/2013,831.19
10/12/2013,831.19
10/13/2013,831.19
10/14/2013,832.42
10/15/2013,832.26
10/16/2013,829.53
10/17/2013,831.38
10/18/2013,838.56
10/19/2013,838.56
10/20/2013,838.56
10/21/2013,839.02
10/22/2013,839.48
10/23/2013,845.16
10/24/2013,845.53
10/25/2013,845.94
10/26/2013,845.94
10/27/2013,845.94
10/28/2013,847.26
10/29/2013,845.38
10/30/2013,843.71
10/31/2013,843.33
11/1/2013,833.57
11/2/2013,833.57
11/3/2013,833.57
11/4/2013,829.85
11/5/2013,830.73
11/6/2013,828.28
11/7/2013,829.79
11/8/2013,822.8
11/9/2013,822.8
11/10/2013,822.8
11/11/2013,820.14
11/12/2013,822.38
11/13/2013,823.98
11/14/2013,826.92
11/15/2013,825.08
11/16/2013,825.08
11/17/2013,825.08
11/18/2013,826.76
11/19/2013,828.18
11/20/2013,830.84
11/21/2013,823.69
11/22/2013,827
11/23/2013,827
11/24/2013,827
11/25/2013,831.21
11/26/2013,830.01
11/27/2013,832.09
11/28/2013,832.15
11/29/2013,834.17
11/30/2013,834.17
12/1/2013,834.17
12/2/2013,833.86
12/3/2013,830.86
12/4/2013,832.91
12/5/2013,833.05
12/6/2013,836.77
12/7/2013,836.77
12/8/2013,836.77
12/9/2013,838.06
12/10/2013,839.49
12/11/2013,840.95
12/12/2013,841.95
12/13/2013,840.57
12/14/2013,840.57
12/15/2013,840.57
12/16/2013,840.24
12/17/2013,840.39
12/18/2013,841.32
12/19/2013,837.38
12/20/2013,834.5
12/21/2013,834.5
12/22/2013,834.5
12/23/2013,837.39
12/24/2013,837.14
12/25/2013,836.39
12/26/2013,836.09
12/27/2013,836.6
12/28/2013,836.6
12/29/2013,836.6
12/30/2013,838.84
12/31/2013,841.89
1/1/2014,841.89
1/2/2014,839.37
1/3/2014,834.13
1/4/2014,834.13
1/5/2014,834.13
1/6/2014,830.1
1/7/2014,831.48
1/8/2014,831.07
1/9/2014,829.59
1/10/2014,830.17
1/11/2014,830.17
1/12/2014,830.17
1/13/2014,832.79
1/14/2014,832.64
1/15/2014,834.03
1/16/2014,830.15
1/17/2014,831.04
1/18/2014,831.04
1/19/2014,831.04
1/20/2014,825.57
1/21/2014,827.05
1/22/2014,828.86
1/23/2014,826.93
1/24/2014,835.36
1/25/2014,835.36
1/26/2014,835.36
1/27/2014,834.75
1/28/2014,834.56
1/29/2014,833.98
1/30/2014,833.88
1/31/2014,833.88
2/1/2014,833.88
2/2/2014,833.88
2/3/2014,833.88
2/4/2014,833.88
2/5/2014,833.88
2/6/2014,833.88
2/7/2014,830.05
2/8/2014,830.05
2/9/2014,830.05
2/10/2014,832.1
2/11/2014,835.21
2/12/2014,832.62
2/13/2014,830.75
2/14/2014,835.35
2/15/2014,835.35
2/16/2014,835.35
2/17/2014,836.7
2/18/2014,836.61
2/19/2014,840.93
2/20/2014,839.6
2/21/2014,839.12
2/22/2014,839.12
2/23/2014,839.12
2/24/2014,840.83
2/25/2014,840.21
2/26/2014,841.05
2/27/2014,837.85
2/28/2014,838.97
3/1/2014,838.97
3/2/2014,838.97
3/3/2014,843.05
3/4/2014,841.05
3/5/2014,841.58
3/6/2014,841.01
3/7/2014,848.4
3/8/2014,848.4
3/9/2014,848.4
3/10/2014,851.29
3/11/2014,850.76
3/12/2014,850.06
3/13/2014,852.32
3/14/2014,850.22
3/15/2014,850.22
3/16/2014,850.22
3/17/2014,852.64
3/18/2014,854.63
3/19/2014,854.53
3/20/2014,849.53
3/21/2014,847.16
3/22/2014,847.16
3/23/2014,847.16
3/24/2014,847.52
3/25/2014,849.95
3/26/2014,849.13
3/27/2014,847.57
3/28/2014,845.06
3/29/2014,845.06
3/30/2014,845.06
3/31/2014,846.07
4/1/2014,847.11
4/2/2014,848.33
4/3/2014,846.85
4/4/2014,844.65
4/5/2014,844.65
4/6/2014,844.65
4/7/2014,844.65
4/8/2014,845.6
4/9/2014,847.73
4/10/2014,852.5
4/11/2014,854.38
4/12/2014,854.38
4/13/2014,854.38
4/14/2014,852.11
4/15/2014,850.82
4/16/2014,850.64
4/17/2014,851.8
4/18/2014,850.66
4/19/2014,850.66
4/20/2014,850.66
4/21/2014,850.66
4/22/2014,849.69
4/23/2014,850.28
4/24/2014,851.07
4/25/2014,851.5
4/26/2014,851.5
4/27/2014,851.5
4/28/2014,850.67
4/29/2014,852.89
4/30/2014,850.33
5/1/2014,850.33
5/2/2014,850.33
5/3/2014,850.33
5/4/2014,850.33
5/5/2014,853.74
5/6/2014,854.28
5/7/2014,857.56
5/8/2014,856.29
5/9/2014,852.13
5/10/2014,852.13
5/11/2014,852.13
5/12/2014,847.5
5/13/2014,848.45
5/14/2014,844.68
5/15/2014,845.55
5/16/2014,845.07
5/17/2014,845.07
5/18/2014,845.07
5/19/2014,844.57
5/20/2014,844.98
5/21/2014,844.81
5/22/2014,843.51
5/23/2014,841.61
5/24/2014,841.61
5/25/2014,841.61
5/26/2014,840.37
5/27/2014,843.05
5/28/2014,840.98
5/29/2014,839.1
5/30/2014,839.21
5/31/2014,839.21
6/1/2014,839.21
6/2/2014,839.21
6/3/2014,839.41
6/4/2014,840.1
6/5/2014,839.32
6/6/2014,841.86
6/7/2014,841.86
6/8/2014,841.86
6/9/2014,838.99
6/10/2014,835.03
6/11/2014,832.27
6/12/2014,832.96
6/13/2014,833.58
6/14/2014,833.58
6/15/2014,833.58
6/16/2014,833.4
6/17/2014,835.53
6/18/2014,834.03
6/19/2014,836.18
6/20/2014,837.43
6/21/2014,837.43
6/22/2014,837.43
6/23/2014,836.65
6/24/2014,837.04
6/25/2014,837.36
6/26/2014,838.92
6/27/2014,837.94
6/28/2014,837.94
6/29/2014,837.94
6/30/2014,839.46
7/1/2014,842.34
7/2/2014,841.96
7/3/2014,840.86
7/4/2014,838.73
7/5/2014,838.73
7/6/2014,838.73
7/7/2014,837.5
7/8/2014,838.58
7/9/2014,838.3
7/10/2014,838.48
7/11/2014,835.89
7/12/2014,835.89
7/13/2014,835.89
7/14/2014,836.23
7/15/2014,837.46
7/16/2014,834.75
7/17/2014,832.99
7/18/2014,832.43
7/19/2014,832.43
7/20/2014,832.43
7/21/2014,832.7
7/22/2014,832.41
7/23/2014,829.34
7/24/2014,828.76
7/25/2014,829.5
7/26/2014,829.5
7/27/2014,829.5
7/28/2014,827.58
7/29/2014,828.01
7/30/2014,826.75
7/31/2014,826.23
8/1/2014,825.88
8/2/2014,825.88
8/3/2014,825.88
8/4/2014,827.95
8/5/2014,827.38
8/6/2014,824.58
8/7/2014,825.36
8/8/2014,822.07
8/9/2014,822.07
8/10/2014,822.07
8/11/2014,824.67
8/12/2014,822.94
8/13/2014,822.36
8/14/2014,822.46
8/15/2014,822.24
8/16/2014,822.24
8/17/2014,822.24
8/18/2014,823.77
8/19/2014,821.94
8/20/2014,820.15
8/21/2014,817.02
8/22/2014,817.93
8/23/2014,817.93
8/24/2014,817.93
8/25/2014,813.79
8/26/2014,813.24
8/27/2014,811.2
8/28/2014,813.41
8/29/2014,812.6
8/30/2014,812.6
8/31/2014,812.6
9/1/2014,809.58
9/2/2014,810
9/3/2014,810.3
9/4/2014,810.75
9/5/2014,797.84
9/6/2014,797.84
9/7/2014,797.84
9/8/2014,797.84
9/9/2014,793.33
9/10/2014,795.24
9/11/2014,794.19
9/12/2014,794.01
9/13/2014,794.01
9/14/2014,794.01
9/15/2014,795.96
9/16/2014,795.59
9/17/2014,795.99
9/18/2014,790.42
9/19/2014,793.35
9/20/2014,793.35
9/21/2014,793.35
9/22/2014,789.99
9/23/2014,789.8
9/24/2014,789.88
9/25/2014,785.81
9/26/2014,784.69
9/27/2014,784.69
9/28/2014,784.69
9/29/2014,780.62
9/30/2014,780.49
10/1/2014,780.49
10/2/2014,780.49
10/3/2014,780.49
10/4/2014,780.49
10/5/2014,780.49
10/6/2014,780.49
10/7/2014,780.49
10/8/2014,778.12
10/9/2014,782.31
10/10/2014,780.18
10/11/2014,780.18
10/12/2014,780.18
10/13/2014,776.72
10/14/2014,780.76
10/15/2014,776.37
10/16/2014,787.49
10/17/2014,786.16
10/18/2014,786.16
10/19/2014,786.16
10/20/2014,783.12
10/21/2014,785.42
10/22/2014,780.61
10/23/2014,776.54
10/24/2014,777.11
10/25/2014,777.11
10/26/2014,777.11
10/27/2014,779
10/28/2014,780.02
10/29/2014,781.24
10/30/2014,773.66
10/31/2014,773.77
11/1/2014,773.77
11/2/2014,773.77
11/3/2014,766.96
11/4/2014,767.91
11/5/2014,770.66
11/6/2014,766.9
11/7/2014,761.83
11/8/2014,761.83
11/9/2014,761.83
11/10/2014,766.03
11/11/2014,762.72
11/12/2014,764.74
11/13/2014,763.83
11/14/2014,765.26
11/15/2014,765.26
11/16/2014,765.26
11/17/2014,769.55
11/18/2014,765.11
11/19/2014,768.56
11/20/2014,769.54
11/21/2014,769.99
11/22/2014,769.99
11/23/2014,769.99
11/24/2014,760.39
11/25/2014,763.25
11/26/2014,765.61
11/27/2014,766.82
11/28/2014,764.08
11/29/2014,764.08
11/30/2014,764.08
12/1/2014,763.35
12/2/2014,765.37
12/3/2014,760.37
12/4/2014,756.24
12/5/2014,760.53
12/6/2014,760.53
12/7/2014,760.53
12/8/2014,755.47
12/9/2014,755.01
12/10/2014,759.66
12/11/2014,764.32
12/12/2014,761.2
12/13/2014,761.2
12/14/2014,761.2
12/15/2014,763.86
12/16/2014,762.66
12/17/2014,766.12
12/18/2014,756.53
12/19/2014,755.11
12/20/2014,755.11
12/21/2014,755.11
12/22/2014,751.1
12/23/2014,750.55
12/24/2014,748.48
12/25/2014,748.24
12/26/2014,748.97
12/27/2014,748.97
12/28/2014,748.97
12/29/2014,747.62
12/30/2014,746.4
12/31/2014,745.56
1/1/2015,745.56
1/2/2015,745.56
1/3/2015,745.56
1/4/2015,745.56
1/5/2015,734.61
1/6/2015,733.03
1/7/2015,728.85
1/8/2015,727.18
1/9/2015,724.77
1/10/2015,724.77
1/11/2015,724.77
1/12/2015,727.96
1/13/2015,725.73
1/14/2015,722.2
1/15/2015,722.25
1/16/2015,712.44
1/17/2015,712.44
1/18/2015,712.44
1/19/2015,709.1
1/20/2015,711.43
1/21/2015,713.91
1/22/2015,712.04
1/23/2015,697.95
1/24/2015,697.95
1/25/2015,697.95
1/26/2015,687.44
1/27/2015,691.46
1/28/2015,698.03
1/29/2015,694.26
1/30/2015,696.78
1/31/2015,696.78
2/1/2015,696.78
2/2/2015,696.26
2/3/2015,698.32
2/4/2015,704.89
2/5/2015,697.48
2/6/2015,705.31
2/7/2015,705.31
2/8/2015,705.31
2/9/2015,696.37
2/10/2015,696.98
2/11/2015,696.12
2/12/2015,695.8
2/13/2015,700.59
2/14/2015,700.59
2/15/2015,700.59
2/16/2015,701.89
2/17/2015,699.02
2/18/2015,699.02
2/19/2015,699.02
2/20/2015,699.02
2/21/2015,699.02
2/22/2015,699.02
2/23/2015,699.02
2/24/2015,699.02
2/25/2015,699.6
2/26/2015,700.41
2/27/2015,692.56
2/28/2015,692.56
3/1/2015,692.56
3/2/2015,689.07
3/3/2015,690.14
3/4/2015,689.9
3/5/2015,684.27
3/6/2015,680.61
3/7/2015,680.61
3/8/2015,680.61
3/9/2015,670.12
3/10/2015,668.8
3/11/2015,661.01
3/12/2015,651.86
3/13/2015,655.49
3/14/2015,655.49
3/15/2015,655.49
3/16/2015,648.52
3/17/2015,652.01
3/18/2015,653.95
3/19/2015,669.25
3/20/2015,657.18
3/21/2015,657.18
3/22/2015,657.18
3/23/2015,664.99
3/24/2015,672.96
3/25/2015,671.63
3/26/2015,674.67
3/27/2015,669.71
3/28/2015,669.71
3/29/2015,669.71
3/30/2015,668.9
3/31/2015,666.48
4/1/2015,661.47
4/2/2015,661.64
4/3/2015,667.97
4/4/2015,667.97
4/5/2015,667.97
4/6/2015,667.97
4/7/2015,671.42
4/8/2015,665.38
4/9/2015,662.18
4/10/2015,655.87
4/11/2015,655.87
4/12/2015,655.87
4/13/2015,653.16
4/14/2015,651.63
4/15/2015,654.03
4/16/2015,658.14
4/17/2015,661.25
4/18/2015,661.25
4/19/2015,661.25
4/20/2015,663.25
4/21/2015,659.42
4/22/2015,658.61
4/23/2015,657.94
4/24/2015,663.8
4/25/2015,663.8
4/26/2015,663.8
4/27/2015,666.62
4/28/2015,667.43
4/29/2015,672.79
4/30/2015,680.82
5/1/2015,680.82
5/2/2015,680.82
5/3/2015,680.82
5/4/2015,685.72
5/5/2015,683.79
5/6/2015,685.39
5/7/2015,694.26
5/8/2015,689.36
5/9/2015,689.36
5/10/2015,689.36
5/11/2015,685.89
5/12/2015,683.09
5/13/2015,687.68
5/14/2015,694.72
5/15/2015,697.9
5/16/2015,697.9
5/17/2015,697.9
5/18/2015,700.22
5/19/2015,693.65
5/20/2015,682.33
5/21/2015,680.83
5/22/2015,681.04
5/23/2015,681.04
5/24/2015,681.04
5/25/2015,673.49
5/26/2015,671.38
5/27/2015,667.35
5/28/2015,668.82
5/29/2015,671.89
5/30/2015,671.89
5/31/2015,671.89
6/1/2015,671.3
6/2/2015,670.25
6/3/2015,682.98
6/4/2015,690.05
6/5/2015,687.44
6/6/2015,687.44
6/7/2015,687.44
6/8/2015,681.14
6/9/2015,691.46
6/10/2015,692.49
6/11/2015,693.04
6/12/2015,689.63
6/13/2015,689.63
6/14/2015,689.63
6/15/2015,688.16
6/16/2015,691.04
6/17/2015,689.31
6/18/2015,696.23
6/19/2015,696.98
6/20/2015,696.98
6/21/2015,696.98
6/22/2015,696.98
6/23/2015,695.81
6/24/2015,685.04
6/25/2015,686.63
6/26/2015,687.7
6/27/2015,687.7
6/28/2015,687.7
6/29/2015,675.63
6/30/2015,686.99
7/1/2015,682.4
7/2/2015,677.04
7/3/2015,679.72
7/4/2015,679.72
7/5/2015,679.72
7/6/2015,676.51
7/7/2015,677.7
7/8/2015,674.59
7/9/2015,678.78
7/10/2015,678.29
7/11/2015,678.29
7/12/2015,678.29
7/13/2015,682.59
7/14/2015,673.68
7/15/2015,674.27
7/16/2015,671.43
7/17/2015,667.27
7/18/2015,667.27
7/19/2015,667.27
7/20/2015,664.99
7/21/2015,664.31
7/22/2015,671
7/23/2015,670.15
7/24/2015,675.25
7/25/2015,675.25
7/26/2015,675.25
7/27/2015,673.55
7/28/2015,680.02
7/29/2015,678.5
7/30/2015,672.81
7/31/2015,670.78
8/1/2015,670.78
8/2/2015,670.78
8/3/2015,672.94
8/4/2015,671
8/5/2015,667.13
8/6/2015,669.25
8/7/2015,670.17
8/8/2015,670.17
8/9/2015,670.17
8/10/2015,672.26
8/11/2015,676.33
8/12/2015,694.81
8/13/2015,710.1
8/14/2015,713.25
8/15/2015,713.25
8/16/2015,713.25
8/17/2015,709.43
8/18/2015,708.16
8/19/2015,705.48
8/20/2015,711.91
8/21/2015,717.71
8/22/2015,717.71
8/23/2015,717.71
8/24/2015,726.44
8/25/2015,739.89
8/26/2015,738.71
8/27/2015,726.96
8/28/2015,720.68
8/29/2015,720.68
8/30/2015,720.68
8/31/2015,717.93
9/1/2015,717.18
9/2/2015,718.31
9/3/2015,718.31
9/4/2015,718.31
9/5/2015,718.31
9/6/2015,718.31
9/7/2015,710.42
9/8/2015,710.61
9/9/2015,712.65
9/10/2015,715.52
9/11/2015,718.75
9/12/2015,718.75
9/13/2015,718.75
9/14/2015,722.78
9/15/2015,720.27
9/16/2015,718.22
9/17/2015,719.28
9/18/2015,725.68
9/19/2015,725.68
9/20/2015,725.68
9/21/2015,719.57
9/22/2015,714.24
9/23/2015,708.74
9/24/2015,713.35
9/25/2015,713.2
9/26/2015,713.2
9/27/2015,713.2
9/28/2015,713.9
9/29/2015,715.96
9/30/2015,716.08
10/1/2015,716.08
10/2/2015,716.08
10/3/2015,716.08
10/4/2015,716.08
10/5/2015,716.08
10/6/2015,716.08
10/7/2015,716.08
10/8/2015,714.44
10/9/2015,716.4
10/10/2015,716.4
10/11/2015,716.4
10/12/2015,721.09
10/13/2015,718.34
10/14/2015,721.58
10/15/2015,726.94
10/16/2015,721.7
10/17/2015,721.7
10/18/2015,721.7
10/19/2015,722.01
10/20/2015,720.61
10/21/2015,721.17
10/22/2015,720.06
10/23/2015,705.89
10/24/2015,705.89
10/25/2015,705.89
10/26/2015,700.5
10/27/2015,702.1
10/28/2015,701.03
10/29/2015,694.59
10/30/2015,697.71
10/31/2015,697.71
11/1/2015,697.71
11/2/2015,697.1
11/3/2015,697.44
11/4/2015,694.5
11/5/2015,688.66
11/6/2015,690.38
11/7/2015,690.38
11/8/2015,690.38
11/9/2015,683.51
11/10/2015,683.97
11/11/2015,682.74
11/12/2015,684.67
11/13/2015,687.66
11/14/2015,687.66
11/15/2015,687.66
11/16/2015,683.49
11/17/2015,681.14
11/18/2015,678.62
11/19/2015,681.21
11/20/2015,683.46
11/21/2015,683.46
11/22/2015,683.46
11/23/2015,678.94
11/24/2015,679.35
11/25/2015,680.1
11/26/2015,680.76
11/27/2015,677.73
11/28/2015,677.73
11/29/2015,677.73
11/30/2015,676.73
12/1/2015,675.98
12/2/2015,679.54
12/3/2015,678.67
12/4/2015,697.69
12/5/2015,697.69
12/6/2015,697.69
12/7/2015,695.68
12/8/2015,693.99
12/9/2015,698.2
12/10/2015,706.74
12/11/2015,703.88
12/12/2015,703.88
12/13/2015,703.88
12/14/2015,708.07
12/15/2015,709.72
12/16/2015,706.47
12/17/2015,703.83
12/18/2015,702.67
12/19/2015,702.67
12/20/2015,702.67
12/21/2015,704.2
12/22/2015,706.59
12/23/2015,709
12/24/2015,706.65
12/25/2015,709.39
12/26/2015,709.39
12/27/2015,709.39
12/28/2015,710.07
12/29/2015,711.83
12/30/2015,708.94
12/31/2015,709.52
1/1/2016,709.52
1/2/2016,709.52
1/3/2016,709.52
1/4/2016,704.83
1/5/2016,705.69
1/6/2016,701.3
1/7/2016,705.79
1/8/2016,717.35
1/9/2016,717.35
1/10/2016,717.35
1/11/2016,719.36
1/12/2016,714.54
1/13/2016,712.11
1/14/2016,714.68
1/15/2016,713.97
1/16/2016,713.97
1/17/2016,713.97
1/18/2016,717.02
1/19/2016,714.87
1/20/2016,716.27
1/21/2016,713.86
1/22/2016,712.16
1/23/2016,712.16
1/24/2016,712.16
1/25/2016,709.46
1/26/2016,711.83
1/27/2016,712.24
1/28/2016,714.61
1/29/2016,717
1/30/2016,717
1/31/2016,717
2/1/2016,710.75
2/2/2016,714.42
2/3/2016,716.26
2/4/2016,727.55
2/5/2016,733.33
2/6/2016,733.33
2/7/2016,733.33
2/8/2016,733.33
2/9/2016,733.33
2/10/2016,733.33
2/11/2016,733.33
2/12/2016,733.33
2/13/2016,733.33
2/14/2016,733.33
2/15/2016,733.97
2/16/2016,727.02
2/17/2016,725.25
2/18/2016,725.78
2/19/2016,724.72
2/20/2016,724.72
2/21/2016,724.72
2/22/2016,724.63
2/23/2016,718.8
2/24/2016,719.12
2/25/2016,719.24
2/26/2016,720.89
2/27/2016,720.89
2/28/2016,720.89
2/29/2016,715.33
3/1/2016,712.11
3/2/2016,711.81
3/3/2016,711.21
3/4/2016,714.94
3/5/2016,714.94
3/6/2016,714.94
3/7/2016,716.25
3/8/2016,716.89
3/9/2016,716.12
3/10/2016,715.31
3/11/2016,726.75
3/12/2016,726.75
3/13/2016,726.75
3/14/2016,724.57
3/15/2016,721.72
3/16/2016,723.31
3/17/2016,728.88
3/18/2016,732.53
3/19/2016,732.53
3/20/2016,732.53
3/21/2016,730.72
3/22/2016,729.55
3/23/2016,728.34
3/24/2016,727.42
3/25/2016,727.85
3/26/2016,727.85
3/27/2016,727.85
3/28/2016,727.5
3/29/2016,728.77
3/30/2016,733.27
3/31/2016,733.12
4/1/2016,734.93
4/2/2016,734.93
4/3/2016,734.93
4/4/2016,734.93
4/5/2016,736.65
4/6/2016,736.7
4/7/2016,738.03
4/8/2016,736.19
4/9/2016,736.19
4/10/2016,736.19
4/11/2016,736.96
4/12/2016,737.05
4/13/2016,735.37
4/14/2016,730.56
4/15/2016,730.56
4/16/2016,730.56
4/17/2016,730.56
4/18/2016,731.97
4/19/2016,731.91
4/20/2016,733.83
4/21/2016,731.75
4/22/2016,732.59
4/23/2016,732.59
4/24/2016,732.59
4/25/2016,730.7
4/26/2016,731.61
4/27/2016,732.72
4/28/2016,735
4/29/2016,734.39
4/30/2016,734.39
5/1/2016,734.39
5/2/2016,734.39
5/3/2016,744.76
5/4/2016,746.13
5/5/2016,747.65
5/6/2016,742.89
5/7/2016,742.89
5/8/2016,742.89
5/9/2016,741.46
5/10/2016,742.2
5/11/2016,741.59
5/12/2016,742.89
5/13/2016,741.44
5/14/2016,741.44
5/15/2016,741.44
5/16/2016,738.76
5/17/2016,738.23
5/18/2016,737.78
5/19/2016,735.08
5/20/2016,733.77
5/21/2016,733.77
5/22/2016,733.77
5/23/2016,734.71
5/24/2016,734.24
5/25/2016,731.18
5/26/2016,731.8
5/27/2016,733.34
5/28/2016,733.34
5/29/2016,733.34
5/30/2016,730.15
5/31/2016,733.18
6/1/2016,733.08
6/2/2016,735.5
6/3/2016,733.47
6/4/2016,733.47
6/5/2016,733.47
6/6/2016,743.77
6/7/2016,744.99
6/8/2016,745.03
6/9/2016,745.03
6/10/2016,745.03
6/11/2016,745.03
6/12/2016,745.03
6/13/2016,740.48
6/14/2016,743.07
6/15/2016,739.75
6/16/2016,741.31
6/17/2016,740.38
6/18/2016,740.38
6/19/2016,740.38
6/20/2016,745.63
6/21/2016,743.93
6/22/2016,740.87
6/23/2016,744.47
6/24/2016,744.34
6/25/2016,744.34
6/26/2016,744.34
6/27/2016,731.84
6/28/2016,732.38
6/29/2016,734.82
6/30/2016,737.5
7/1/2016,737.96
7/2/2016,737.96
7/3/2016,737.96
7/4/2016,739.9
7/5/2016,741.61
7/6/2016,738.41
7/7/2016,741.18
7/8/2016,739.78
7/9/2016,739.78
7/10/2016,739.78
7/11/2016,738.29
7/12/2016,740.28
7/13/2016,739.92
7/14/2016,741.87
7/15/2016,742.26
7/16/2016,742.26
7/17/2016,742.26
7/18/2016,740.04
7/19/2016,741.67
7/20/2016,738.4
7/21/2016,736.87
7/22/2016,735.79
7/23/2016,735.79
7/24/2016,735.79
7/25/2016,732.73
7/26/2016,733.85
7/27/2016,732.83
7/28/2016,737.05
7/29/2016,737.24
7/30/2016,737.24
7/31/2016,737.24
8/1/2016,740.98
8/2/2016,741.77
8/3/2016,743.31
8/4/2016,740.04
8/5/2016,739.21
8/6/2016,739.21
8/7/2016,739.21
8/8/2016,738.16
8/9/2016,738.37
8/10/2016,740.33
8/11/2016,741.96
8/12/2016,740.44
8/13/2016,740.44
8/14/2016,740.44
8/15/2016,741.47
8/16/2016,741.66
8/17/2016,745.41
8/18/2016,748.29
8/19/2016,751.21
8/20/2016,751.21
8/21/2016,751.21
8/22/2016,752.04
8/23/2016,753.79
8/24/2016,751.17
8/25/2016,749.86
8/26/2016,750.79
8/27/2016,750.79
8/28/2016,750.79
8/29/2016,748.3
8/30/2016,747.49
8/31/2016,746.02
9/1/2016,745.6
9/2/2016,747.11
9/3/2016,747.11
9/4/2016,747.11
9/5/2016,745.95
9/6/2016,743.83
9/7/2016,748.81
9/8/2016,748.94
9/9/2016,751.34
9/10/2016,751.34
9/11/2016,751.34
9/12/2016,751.61
9/13/2016,750.01
9/14/2016,750.59
9/15/2016,750.59
9/16/2016,750.59
9/17/2016,750.59
9/18/2016,750.59
9/19/2016,745.51
9/20/2016,744.84
9/21/2016,743.96
9/22/2016,744.95
9/23/2016,746.98
9/24/2016,746.98
9/25/2016,746.98
9/26/2016,749.86
9/27/2016,749.73
9/28/2016,747.79
9/29/2016,748.54
9/30/2016,748.8
10/1/2016,748.8
10/2/2016,748.8
10/3/2016,748.8
10/4/2016,748.8
10/5/2016,748.8
10/6/2016,748.8
10/7/2016,748.8
10/8/2016,748.8
10/9/2016,748.8
10/10/2016,748.94
10/11/2016,747.48
10/12/2016,743.66
10/13/2016,741.08
10/14/2016,742.29
10/15/2016,742.29
10/16/2016,742.29
10/17/2016,738.83
10/18/2016,740.95
10/19/2016,739.38
10/20/2016,738.66
10/21/2016,737.44
10/22/2016,737.44
10/23/2016,737.44
10/24/2016,736.04
10/25/2016,736.4
10/26/2016,737.07
10/27/2016,738.76
10/28/2016,739.58
10/29/2016,739.58
10/30/2016,739.58
10/31/2016,742.94
11/1/2016,742.8
11/2/2016,747.13
11/3/2016,749.09
11/4/2016,749.44
11/5/2016,749.44
11/6/2016,749.44
11/7/2016,750.99
11/8/2016,748.93
11/9/2016,747.42
11/10/2016,741.65
11/11/2016,740.71
11/12/2016,740.71
11/13/2016,740.71
11/14/2016,738.08
11/15/2016,736.76
11/16/2016,735.92
11/17/2016,735.51
11/18/2016,731.02
11/19/2016,731.02
11/20/2016,731.02
11/21/2016,730.8
11/22/2016,731.98
11/23/2016,732.11
11/24/2016,728.17
11/25/2016,730.17
11/26/2016,730.17
11/27/2016,730.17
11/28/2016,732.92
11/29/2016,731.69
11/30/2016,733.86
12/1/2016,731.11
12/2/2016,733.78
12/3/2016,733.78
12/4/2016,733.78
12/5/2016,727.09
12/6/2016,738.8
12/7/2016,737.38
12/8/2016,739.53
12/9/2016,731.71
12/10/2016,731.71
12/11/2016,731.71
12/12/2016,728.42
12/13/2016,733.94
12/14/2016,733.75
12/15/2016,726.94
12/16/2016,723.72
12/17/2016,723.72
12/18/2016,723.72
12/19/2016,726.55
12/20/2016,723.06
12/21/2016,722.7
12/22/2016,724.5
12/23/2016,725.2
12/24/2016,725.2
12/25/2016,725.2
12/26/2016,726.23
12/27/2016,726.17
12/28/2016,727.1
12/29/2016,725.04
12/30/2016,730.68
12/31/2016,730.68
1/1/2017,730.68
1/2/2017,730.68
1/3/2017,727.72
1/4/2017,724.69
1/5/2017,729.03
1/6/2017,728.43
1/7/2017,728.43
1/8/2017,728.43
1/9/2017,729.3
1/10/2017,733.09
1/11/2017,730.92
1/12/2017,731.99
1/13/2017,731.29
1/14/2017,731.29
1/15/2017,731.29
1/16/2017,732.52
1/17/2017,732.16
1/18/2017,734.04
1/19/2017,728.78
1/20/2017,732.3
1/21/2017,732.3
1/22/2017,732.3
1/23/2017,735.09
1/24/2017,736.44
1/25/2017,736.13
1/26/2017,738.21
1/27/2017,738.21
1/28/2017,738.21
1/29/2017,738.21
1/30/2017,738.21
1/31/2017,738.21
2/1/2017,738.21
2/2/2017,738.21
2/3/2017,738.25
2/4/2017,738.25
2/5/2017,738.25
2/6/2017,740.1
2/7/2017,736.93
2/8/2017,735.39
2/9/2017,734.95
2/10/2017,733.06
2/11/2017,733.06
2/12/2017,733.06
2/13/2017,731.48
2/14/2017,729.48
2/15/2017,726.18
2/16/2017,727.84
2/17/2017,730.89
2/18/2017,730.89
2/19/2017,730.89
2/20/2017,729.79
2/21/2017,729.44
2/22/2017,725.47
2/23/2017,725.43
2/24/2017,726.94
2/25/2017,726.94
2/26/2017,726.94
2/27/2017,725.89
2/28/2017,727.74
3/1/2017,726.48
3/2/2017,725.36
3/3/2017,723.34
3/4/2017,723.34
3/5/2017,723.34
3/6/2017,731.56
3/7/2017,729.33
3/8/2017,729.29
3/9/2017,728.85
3/10/2017,731.33
3/11/2017,731.33
3/12/2017,731.33
3/13/2017,736.71
3/14/2017,736.11
3/15/2017,733.63
3/16/2017,739.94
3/17/2017,741.93
3/18/2017,741.93
3/19/2017,741.93
3/20/2017,741.51
3/21/2017,741.67
3/22/2017,744.79
3/23/2017,743.08
3/24/2017,742.08
3/25/2017,742.08
3/26/2017,742.08
3/27/2017,745.38
3/28/2017,747.26
3/29/2017,745.47
3/30/2017,741.22
3/31/2017,737.21
4/1/2017,737.21
4/2/2017,737.21
4/3/2017,737.21
4/4/2017,737.21
4/5/2017,736.3
4/6/2017,736.19
4/7/2017,734.7
4/8/2017,734.7
4/9/2017,734.7
4/10/2017,731.08
4/11/2017,730.81
4/12/2017,731.22
4/13/2017,733.89
4/14/2017,731.03
4/15/2017,731.03
4/16/2017,731.03
4/17/2017,730.25
4/18/2017,732.89
4/19/2017,737.22
4/20/2017,737.82
4/21/2017,738.21
4/22/2017,738.21
4/23/2017,738.21
4/24/2017,746.24
4/25/2017,747.63
4/26/2017,752.5
4/27/2017,751.87
4/28/2017,749.45
4/29/2017,749.45
4/30/2017,749.45
5/1/2017,749.45
5/2/2017,752.27
5/3/2017,753.48
5/4/2017,751.2
5/5/2017,756.55
5/6/2017,756.55
5/7/2017,756.55
5/8/2017,756.77
5/9/2017,755.11
5/10/2017,752.39
5/11/2017,750.8
5/12/2017,750.16
5/13/2017,750.16
5/14/2017,750.16
5/15/2017,752.91
5/16/2017,756.55
5/17/2017,762.76
5/18/2017,766.91
5/19/2017,765.86
5/20/2017,765.86
5/21/2017,765.86
5/22/2017,770.41
5/23/2017,773.15
5/24/2017,771.04
5/25/2017,771.99
5/26/2017,770.41
5/27/2017,770.41
5/28/2017,770.41
5/29/2017,770.41
5/30/2017,770.41
5/31/2017,767.6
6/1/2017,766.58
6/2/2017,763.68
6/3/2017,763.68
6/4/2017,763.68
6/5/2017,766.29
6/6/2017,764.95
6/7/2017,765.25
6/8/2017,764.66
6/9/2017,760.84
6/10/2017,760.84
6/11/2017,760.84
6/12/2017,761.37
6/13/2017,761.09
6/14/2017,761.63
6/15/2017,761.14
6/16/2017,758.03
6/17/2017,758.03
6/18/2017,758.03
6/19/2017,761.43
6/20/2017,759.18
6/21/2017,759.43
6/22/2017,761.48
6/23/2017,760.72
6/24/2017,760.72
6/25/2017,760.72
6/26/2017,763.91
6/27/2017,763.71
6/28/2017,771.81
6/29/2017,773.35
6/30/2017,774.96
7/1/2017,774.96
7/2/2017,774.96
7/3/2017,773.97
7/4/2017,772.24
7/5/2017,771.58
7/6/2017,771.1
7/7/2017,775.71
7/8/2017,775.71
7/9/2017,775.71
7/10/2017,774.99
7/11/2017,774.79
7/12/2017,778.66
7/13/2017,774.59
7/14/2017,772.76
7/15/2017,772.76
7/16/2017,772.76
7/17/2017,775.14
7/18/2017,775.98
7/19/2017,779.06
7/20/2017,777.7
7/21/2017,783.99
7/22/2017,783.99
7/23/2017,783.99
7/24/2017,787.06
7/25/2017,785.23
7/26/2017,786.13
7/27/2017,789.94
7/28/2017,787.34
7/29/2017,787.34
7/30/2017,787.34
7/31/2017,790.59
8/1/2017,794.06
8/2/2017,793.52
8/3/2017,796.21
8/4/2017,797.73
8/5/2017,797.73
8/6/2017,797.73
8/7/2017,792.3
8/8/2017,792.79
8/9/2017,788.6
8/10/2017,785.19
8/11/2017,783.32
8/12/2017,783.32
8/13/2017,783.32
8/14/2017,786.8
8/15/2017,785.46
8/16/2017,783.94
8/17/2017,785.31
8/18/2017,782.39
8/19/2017,782.39
8/20/2017,782.39
8/21/2017,784.12
8/22/2017,786.87
8/23/2017,783.56
8/24/2017,786.02
8/25/2017,785.39
8/26/2017,785.39
8/27/2017,785.39
8/28/2017,793.02
8/29/2017,793.33
8/30/2017,791.43
8/31/2017,785.25
9/1/2017,784.77
9/2/2017,784.77
9/3/2017,784.77
9/4/2017,780.24
9/5/2017,776.1
9/6/2017,778.57
9/7/2017,778.41
9/8/2017,780.13
9/9/2017,780.13
9/10/2017,780.13
9/11/2017,777.8
9/12/2017,779.92
9/13/2017,782.19
9/14/2017,778.13
9/15/2017,779.73
9/16/2017,779.73
9/17/2017,779.73
9/18/2017,781.37
9/19/2017,784.03
9/20/2017,787.49
9/21/2017,781.93
9/22/2017,786.52
9/23/2017,786.52
9/24/2017,786.52
9/25/2017,786.14
9/26/2017,783.55
9/27/2017,781.24
9/28/2017,779.36
9/29/2017,782.33
9/30/2017,782.33
10/1/2017,782.33
10/2/2017,782.33
10/3/2017,782.33
10/4/2017,782.33
10/5/2017,782.33
10/6/2017,782.33
10/7/2017,782.33
10/8/2017,782.33
10/9/2017,780.92
10/10/2017,778.54
10/11/2017,778.02
10/12/2017,780.61
10/13/2017,779.49
10/14/2017,779.49
10/15/2017,779.49
10/16/2017,777.65
10/17/2017,777.14
10/18/2017,777.34
10/19/2017,780.02
10/20/2017,783.18
10/21/2017,783.18
10/22/2017,783.18
10/23/2017,779.44
10/24/2017,778.96
10/25/2017,780.19
10/26/2017,783.6
10/27/2017,773.56
10/28/2017,773.56
10/29/2017,773.56
10/30/2017,771.58
10/31/2017,773.33
11/1/2017,772.5
11/2/2017,769.85
11/3/2017,770.25
11/4/2017,770.25
11/5/2017,770.25
11/6/2017,769.28
11/7/2017,768.77
11/8/2017,768.94
11/9/2017,768.84
11/10/2017,771.93
11/11/2017,771.93
11/12/2017,771.93
11/13/2017,773.33
11/14/2017,774.47
11/15/2017,781.85
11/16/2017,780.76
11/17/2017,780.28
11/18/2017,780.28
11/19/2017,780.28
11/20/2017,778.21
11/21/2017,778.72
11/22/2017,778.36
11/23/2017,780.35
11/24/2017,779.89
11/25/2017,779.89
11/26/2017,779.89
11/27/2017,785.34
11/28/2017,784.81
11/29/2017,782.1
11/30/2017,782.52
12/1/2017,786.21
12/2/2017,786.21
12/3/2017,786.21
12/4/2017,784.62
12/5/2017,784.6
12/6/2017,782.36
12/7/2017,781.21
12/8/2017,779.41
12/9/2017,779.41
12/10/2017,779.41
12/11/2017,778.7
12/12/2017,779.14
12/13/2017,777.79
12/14/2017,781.92
12/15/2017,778.38
12/16/2017,778.38
12/17/2017,778.38
12/18/2017,777.07
12/19/2017,778.8
12/20/2017,782.26
12/21/2017,781.49
12/22/2017,780.41
12/23/2017,780.41
12/24/2017,780.41
12/25/2017,778.72
12/26/2017,776.56
12/27/2017,775.8
12/28/2017,778.37
12/29/2017,780.23
12/30/2017,780.23
12/31/2017,780.23
1/1/2018,780.23
1/2/2018,781.98
1/3/2018,783.26
1/4/2018,780.96
1/5/2018,783.65
1/6/2018,783.65
1/7/2018,783.65
1/8/2018,780.58
1/9/2018,777.46
1/10/2018,777.7
1/11/2018,778.82
1/12/2018,782.31
1/13/2018,782.31
1/14/2018,782.31
1/15/2018,787.17
1/16/2018,789.57
1/17/2018,789.33
1/18/2018,784.82
1/19/2018,785.74
1/20/2018,785.74
1/21/2018,785.74
1/22/2018,785.29
1/23/2018,784.76
1/24/2018,786.3
1/25/2018,789.96
1/26/2018,786.21
1/27/2018,786.21
1/28/2018,786.21
1/29/2018,786.03
1/30/2018,783.63
1/31/2018,785.53
2/1/2018,782.18
2/2/2018,786.41
2/3/2018,786.41
2/4/2018,786.41
2/5/2018,783.53
2/6/2018,780.35
2/7/2018,777.84
2/8/2018,770.07
2/9/2018,774.47
2/10/2018,774.47
2/11/2018,774.47
2/12/2018,771.83
2/13/2018,777.4
2/14/2018,783.43
2/15/2018,783.43
2/16/2018,783.43
2/17/2018,783.43
2/18/2018,783.43
2/19/2018,783.43
2/20/2018,783.43
2/21/2018,783.43
2/22/2018,779.66
2/23/2018,782.76
2/24/2018,782.76
2/25/2018,782.76
2/26/2018,778.92
2/27/2018,777.56
2/28/2018,773.55
3/1/2018,772.29
3/2/2018,777.02
3/3/2018,777.02
3/4/2018,777.02
3/5/2018,781.03
3/6/2018,782.11
3/7/2018,785.93
3/8/2018,784.92
3/9/2018,780.89
3/10/2018,780.89
3/11/2018,780.89
3/12/2018,779.56
3/13/2018,780.02
3/14/2018,783.25
3/15/2018,781.31
3/16/2018,779.26
3/17/2018,779.26
3/18/2018,779.26
3/19/2018,777.64
3/20/2018,780.38
3/21/2018,776.53
3/22/2018,780.2
3/23/2018,779.75
3/24/2018,779.75
3/25/2018,779.75
3/26/2018,781.36
3/27/2018,782.18
3/28/2018,779.1
3/29/2018,775.98
3/30/2018,773.78
3/31/2018,773.78
4/1/2018,773.78
4/2/2018,772.99
4/3/2018,772.74
4/4/2018,772.06
4/5/2018,772.06
4/6/2018,772.06
4/7/2018,772.06
4/8/2018,772.06
4/9/2018,774.12
4/10/2018,777.31
4/11/2018,777.66
4/12/2018,777.16
4/13/2018,774.98
4/14/2018,774.98
4/15/2018,774.98
4/16/2018,775.22
4/17/2018,777
4/18/2018,776.82
4/19/2018,777.57
4/20/2018,776.11
4/21/2018,776.11
4/22/2018,776.11
4/23/2018,773.59
4/24/2018,771.32
4/25/2018,771.44
4/26/2018,769.85
4/27/2018,767.14
4/28/2018,767.14
4/29/2018,767.14
4/30/2018,767.14
5/1/2018,767.14
5/2/2018,762.74
5/3/2018,761.49
5/4/2018,761.37
5/5/2018,761.37
5/6/2018,761.37
5/7/2018,760.47
5/8/2018,759.32
5/9/2018,756.01
5/10/2018,755.57
5/11/2018,756.85
5/12/2018,756.85
5/13/2018,756.85
5/14/2018,757.03
5/15/2018,757.11
5/16/2018,753.52
5/17/2018,752.2
5/18/2018,751.88
5/19/2018,751.88
5/20/2018,751.88
5/21/2018,750.7
5/22/2018,752.02
5/23/2018,751.3
5/24/2018,747.17
5/25/2018,748.3
5/26/2018,748.3
5/27/2018,748.3
5/28/2018,747.53
5/29/2018,744.25
5/30/2018,740.74
5/31/2018,748.14
6/1/2018,749.61
6/2/2018,749.61
6/3/2018,749.61
6/4/2018,748.9
6/5/2018,750.58
6/6/2018,750.72
6/7/2018,753.16
6/8/2018,754.96
6/9/2018,754.96
6/10/2018,754.96
6/11/2018,754.46
6/12/2018,754.23
6/13/2018,753.51
6/14/2018,754.59
6/15/2018,743.79
6/16/2018,743.79
6/17/2018,743.79
6/18/2018,743.79
6/19/2018,746.68
6/20/2018,749.85
6/21/2018,748.97
6/22/2018,752.06
6/23/2018,752.06
6/24/2018,752.06
6/25/2018,756.66
6/26/2018,763.23
6/27/2018,764.41
6/28/2018,763.89
6/29/2018,765.15
6/30/2018,765.15
7/1/2018,765.15
7/2/2018,772.43
7/3/2018,774.12
7/4/2018,776.65
7/5/2018,771.72
7/6/2018,775.58
7/7/2018,775.58
7/8/2018,775.58
7/9/2018,779.86
7/10/2018,779.05
7/11/2018,776.87
7/12/2018,779.73
7/13/2018,778.33
7/14/2018,778.33
7/15/2018,778.33
7/16/2018,780.16
7/17/2018,782.39
7/18/2018,780.04
7/19/2018,780.9
7/20/2018,787.59
7/21/2018,787.59
7/22/2018,787.59
7/23/2018,793.26
7/24/2018,793.87
7/25/2018,795.33
7/26/2018,794.03
7/27/2018,791.09
7/28/2018,791.09
7/29/2018,791.09
7/30/2018,794.86
7/31/2018,797.99
8/1/2018,798.64
8/2/2018,792.5
8/3/2018,792.1
8/4/2018,792.1
8/5/2018,792.1
8/6/2018,792.57
8/7/2018,791.26
8/8/2018,792.77
8/9/2018,793.23
8/10/2018,788.26
8/11/2018,788.26
8/12/2018,788.26
8/13/2018,782.86
8/14/2018,783.95
8/15/2018,781.36
8/16/2018,782.85
8/17/2018,784.37
8/18/2018,784.37
8/19/2018,784.37
8/20/2018,786.5
8/21/2018,786.64
8/22/2018,790.46
8/23/2018,791.95
8/24/2018,793.57
8/25/2018,793.57
8/26/2018,793.57
8/27/2018,797.77
8/28/2018,795.45
8/29/2018,795.9
8/30/2018,797.59
8/31/2018,796.46
9/1/2018,796.46
9/2/2018,796.46
9/3/2018,793.2
9/4/2018,792.14
9/5/2018,790.96
9/6/2018,793.88
9/7/2018,792.95
9/8/2018,792.95
9/9/2018,792.95
9/10/2018,790.59
9/11/2018,793.8
9/12/2018,794.82
9/13/2018,796.69
9/14/2018,799.49
9/15/2018,799.49
9/16/2018,799.49
9/17/2018,796.82
9/18/2018,799.92
9/19/2018,800.57
9/20/2018,800.08
9/21/2018,805.35
9/22/2018,805.35
9/23/2018,805.35
9/24/2018,805.35
9/25/2018,804.34
9/26/2018,806.58
9/27/2018,806.42
9/28/2018,801.11
9/29/2018,801.11
9/30/2018,801.11
10/1/2018,801.11
10/2/2018,801.11
10/3/2018,801.11
10/4/2018,801.11
10/5/2018,801.11
10/6/2018,801.11
10/7/2018,801.11
10/8/2018,795.29
10/9/2018,793.12
10/10/2018,794
10/11/2018,796.55
10/12/2018,800.45
10/13/2018,800.45
10/14/2018,800.45
10/15/2018,799.3
10/16/2018,800.78
10/17/2018,800.18
10/18/2018,796.86
10/19/2018,795.47
10/20/2018,795.47
10/21/2018,795.47
10/22/2018,797.08
10/23/2018,795.36
10/24/2018,795.56
10/25/2018,791.66
10/26/2018,790.36
10/27/2018,790.36
10/28/2018,790.36
10/29/2018,791.13
10/30/2018,791.37
10/31/2018,790.08
11/1/2018,789.23
11/2/2018,791.2
11/3/2018,791.2
11/4/2018,791.2
11/5/2018,786.55
11/6/2018,787.98
11/7/2018,789.64
11/8/2018,790.46
11/9/2018,788.26
11/10/2018,788.26
11/11/2018,788.26
11/12/2018,786.72
11/13/2018,781.95
11/14/2018,785.21
11/15/2018,785.35
11/16/2018,785.8
11/17/2018,785.8
11/18/2018,785.8
11/19/2018,790.46
11/20/2018,793.42
11/21/2018,790.06
11/22/2018,790.3
11/23/2018,790.36
11/24/2018,790.36
11/25/2018,790.36
11/26/2018,787.52
11/27/2018,787.15
11/28/2018,785.34
11/29/2018,788.39
11/30/2018,789.91
12/1/2018,789.91
12/2/2018,789.91
12/3/2018,787.34
12/4/2018,782.84
12/5/2018,777.64
12/6/2018,778.33
12/7/2018,781.11
12/8/2018,781.11
12/9/2018,781.11
12/10/2018,783.33
12/11/2018,783.93
12/12/2018,782
12/13/2018,782.25
12/14/2018,781.02
12/15/2018,781.02
12/16/2018,781.02
12/17/2018,779.4
12/18/2018,781.53
12/19/2018,783.47
12/20/2018,784.78
12/21/2018,788.48
12/22/2018,788.48
12/23/2018,788.48
12/24/2018,785.29
12/25/2018,785.76
12/26/2018,785.71
12/27/2018,782.8
12/28/2018,784.73
12/29/2018,784.73
12/30/2018,784.73
12/31/2018,784.73
1/1/2019,784.73
1/2/2019,785.21
1/3/2019,778.18
1/4/2019,781.57
1/5/2019,781.57
1/6/2019,781.57
1/7/2019,781.86
1/8/2019,785.12
1/9/2019,784.43
1/10/2019,787.65
1/11/2019,781.49
1/12/2019,781.49
1/13/2019,781.49
1/14/2019,774.47
1/15/2019,774.87
1/16/2019,771.42
1/17/2019,770.38
1/18/2019,770.73
1/19/2019,770.73
1/20/2019,770.73
1/21/2019,770.39
1/22/2019,771.42
1/23/2019,772.25
1/24/2019,772.04
1/25/2019,768.17
1/26/2019,768.17
1/27/2019,768.17
1/28/2019,770.27
1/29/2019,769.97
1/30/2019,770.03
1/31/2019,769.81
2/1/2019,767.75
2/2/2019,767.75
2/3/2019,767.75
2/4/2019,767.75
2/5/2019,767.75
2/6/2019,767.75
2/7/2019,767.75
2/8/2019,767.75
2/9/2019,767.75
2/10/2019,767.75
2/11/2019,764.32
2/12/2019,764.18
2/13/2019,767.11
2/14/2019,762.81
2/15/2019,764
2/16/2019,764
2/17/2019,764
2/18/2019,764.12
2/19/2019,765.05
2/20/2019,766.22
2/21/2019,762.68
2/22/2019,761.68
2/23/2019,761.68
2/24/2019,761.68
2/25/2019,761.38
2/26/2019,760.63
2/27/2019,761.68
2/28/2019,760.82
3/1/2019,761.21
3/2/2019,761.21
3/3/2019,761.21
3/4/2019,762.47
3/5/2019,759.66
3/6/2019,757.96
3/7/2019,758.95
3/8/2019,752.64
3/9/2019,752.64
3/10/2019,752.64
3/11/2019,754.85
3/12/2019,755.84
3/13/2019,757.54
3/14/2019,759.24
3/15/2019,759.4
3/16/2019,759.4
3/17/2019,759.4
3/18/2019,759.54
3/19/2019,760.28
3/20/2019,761.7
3/21/2019,763.76
3/22/2019,761.35
3/23/2019,761.35
3/24/2019,761.35
3/25/2019,757.87
3/26/2019,758.61
3/27/2019,756.88
3/28/2019,756.58
3/29/2019,756.07
3/30/2019,756.07
3/31/2019,756.07
4/1/2019,754.2
4/2/2019,752.57
4/3/2019,752.9
4/4/2019,754.09
4/5/2019,754.09
4/6/2019,754.09
4/7/2019,754.09
4/8/2019,753.74
4/9/2019,755.79
4/10/2019,755.95
4/11/2019,756.27
4/12/2019,757.07
4/13/2019,757.07
4/14/2019,757.07
4/15/2019,758.71
4/16/2019,758.43
4/17/2019,757.24
4/18/2019,755.85
4/19/2019,753.42
4/20/2019,753.42
4/21/2019,753.42
4/22/2019,753.73
4/23/2019,755
4/24/2019,754.06
4/25/2019,750.53
4/26/2019,749.9
4/27/2019,749.9
4/28/2019,749.9
4/29/2019,750.44
4/30/2019,752.56
5/1/2019,752.56
5/2/2019,752.56
5/3/2019,752.56
5/4/2019,752.56
5/5/2019,752.56
5/6/2019,753.24
5/7/2019,756.1
5/8/2019,756.47
5/9/2019,757.51
5/10/2019,761.87
5/11/2019,761.87
5/12/2019,761.87
5/13/2019,763.27
5/14/2019,767.68
5/15/2019,768.99
5/16/2019,769.74
5/17/2019,769.26
5/18/2019,769.26
5/19/2019,769.26
5/20/2019,770.75
5/21/2019,770.98
5/22/2019,771.26
5/23/2019,769.85
5/24/2019,771.31
5/25/2019,771.31
5/26/2019,771.31
5/27/2019,772.62
5/28/2019,771.89
5/29/2019,771.46
5/30/2019,769.52
5/31/2019,768.33
6/1/2019,768.33
6/2/2019,768.33
6/3/2019,769.97
6/4/2019,773.99
6/5/2019,775.96
6/6/2019,775.31
6/7/2019,775.31
6/8/2019,775.31
6/9/2019,775.31
6/10/2019,779.97
6/11/2019,781.47
6/12/2019,781.47
6/13/2019,780.2
6/14/2019,778.93
6/15/2019,778.93
6/16/2019,778.93
6/17/2019,775.85
6/18/2019,775.24
6/19/2019,773.04
6/20/2019,773.79
6/21/2019,773.3
6/22/2019,773.3
6/23/2019,773.3
6/24/2019,779.35
6/25/2019,781.61
6/26/2019,781.09
6/27/2019,782.04
6/28/2019,781.7
6/29/2019,781.7
6/30/2019,781.7
7/1/2019,780.99
7/2/2019,773.27
7/3/2019,774.74
7/4/2019,775.44
7/5/2019,775.25
7/6/2019,775.25
7/7/2019,775.25
7/8/2019,773.26
7/9/2019,772.14
7/10/2019,771.49
7/11/2019,773.13
7/12/2019,773.03
7/13/2019,773.03
7/14/2019,773.03
7/15/2019,773.93
7/16/2019,773.78
7/17/2019,771.67
7/18/2019,771.86
7/19/2019,772.72
7/20/2019,772.72
7/21/2019,772.72
7/22/2019,771.35
7/23/2019,771.17
7/24/2019,767.79
7/25/2019,765.82
7/26/2019,766.8
7/27/2019,766.8
7/28/2019,766.8
7/29/2019,766.11
7/30/2019,767.49
7/31/2019,768.03
8/1/2019,763.56
8/2/2019,763.7
8/3/2019,763.7
8/4/2019,763.7
8/5/2019,768.21
8/6/2019,782.52
8/7/2019,784.51
8/8/2019,786.11
8/9/2019,785.12
8/10/2019,785.12
8/11/2019,785.12
8/12/2019,787.67
8/13/2019,789.16
8/14/2019,787.97
8/15/2019,782.78
8/16/2019,781.09
8/17/2019,781.09
8/18/2019,781.09
8/19/2019,780.52
8/20/2019,780.88
8/21/2019,781.72
8/22/2019,781.83
8/23/2019,783.05
8/24/2019,783.05
8/25/2019,783.05
8/26/2019,786.27
8/27/2019,788.36
8/28/2019,788.89
8/29/2019,789.02
8/30/2019,786.61
8/31/2019,786.61
9/1/2019,786.61
9/2/2019,781.53
9/3/2019,780.51
9/4/2019,780.28
9/5/2019,782.9
9/6/2019,784.11
9/7/2019,784.11
9/8/2019,784.11
9/9/2019,782.07
9/10/2019,784.03
9/11/2019,783.59
9/12/2019,781.73
9/13/2019,781.73
9/14/2019,781.73
9/15/2019,781.73
9/16/2019,783.47
9/17/2019,778.32
9/18/2019,783.12
9/19/2019,781.32
9/20/2019,782.36
9/21/2019,782.36
9/22/2019,782.36
9/23/2019,780.3
9/24/2019,779.62
9/25/2019,779.35
9/26/2019,777.79
9/27/2019,774.77
9/28/2019,774.77
9/29/2019,774.77
9/30/2019,775.38
10/1/2019,775.38
10/2/2019,775.38
10/3/2019,775.38
10/4/2019,775.38
10/5/2019,775.38
10/6/2019,775.38
10/7/2019,775.38
10/8/2019,777.95
10/9/2019,777.47
10/10/2019,779.25
10/11/2019,779.86
10/12/2019,779.86
10/13/2019,779.86
10/14/2019,780.23
10/15/2019,779.2
10/16/2019,780.52
10/17/2019,784.05
10/18/2019,786.25
10/19/2019,786.25
10/20/2019,786.25
10/21/2019,788.43
10/22/2019,788.02
10/23/2019,787.25
10/24/2019,787.31
10/25/2019,785.52
10/26/2019,785.52
10/27/2019,785.52
10/28/2019,784.18
10/29/2019,783.73
10/30/2019,784.34
10/31/2019,786.76
11/1/2019,784.7
11/2/2019,784.7
11/3/2019,784.7
11/4/2019,785.48
11/5/2019,783.21
11/6/2019,776.3
11/7/2019,774.94
11/8/2019,772.85
11/9/2019,772.85
11/10/2019,772.85
11/11/2019,770.78
11/12/2019,772.19
11/13/2019,771.13
11/14/2019,771.39
11/15/2019,772.53
11/16/2019,772.53
11/17/2019,772.53
11/18/2019,774.14
11/19/2019,775.63
11/20/2019,776.67
11/21/2019,778.05
11/22/2019,777.87
11/23/2019,777.87
11/24/2019,777.87
11/25/2019,775.93
11/26/2019,774.74
11/27/2019,775.28
11/28/2019,773.34
11/29/2019,774.06
11/30/2019,774.06
12/1/2019,774.06
12/2/2019,774.17
12/3/2019,777.6
12/4/2019,778.98
12/5/2019,781.41
12/6/2019,781.58
12/7/2019,781.58
12/8/2019,781.58
12/9/2019,778.53
12/10/2019,778.93
12/11/2019,780.76
12/12/2019,782.17
12/13/2019,784.6
12/14/2019,784.6
12/15/2019,784.6
12/16/2019,777.86
12/17/2019,779.32
12/18/2019,780.16
12/19/2019,778.3
12/20/2019,778.72
12/21/2019,778.72
12/22/2019,778.72
12/23/2019,776.56
12/24/2019,777.74
12/25/2019,776.86
12/26/2019,774.7
12/27/2019,775.58
12/28/2019,775.58
12/29/2019,775.58
12/30/2019,780.74
12/31/2019,781.55
1/1/2020,781.55
1/2/2020,781.13
1/3/2020,778.51
1/4/2020,778.51
1/5/2020,778.51
1/6/2020,778.43
1/7/2020,780.05
1/8/2020,774.68
1/9/2020,771.95
1/10/2020,770.29
1/11/2020,770.29
1/12/2020,770.29
1/13/2020,769.94
1/14/2020,767.93
1/15/2020,766.15
1/16/2020,767.33
1/17/2020,767.03
1/18/2020,767.03
1/19/2020,767.03
1/20/2020,761.82
1/21/2020,761.17
1/22/2020,763.04
1/23/2020,764
1/24/2020,764
1/25/2020,764
1/26/2020,764
1/27/2020,764
1/28/2020,764
1/29/2020,764
1/30/2020,764
1/31/2020,764
2/1/2020,764
2/2/2020,764
2/3/2020,767.5
2/4/2020,771.78
2/5/2020,771.16
2/6/2020,769.66
2/7/2020,766.24
2/8/2020,766.24
2/9/2020,766.24
2/10/2020,765.34
2/11/2020,762.45
2/12/2020,761.13
2/13/2020,758.64
2/14/2020,756.97
2/15/2020,756.97
2/16/2020,756.97
2/17/2020,756.49
2/18/2020,756.47
2/19/2020,755.71
2/20/2020,756.98
2/21/2020,757.43
2/22/2020,757.43
2/23/2020,757.43
2/24/2020,761.07
2/25/2020,762.04
2/26/2020,762.71
2/27/2020,764.13
2/28/2020,770.59
2/29/2020,770.59
3/1/2020,770.59
3/2/2020,772.14
3/3/2020,774.57
3/4/2020,776.67
3/5/2020,772.67
3/6/2020,777.47
3/7/2020,777.47
3/8/2020,777.47
3/9/2020,787.56
3/10/2020,791.81
3/11/2020,786.82
3/12/2020,784.74
3/13/2020,782.26
3/14/2020,782.26
3/15/2020,782.26
3/16/2020,781.69
3/17/2020,782.59
3/18/2020,774.24
3/19/2020,771.73
3/20/2020,757.78
3/21/2020,757.78
3/22/2020,757.78
3/23/2020,757.79
3/24/2020,763.94
3/25/2020,763.8
3/26/2020,769.8
3/27/2020,777.32
3/28/2020,777.32
3/29/2020,777.32
3/30/2020,782.88
3/31/2020,780.88
4/1/2020,780.9
4/2/2020,776.78
4/3/2020,770.81
4/4/2020,770.81
4/5/2020,770.81
4/6/2020,770.81
4/7/2020,765.78
4/8/2020,768.28
4/9/2020,766.09
4/10/2020,769.32
4/11/2020,769.32
4/12/2020,769.32
4/13/2020,768.95
4/14/2020,768.31
4/15/2020,772.67
4/16/2020,770.63
4/17/2020,768.03
4/18/2020,768.03
4/19/2020,768.03
4/20/2020,767.91
4/21/2020,768.41
4/22/2020,769.54
4/23/2020,766.69
4/24/2020,763.03
4/25/2020,763.03
4/26/2020,763.03
4/27/2020,764.86
4/28/2020,765.55
4/29/2020,765.88
4/30/2020,767.44
5/1/2020,767.44
5/2/2020,767.44
5/3/2020,767.44
5/4/2020,767.44
5/5/2020,767.44
5/6/2020,765.92
5/7/2020,765.48
5/8/2020,767.23
5/9/2020,767.23
5/10/2020,767.23
5/11/2020,766.86
5/12/2020,766.24
5/13/2020,768.95
5/14/2020,767.65
5/15/2020,766.58
5/16/2020,766.58
5/17/2020,766.58
5/18/2020,768.53
5/19/2020,773.77
5/20/2020,775.57
5/21/2020,777.72
5/22/2020,776.7
5/23/2020,776.7
5/24/2020,776.7
5/25/2020,776.53
5/26/2020,777.03
5/27/2020,780.66
5/28/2020,785.22
5/29/2020,789.7
5/30/2020,789.7
5/31/2020,789.7
6/1/2020,792.99
6/2/2020,792.26
6/3/2020,794.68
6/4/2020,797.47
6/5/2020,804.76
6/6/2020,804.76
6/7/2020,804.76
6/8/2020,801.82
6/9/2020,798.49
6/10/2020,801.5
6/11/2020,803.14
6/12/2020,800.36
6/13/2020,800.36
6/14/2020,800.36
6/15/2020,797.44
6/16/2020,801.73
6/17/2020,798.36
6/18/2020,796.98
6/19/2020,794.67
6/20/2020,794.67
6/21/2020,794.67
6/22/2020,792.09
6/23/2020,796.23
6/24/2020,798.32
6/25/2020,798.32
6/26/2020,798.32
6/27/2020,798.32
6/28/2020,798.32
6/29/2020,795.02
6/30/2020,796.1
7/1/2020,794.3
7/2/2020,794.05
7/3/2020,793.79
7/4/2020,793.79
7/5/2020,793.79
7/6/2020,794.94
7/7/2020,795.46
7/8/2020,791.7
7/9/2020,794.21
7/10/2020,789.48
7/11/2020,789.48
7/12/2020,789.48
7/13/2020,791.37
7/14/2020,794.23
7/15/2020,798.47
7/16/2020,798.12
7/17/2020,797.37
7/18/2020,797.37
7/19/2020,797.37
7/20/2020,799.89
7/21/2020,800.23
7/22/2020,803.62
7/23/2020,807.64
7/24/2020,811.41
7/25/2020,811.41
7/26/2020,811.41
7/27/2020,815.14
7/28/2020,821.67
7/29/2020,819.92
7/30/2020,823.87
7/31/2020,828.82
8/1/2020,828.82
8/2/2020,828.82
8/3/2020,823.89
8/4/2020,820.5
8/5/2020,823.21
8/6/2020,824.44
8/7/2020,824.25
8/8/2020,824.25
8/9/2020,824.25
8/10/2020,820.51
8/11/2020,817.92
8/12/2020,816.79
8/13/2020,818.89
8/14/2020,820.04
8/15/2020,820.04
8/16/2020,820.04
8/17/2020,821.72
8/18/2020,823.28
8/19/2020,825.79
8/20/2020,820.59
8/21/2020,819.87
8/22/2020,819.87
8/23/2020,819.87
8/24/2020,816.68
8/25/2020,815.86
8/26/2020,817.53
8/27/2020,814.98
8/28/2020,813.91
8/29/2020,813.91
8/30/2020,813.91
8/31/2020,816.49
9/1/2020,817.73
9/2/2020,814.65
9/3/2020,809.41
9/4/2020,809.74
9/5/2020,809.74
9/6/2020,809.74
9/7/2020,809.58
9/8/2020,807.81
9/9/2020,805.27
9/10/2020,806.72
9/11/2020,808.77
9/12/2020,808.77
9/13/2020,808.77
9/14/2020,809.36
9/15/2020,809.56
9/16/2020,803.24
9/17/2020,798.8
9/18/2020,800.98
9/19/2020,800.98
9/20/2020,800.98
9/21/2020,801.28
9/22/2020,797.86
9/23/2020,795.22
9/24/2020,793.44
9/25/2020,794.81
9/26/2020,794.81
9/27/2020,794.81
9/28/2020,793.98
9/29/2020,795.57
9/30/2020,799.41
10/1/2020,799.41
10/2/2020,799.41
10/3/2020,799.41
10/4/2020,799.41
10/5/2020,799.41
10/6/2020,799.41
10/7/2020,799.41
10/8/2020,799.41
10/9/2020,798.65
10/10/2020,798.65
10/11/2020,798.65
10/12/2020,792.29
10/13/2020,793.86
10/14/2020,792.22
10/15/2020,791.29
10/16/2020,788.23
10/17/2020,788.23
10/18/2020,788.23
10/19/2020,784.93
10/20/2020,787.57
10/21/2020,789.5
10/22/2020,788.63
10/23/2020,787.62
10/24/2020,787.62
10/25/2020,787.62
10/26/2020,789.95
10/27/2020,790.83
10/28/2020,791.21
10/29/2020,790
10/30/2020,784.63
10/31/2020,784.63
11/1/2020,784.63
11/2/2020,780.69
11/3/2020,779.14
11/4/2020,783.75
11/5/2020,785.03
11/6/2020,782.78
11/7/2020,782.78
11/8/2020,782.78
11/9/2020,786.26
11/10/2020,778.77
11/11/2020,780.78
11/12/2020,779.96
11/13/2020,782.57
11/14/2020,782.57
11/15/2020,782.57
11/16/2020,782.46
11/17/2020,779.88
11/18/2020,777.72
11/19/2020,776.18
11/20/2020,780.64
11/21/2020,780.64
11/22/2020,780.64
11/23/2020,779.63
11/24/2020,779.27
11/25/2020,782.08
11/26/2020,783.88
11/27/2020,783.22
11/28/2020,783.22
11/29/2020,783.22
11/30/2020,787.19
12/1/2020,786.77
12/2/2020,791.54
12/3/2020,794.23
12/4/2020,795.68
12/5/2020,795.68
12/6/2020,795.68
12/7/2020,792.48
12/8/2020,791.01
12/9/2020,790.79
12/10/2020,790.7
12/11/2020,794.02
12/12/2020,794.02
12/13/2020,794.02
12/14/2020,792.85
12/15/2020,794.68
12/16/2020,794.14
12/17/2020,796.94
12/18/2020,800.72
12/19/2020,800.72
12/20/2020,800.72
12/21/2020,799.98
12/22/2020,800.19
12/23/2020,797.97
12/24/2020,796.56
12/25/2020,795.82
12/26/2020,795.82
12/27/2020,795.82
12/28/2020,795.99
12/29/2020,799.63
12/30/2020,800.59
12/31/2020,802.5
1/1/2021,802.5
1/2/2021,802.5
1/3/2021,802.5
1/4/2021,800.95
1/5/2021,793.42
1/6/2021,794.04
1/7/2021,797.12
1/8/2021,793.74
1/9/2021,793.74
1/10/2021,793.74
1/11/2021,789.75
1/12/2021,787.86
1/13/2021,787.68
1/14/2021,786.98
1/15/2021,785.49
1/16/2021,785.49
1/17/2021,785.49
1/18/2021,783.17
1/19/2021,783.58
1/20/2021,786.95
1/21/2021,783.59
1/22/2021,786.02
1/23/2021,786.02
1/24/2021,786.02
1/25/2021,788.48
1/26/2021,787.15
1/27/2021,786.2
1/28/2021,784.35
1/29/2021,784.04
1/30/2021,784.04
1/31/2021,784.04
2/1/2021,783.3
2/2/2021,781.03
2/3/2021,778.69
2/4/2021,777.61
2/5/2021,774.23
2/6/2021,774.23
2/7/2021,774.23
2/8/2021,778.91
2/9/2021,777.5
2/10/2021,779.96
2/11/2021,779.96
2/12/2021,779.96
2/13/2021,779.96
2/14/2021,779.96
2/15/2021,779.96
2/16/2021,779.96
2/17/2021,779.96
2/18/2021,777.34
2/19/2021,781.62
2/20/2021,781.62
2/21/2021,781.62
2/22/2021,782.4
2/23/2021,784.97
2/24/2021,784.99
2/25/2021,785.01
2/26/2021,786.86
2/27/2021,786.86
2/28/2021,786.86
3/1/2021,782.91
3/2/2021,778.56
3/3/2021,780.16
3/4/2021,780.26
3/5/2021,776.4
3/6/2021,776.4
3/7/2021,776.4
3/8/2021,772.48
3/9/2021,774.23
3/10/2021,774.66
3/11/2021,774.79
3/12/2021,777.33
3/13/2021,777.33
3/14/2021,777.33
3/15/2021,776.76
3/16/2021,775.47
3/17/2021,773.39
3/18/2021,777.15
3/19/2021,775.74
3/20/2021,775.74
3/21/2021,775.74
3/22/2021,774.9
3/23/2021,776.04
3/24/2021,772.69
3/25/2021,771.09
3/26/2021,769.85
3/27/2021,769.85
3/28/2021,769.85
3/29/2021,771.04
3/30/2021,772.46
3/31/2021,770.28
4/1/2021,769.05
4/2/2021,773.08
4/3/2021,773.08
4/4/2021,773.08
4/5/2021,773.08
4/6/2021,774.33
4/7/2021,776.32
4/8/2021,776.92
4/9/2021,779.43
4/10/2021,779.43
4/11/2021,779.43
4/12/2021,780.41
4/13/2021,779.68
4/14/2021,781.22
4/15/2021,782.45
4/16/2021,781.37
4/17/2021,781.37
4/18/2021,781.37
4/19/2021,780.88
4/20/2021,783.73
4/21/2021,782.93
4/22/2021,781.09
4/23/2021,780.2
4/24/2021,780.2
4/25/2021,780.2
4/26/2021,784.72
4/27/2021,784.23
4/28/2021,783.95
4/29/2021,785.21
4/30/2021,783.97
5/1/2021,783.97
5/2/2021,783.97
5/3/2021,783.97
5/4/2021,783.97
5/5/2021,783.97
5/6/2021,779.05
5/7/2021,780.03
5/8/2021,780.03
5/9/2021,780.03
5/10/2021,783.59
5/11/2021,779.44
5/12/2021,780.27
5/13/2021,780.23
5/14/2021,779.2
5/15/2021,779.2
5/16/2021,779.2
5/17/2021,781.08
5/18/2021,782.33
5/19/2021,785.33
5/20/2021,784.91
5/21/2021,786.15
5/22/2021,786.15
5/23/2021,786.15
5/24/2021,784.51
5/25/2021,785.03
5/26/2021,785.17
5/27/2021,780.66
5/28/2021,778.22
5/29/2021,778.22
5/30/2021,778.22
5/31/2021,776.16
6/1/2021,777.2
6/2/2021,779.05
6/3/2021,778.95
6/4/2021,777.13
6/5/2021,777.13
6/6/2021,777.13
6/7/2021,777.89
6/8/2021,778.96
6/9/2021,778.49
6/10/2021,778.89
6/11/2021,777.29
6/12/2021,777.29
6/13/2021,777.29
6/14/2021,777.29
6/15/2021,776.43
6/16/2021,776.85
6/17/2021,770.65
6/18/2021,766.71
6/19/2021,766.71
6/20/2021,766.71
6/21/2021,766.47
6/22/2021,769.82
6/23/2021,771.44
6/24/2021,773.26
6/25/2021,772.34
6/26/2021,772.34
6/27/2021,772.34
6/28/2021,770.91
6/29/2021,769.95
6/30/2021,768.62
7/1/2021,767.01
7/2/2021,766.34
7/3/2021,766.34
7/4/2021,766.34
7/5/2021,767.16
7/6/2021,766.57
7/7/2021,765.38
7/8/2021,763.23
7/9/2021,766.82
7/10/2021,766.82
7/11/2021,766.82
7/12/2021,768.89
7/13/2021,768.13
7/14/2021,763.2
7/15/2021,764.83
7/16/2021,764.12
7/17/2021,764.12
7/18/2021,764.12
7/19/2021,764.08
7/20/2021,764.81
7/21/2021,763.75
7/22/2021,762.36
7/23/2021,761.22
7/24/2021,761.22
7/25/2021,761.22
7/26/2021,762.43
7/27/2021,764.18
7/28/2021,767.41
7/29/2021,769.32
7/30/2021,767.91
7/31/2021,767.91
8/1/2021,767.91
8/2/2021,767.25
8/3/2021,767.14
8/4/2021,767.3
8/5/2021,765.79
8/6/2021,764.66
8/7/2021,764.66
8/8/2021,764.66
8/9/2021,761.81
8/10/2021,761
8/11/2021,759.79
8/12/2021,760.34
8/13/2021,760.51
8/14/2021,760.51
8/15/2021,760.51
8/16/2021,763.02
8/17/2021,762.76
8/18/2021,760.26
8/19/2021,759.41
8/20/2021,758.82
8/21/2021,758.82
8/22/2021,758.82
8/23/2021,759.89
8/24/2021,761.15
8/25/2021,760.64
8/26/2021,761.9
8/27/2021,762.32
8/28/2021,762.32
8/29/2021,762.32
8/30/2021,762.97
8/31/2021,763.03
9/1/2021,763.77
9/2/2021,764.71
9/3/2021,766.79
9/4/2021,766.79
9/5/2021,766.79
9/6/2021,766.74
9/7/2021,766.2
9/8/2021,765.95
9/9/2021,763.58
9/10/2021,763.48
9/11/2021,763.48
9/12/2021,763.48
9/13/2021,761.85
9/14/2021,761.71
9/15/2021,761.06
9/16/2021,760.25
9/17/2021,759.01
9/18/2021,759.01
9/19/2021,759.01
9/20/2021,759.01
9/21/2021,759.01
9/22/2021,758.03
9/23/2021,756.93
9/24/2021,758.62
9/25/2021,758.62
9/26/2021,758.62
9/27/2021,758.22
9/28/2021,755.52
9/29/2021,755.47
9/30/2021,752.47
10/1/2021,752.47
10/2/2021,752.47
10/3/2021,752.47
10/4/2021,752.47
10/5/2021,752.47
10/6/2021,752.47
10/7/2021,752.47
10/8/2021,746.3
10/9/2021,746.3
10/10/2021,746.3
10/11/2021,745.91
10/12/2021,744.33
10/13/2021,745.06
10/14/2021,746.55
10/15/2021,746.52
10/16/2021,746.52
10/17/2021,746.52
10/18/2021,745.84
10/19/2021,746.85
10/20/2021,744.96
10/21/2021,744.42
10/22/2021,744.31
10/23/2021,744.31
10/24/2021,744.31
10/25/2021,744.21
10/26/2021,741.47
10/27/2021,740.45
10/28/2021,741.6
10/29/2021,746.43
10/30/2021,746.43
10/31/2021,746.43
11/1/2021,741.84
11/2/2021,742.25
11/3/2021,741.77
11/4/2021,742.33
11/5/2021,739.03
11/6/2021,739.03
11/7/2021,739.03
11/8/2021,739.45
11/9/2021,740.23
11/10/2021,741.28
11/11/2021,736.66
11/12/2021,733.38
11/13/2021,733.38
11/14/2021,733.38
11/15/2021,731.26
11/16/2021,727.02
11/17/2021,723.71
11/18/2021,722.09
11/19/2021,725.54
11/20/2021,725.54
11/21/2021,725.54
11/22/2021,720.86
11/23/2021,718.44
11/24/2021,718.65
11/25/2021,716.68
11/26/2021,716.83
11/27/2021,716.83
11/28/2021,716.83
11/29/2021,720.88
11/30/2021,720.63
12/1/2021,721.83
12/2/2021,721.09
12/3/2021,720.37
12/4/2021,720.37
12/5/2021,720.37
12/6/2021,720
12/7/2021,719.13
12/8/2021,717.85
12/9/2021,719.81
12/10/2021,717.31
12/11/2021,717.31
12/12/2021,717.31
12/13/2021,720.07
12/14/2021,718.23
12/15/2021,717.21
12/16/2021,718.35
12/17/2021,720.96
12/18/2021,720.96
12/19/2021,720.96
12/20/2021,718.37
12/21/2021,718.24
12/22/2021,718.79
12/23/2021,720.46
12/24/2021,721.28
12/25/2021,721.28
12/26/2021,721.28
12/27/2021,721.15
12/28/2021,721.93
12/29/2021,721
12/30/2021,722.42
12/31/2021,721.97
1/1/2022,721.97
1/2/2022,721.97
1/3/2022,721.97
1/4/2022,720.99
1/5/2022,719.62
1/6/2022,720.87
1/7/2022,720.02
1/8/2022,720.02
1/9/2022,720.02
1/10/2022,722.51
1/11/2022,721.71
1/12/2022,723.76
1/13/2022,726.24
1/14/2022,729.32
1/15/2022,729.32
1/16/2022,729.32
1/17/2022,725.54
1/18/2022,724.64
1/19/2022,720.6
1/20/2022,719.94
1/21/2022,718.04
1/22/2022,718.04
1/23/2022,718.04
1/24/2022,719.05
1/25/2022,718.01
1/26/2022,714.76
1/27/2022,712.1
1/28/2022,710.3
1/29/2022,710.3
1/30/2022,710.3
1/31/2022,710.3
2/1/2022,710.3
2/2/2022,710.3
2/3/2022,710.3
2/4/2022,710.3
2/5/2022,710.3
2/6/2022,710.3
2/7/2022,724.71
2/8/2022,726.93
2/9/2022,726.74
2/10/2022,726.42
2/11/2022,726.14
2/12/2022,726.14
2/13/2022,726.14
2/14/2022,723.39
2/15/2022,719.17
2/16/2022,720.74
2/17/2022,720.73
2/18/2022,719.89
2/19/2022,719.89
2/20/2022,719.89
2/21/2022,717.45
2/22/2022,717.63
2/23/2022,717.44
2/24/2022,715.14
2/25/2022,709.31
2/26/2022,709.31
2/27/2022,709.31
2/28/2022,706.59
3/1/2022,705.92
3/2/2022,704.91
3/3/2022,699.73
3/4/2022,698.84
3/5/2022,698.84
3/6/2022,698.84
3/7/2022,690.2
3/8/2022,686.34
3/9/2022,688.06
3/10/2022,697.73
3/11/2022,696.11
3/12/2022,696.11
3/13/2022,696.11
3/14/2022,692.5
3/15/2022,696.04
3/16/2022,699.21
3/17/2022,698.29
3/18/2022,703.37
3/19/2022,703.37
3/20/2022,703.37
3/21/2022,703.04
3/22/2022,701.11
3/23/2022,700.72
3/24/2022,700.38
3/25/2022,701.55
3/26/2022,701.55
3/27/2022,701.55
3/28/2022,699.93
3/29/2022,699.71
3/30/2022,704.8
3/31/2022,708.47
4/1/2022,702.89
4/2/2022,702.89
4/3/2022,702.89
4/4/2022,702.89
4/5/2022,702.89
4/6/2022,695.64
4/7/2022,693.81
4/8/2022,691.88
4/9/2022,691.88
4/10/2022,691.88
4/11/2022,693.06
4/12/2022,694
4/13/2022,689.98
4/14/2022,692.09
4/15/2022,690.68
4/16/2022,690.68
4/17/2022,690.68
4/18/2022,689.58
4/19/2022,686.97
4/20/2022,689.28
4/21/2022,695.22
4/22/2022,700.54
4/23/2022,700.54
4/24/2022,700.54
4/25/2022,701.53
4/26/2022,702.92
4/27/2022,698.39
4/28/2022,692.78
4/29/2022,695.31
4/30/2022,695.31
5/1/2022,695.31
5/2/2022,695.31
5/3/2022,695.31
5/4/2022,695.31
5/5/2022,697.06
5/6/2022,699.78
5/7/2022,699.78
5/8/2022,699.78
5/9/2022,705.02
5/10/2022,708.92
5/11/2022,708.87
5/12/2022,707.88
5/13/2022,705.55
5/14/2022,705.55
5/15/2022,705.55
5/16/2022,706.03
5/17/2022,708.45
5/18/2022,711.04
5/19/2022,707.38
5/20/2022,713.79
5/21/2022,713.79
5/22/2022,713.79
5/23/2022,706.34
5/24/2022,710.95
5/25/2022,714.38
5/26/2022,713.89
5/27/2022,723.32
5/28/2022,723.32
5/29/2022,723.32
5/30/2022,719.45
5/31/2022,717.47
6/1/2022,715.31
6/2/2022,714.83
6/3/2022,714.83
6/4/2022,714.83
6/5/2022,714.83
6/6/2022,715.61
6/7/2022,712.28
6/8/2022,712.89
6/9/2022,716.08
6/10/2022,711.46
6/11/2022,711.46
6/12/2022,711.46
6/13/2022,705.36
6/14/2022,702.69
6/15/2022,704.3
6/16/2022,701.42
6/17/2022,705.82
6/18/2022,705.82
6/19/2022,705.82
6/20/2022,704.03
6/21/2022,703.27
6/22/2022,706.22
6/23/2022,708.75
6/24/2022,705.22
6/25/2022,705.22
6/26/2022,705.22
6/27/2022,706.43
6/28/2022,707.94
6/29/2022,705.45
6/30/2022,700.84
7/1/2022,700.67
7/2/2022,700.67
7/3/2022,700.67
7/4/2022,699.76
7/5/2022,698.88
7/6/2022,690.42
7/7/2022,683.84
7/8/2022,682.2
7/9/2022,682.2
7/10/2022,682.2
7/11/2022,681.12
7/12/2022,675.71
7/13/2022,675.06
7/14/2022,675.09
7/15/2022,676.23
7/16/2022,676.23
7/17/2022,676.23
7/18/2022,680.48
7/19/2022,683.89
7/20/2022,690.32
7/21/2022,688.3
7/22/2022,689.96
7/23/2022,689.96
7/24/2022,689.96
7/25/2022,688.86
7/26/2022,689.81
7/27/2022,686.31
7/28/2022,687.67
7/29/2022,687.39
7/30/2022,687.39
7/31/2022,687.39
8/1/2022,688.8
8/2/2022,692.58
8/3/2022,688.63
8/4/2022,687.15
8/5/2022,690.64
8/6/2022,690.64
8/7/2022,690.64
8/8/2022,688.43
8/9/2022,689.02
8/10/2022,690.15
8/11/2022,693.16
8/12/2022,695.5
8/13/2022,695.5
8/14/2022,695.5
8/15/2022,691.56
8/16/2022,688.16
8/17/2022,690.25
8/18/2022,690.13
8/19/2022,686.63
8/20/2022,686.63
8/21/2022,686.63
8/22/2022,684.21
8/23/2022,680.7
8/24/2022,681.68
8/25/2022,684.47
8/26/2022,683.33
8/27/2022,683.33
8/28/2022,683.33
8/29/2022,683.46
8/30/2022,690.22
8/31/2022,692.24
9/1/2022,691.71
9/2/2022,687.9
9/3/2022,687.9
9/4/2022,687.9
9/5/2022,685.11
9/6/2022,688.86
9/7/2022,688.21
9/8/2022,693.68
9/9/2022,694.59
9/10/2022,694.59
9/11/2022,694.59
9/12/2022,694.59
9/13/2022,699.65
9/14/2022,691.57
9/15/2022,692.03
9/16/2022,694.21
9/17/2022,694.21
9/18/2022,694.21
9/19/2022,697.45
9/20/2022,699.41
9/21/2022,696.41
9/22/2022,689.76
9/23/2022,691.12
9/24/2022,691.12
9/25/2022,691.12
9/26/2022,684.29
9/27/2022,682.84
9/28/2022,683.05
9/29/2022,692.83
9/30/2022,698.92
10/1/2022,698.92
10/2/2022,698.92
10/3/2022,698.92
10/4/2022,698.92
10/5/2022,698.92
10/6/2022,698.92
10/7/2022,698.92
10/8/2022,698.92
10/9/2022,698.92
10/10/2022,692.47
10/11/2022,691.07
10/12/2022,692.43
10/13/2022,691.99
10/14/2022,695.96
10/15/2022,695.96
10/16/2022,695.96
10/17/2022,695.12
10/18/2022,700.66
10/19/2022,703.08
10/20/2022,699.49
10/21/2022,699.02
10/22/2022,699.02
10/23/2022,699.02
10/24/2022,704.21
10/25/2022,709.08
10/26/2022,716.14
10/27/2022,721.57
10/28/2022,716.12
10/29/2022,716.12
10/30/2022,716.12
10/31/2022,717.03
11/1/2022,713.34
11/2/2022,714.1
11/3/2022,711.53
11/4/2022,709.55
11/5/2022,709.55
11/6/2022,709.55
11/7/2022,717.66
11/8/2022,723.17
11/9/2022,726.28
11/10/2022,725.23
11/11/2022,732.8
11/12/2022,732.8
11/13/2022,732.8
11/14/2022,732.64
11/15/2022,727.09
11/16/2022,727.93
11/17/2022,734.42
11/18/2022,736.26
11/19/2022,736.26
11/20/2022,736.26
11/21/2022,735.51
11/22/2022,733.78
11/23/2022,734.81
11/24/2022,741.48
11/25/2022,742.12
11/26/2022,742.12
11/27/2022,742.12
11/28/2022,742.9
11/29/2022,744.61
11/30/2022,741.29
12/1/2022,742.35
12/2/2022,742.82
12/3/2022,742.82
12/4/2022,742.82
12/5/2022,741.91
12/6/2022,732.51
12/7/2022,732.46
12/8/2022,731.66
12/9/2022,734.6
12/10/2022,734.6
12/11/2022,734.6
12/12/2022,731.91
12/13/2022,734.95
12/14/2022,738.6
12/15/2022,740.62
12/16/2022,742.02
12/17/2022,742.02
12/18/2022,742.02
12/19/2022,738.61
12/20/2022,741.12
12/21/2022,740.14
12/22/2022,739.64
12/23/2022,739.84
12/24/2022,739.84
12/25/2022,739.84
12/26/2022,741.19
12/27/2022,740.07
12/28/2022,740.9
12/29/2022,741.61
12/30/2022,742.29
12/31/2022,742.29
1/1/2023,742.29
1/2/2023,742.29
1/3/2023,741.33
1/4/2023,729.21
1/5/2023,731.6
1/6/2023,725.35
1/7/2023,725.35
1/8/2023,725.35
1/9/2023,727.18
1/10/2023,725.49
1/11/2023,727.46
1/12/2023,728.77
1/13/2023,730.67
1/14/2023,730.67
1/15/2023,730.67
1/16/2023,727.09
1/17/2023,727.92
1/18/2023,729.13
1/19/2023,730.44
1/20/2023,733.61
1/21/2023,733.61
1/22/2023,733.61
1/23/2023,733.61
1/24/2023,733.61
1/25/2023,733.61
1/26/2023,733.61
1/27/2023,733.61
1/28/2023,733.61
1/29/2023,733.61
1/30/2023,735.17
1/31/2023,733.54
2/1/2023,733.18
2/2/2023,739.35
2/3/2023,734.97
2/4/2023,734.97
2/5/2023,734.97
2/6/2023,731.01
2/7/2023,729.01
2/8/2023,726.82
2/9/2023,727.53
2/10/2023,728.86
2/11/2023,728.86
2/12/2023,728.86
2/13/2023,727.37
2/14/2023,730.87
2/15/2023,732.04
2/16/2023,732.28
2/17/2023,731.93
2/18/2023,731.93
2/19/2023,731.93
2/20/2023,733.3
2/21/2023,732.65
2/22/2023,732.29
2/23/2023,732.14
2/24/2023,730.7
2/25/2023,730.7
2/26/2023,730.7
2/27/2023,734.06
2/28/2023,737.47
3/1/2023,734.16
3/2/2023,734.17
3/3/2023,732.67
3/4/2023,732.67
3/5/2023,732.67
3/6/2023,732.8
3/7/2023,738.54
3/8/2023,733.63
3/9/2023,734.83
3/10/2023,737.38
3/11/2023,737.38
3/12/2023,737.38
3/13/2023,741.56
3/14/2023,739.52
3/15/2023,737.03
3/16/2023,731.94
3/17/2023,733.01
3/18/2023,733.01
3/19/2023,733.01
3/20/2023,733.8
3/21/2023,737.03
3/22/2023,740.12
3/23/2023,746.75
3/24/2023,740.69
3/25/2023,740.69
3/26/2023,740.69
3/27/2023,740.38
3/28/2023,743.03
3/29/2023,745.51
3/30/2023,746.8
3/31/2023,749.45
4/1/2023,749.45
4/2/2023,749.45
4/3/2023,743.81
4/4/2023,749.3
4/5/2023,749.3
4/6/2023,749.86
4/7/2023,751.49
4/8/2023,751.49
4/9/2023,751.49
4/10/2023,750.08
4/11/2023,748.59
4/12/2023,751.58
4/13/2023,755.04
4/14/2023,758.19
4/15/2023,758.19
4/16/2023,758.19
4/17/2023,754.51
4/18/2023,751.78
4/19/2023,754.36
4/20/2023,755.37
4/21/2023,754
4/22/2023,754
4/23/2023,754
4/24/2023,756.48
4/25/2023,761.09
4/26/2023,759.99
4/27/2023,764.35
4/28/2023,763.61
4/29/2023,763.61
4/30/2023,763.61
5/1/2023,763.61
5/2/2023,763.61
5/3/2023,763.61
5/4/2023,764.58
5/5/2023,761.89
5/6/2023,761.89
5/7/2023,761.89
5/8/2023,762.17
5/9/2023,761.35
5/10/2023,760.04
5/11/2023,759.11
5/12/2023,758.5
5/13/2023,758.5
5/14/2023,758.5
5/15/2023,755.83
5/16/2023,755.93
5/17/2023,757.78
5/18/2023,758.58
5/19/2023,758.29
5/20/2023,758.29
5/21/2023,758.29
5/22/2023,759.11
5/23/2023,760.31
5/24/2023,760.02
5/25/2023,758.43
5/26/2023,758.88
5/27/2023,758.88
5/28/2023,758.88
5/29/2023,756.79
5/30/2023,758.36
5/31/2023,760.16
6/1/2023,758.87
6/2/2023,763.21
6/3/2023,763.21
6/4/2023,763.21
6/5/2023,758.54
6/6/2023,761.15
6/7/2023,761.44
6/8/2023,762.69
6/9/2023,766.92
6/10/2023,766.92
6/11/2023,766.92
6/12/2023,765.4
6/13/2023,769.53
6/14/2023,772.14
6/15/2023,774.86
6/16/2023,780.42
6/17/2023,780.42
6/18/2023,780.42
6/19/2023,778.95
6/20/2023,782.26
6/21/2023,783.96
6/22/2023,783.96
6/23/2023,783.96
6/24/2023,783.96
6/25/2023,783.96
6/26/2023,786.18
6/27/2023,787.73
6/28/2023,789.99
6/29/2023,791.67
6/30/2023,787.71
7/1/2023,787.71
7/2/2023,787.71
7/3/2023,789.92
7/4/2023,789.34
7/5/2023,785.01
7/6/2023,786.41
7/7/2023,788.69
7/8/2023,788.69
7/9/2023,788.69
7/10/2023,790.34
7/11/2023,793.81
7/12/2023,791.98
7/13/2023,797.39
7/14/2023,801.69
7/15/2023,801.69
7/16/2023,801.69
7/17/2023,801.5
7/18/2023,805.5
7/19/2023,805.58
7/20/2023,808.79
7/21/2023,800.41
7/22/2023,800.41
7/23/2023,800.41
7/24/2023,798.8
7/25/2023,796.36
7/26/2023,788.5
7/27/2023,792.08
7/28/2023,786.27
7/29/2023,786.27
7/30/2023,786.27
7/31/2023,788.36
8/1/2023,785.79
8/2/2023,788.35
8/3/2023,786.14
8/4/2023,785.63
8/5/2023,785.63
8/6/2023,785.63
8/7/2023,787.84
8/8/2023,789.33
8/9/2023,789.84
8/10/2023,789.63
8/11/2023,791.71
8/12/2023,791.71
8/13/2023,791.71
8/14/2023,789.88
8/15/2023,790.13
8/16/2023,792.05
8/17/2023,791.51
8/18/2023,790.87
8/19/2023,790.87
8/20/2023,790.87
8/21/2023,790.51
8/22/2023,793.5
8/23/2023,789.65
8/24/2023,788.64
8/25/2023,785.1
8/26/2023,785.1
8/27/2023,785.1
8/28/2023,784.37
8/29/2023,786.02
8/30/2023,789.66
8/31/2023,792.71
9/1/2023,788.15
9/2/2023,788.15
9/3/2023,788.15
9/4/2023,781.44
9/5/2023,781.27
9/6/2023,781.2
9/7/2023,781.2
9/8/2023,780.69
9/9/2023,780.69
9/10/2023,780.69
9/11/2023,781.4
9/12/2023,779.52
9/13/2023,779.19
9/14/2023,776.11
9/15/2023,768.65
9/16/2023,768.65
9/17/2023,768.65
9/18/2023,769.94
9/19/2023,771.79
9/20/2023,771.07
9/21/2023,768.63
9/22/2023,768.81
9/23/2023,768.81
9/24/2023,768.81
9/25/2023,767.76
9/26/2023,762.81
9/27/2023,762.88
9/28/2023,758.49
9/29/2023,758.49
9/30/2023,758.49
10/1/2023,758.49
10/2/2023,758.49
10/3/2023,758.49
10/4/2023,758.49
10/5/2023,758.49
10/6/2023,758.49
10/7/2023,758.49
10/8/2023,758.49
10/9/2023,762.29
10/10/2023,761.71
10/11/2023,764.43
10/12/2023,765.61
10/13/2023,760.45
10/14/2023,760.45
10/15/2023,760.45
10/16/2023,759.2
10/17/2023,759.44
10/18/2023,762.59
10/19/2023,760.82
10/20/2023,762.75
10/21/2023,762.75
10/22/2023,762.75
10/23/2023,763.78
10/24/2023,768.99
10/25/2023,764.49
10/26/2023,762.72
10/27/2023,761.8
10/28/2023,761.8
10/29/2023,761.8
10/30/2023,761.98
10/31/2023,764.8
11/1/2023,763.99
11/2/2023,763.32
11/3/2023,766.12
11/4/2023,766.12
11/5/2023,766.12
11/6/2023,772.62
11/7/2023,772.3
11/8/2023,771.33
11/9/2023,771.43
11/10/2023,769.17
11/11/2023,769.17
11/12/2023,769.17
11/13/2023,770.42
11/14/2023,771.02
11/15/2023,781.52
11/16/2023,780.27
11/17/2023,780.57
11/18/2023,780.57
11/19/2023,780.57
11/20/2023,783.4
11/21/2023,783.49
11/22/2023,779.46
11/23/2023,777.38
11/24/2023,777.08
11/25/2023,777.08
11/26/2023,777.08
11/27/2023,778.73
11/28/2023,779.89
11/29/2023,782.25
11/30/2023,780.45
12/1/2023,775.86
12/2/2023,775.86
12/3/2023,775.86
12/4/2023,773.82
12/5/2023,771.67
12/6/2023,769.37
12/7/2023,767.46
12/8/2023,767.92
12/9/2023,767.92
12/10/2023,767.92
12/11/2023,767.37
12/12/2023,768.12
12/13/2023,769.33
12/14/2023,773.56
12/15/2023,779.88
12/16/2023,779.88
12/17/2023,779.88
12/18/2023,774.14
12/19/2023,775.84
12/20/2023,779.75
12/21/2023,777.75
12/22/2023,781.6
12/23/2023,781.6
12/24/2023,781.6
12/25/2023,782.38
12/26/2023,783.35
12/27/2023,784.52
12/28/2023,789.01
12/29/2023,785.92
12/30/2023,785.92
12/31/2023,785.92
1/1/2024,785.92
1/2/2024,782.18
1/3/2024,778.02
1/4/2024,777.62
1/5/2024,779.07
1/6/2024,779.07
1/7/2024,779.07
1/8/2024,778.28
1/9/2024,778.76
1/10/2024,778.09
1/11/2024,781.39
1/12/2024,781.42
1/13/2024,781.42
1/14/2024,781.42
1/15/2024,779.75
1/16/2024,780.3
1/17/2024,777.29
1/18/2024,777.37
1/19/2024,775.51
1/20/2024,775.51
1/21/2024,775.51
1/22/2024,776.79
1/23/2024,776.35
1/24/2024,774.07
1/25/2024,774.46
1/26/2024,772.56
1/27/2024,772.56
1/28/2024,772.56
1/29/2024,772.18
1/30/2024,771.5
1/31/2024,771.53
2/1/2024,769.53
2/2/2024,773.2
2/3/2024,773.2
2/4/2024,773.2
2/5/2024,767.55
2/6/2024,766.69
2/7/2024,766.09
2/8/2024,767.81
2/9/2024,768.58
2/10/2024,768.58
2/11/2024,768.58
2/12/2024,768.58
2/13/2024,768.58
2/14/2024,768.58
2/15/2024,768.58
2/16/2024,768.58
2/17/2024,768.58
2/18/2024,768.58
2/19/2024,767.96
2/20/2024,767.99
2/21/2024,769.94
2/22/2024,770.88
2/23/2024,771.02
2/24/2024,771.02
2/25/2024,771.02
2/26/2024,771.71
2/27/2024,773.09
2/28/2024,772.9
2/29/2024,772.49
3/1/2024,770.17
3/2/2024,770.17
3/3/2024,770.17
3/4/2024,772.24
3/5/2024,773.47
3/6/2024,773.35
3/7/2024,775.94
3/8/2024,779.15
3/9/2024,779.15
3/10/2024,779.15
3/11/2024,778.78
3/12/2024,777.82
3/13/2024,777.96
3/14/2024,779.12
3/15/2024,775.69
3/16/2024,775.69
3/17/2024,775.69
3/18/2024,775.59
3/19/2024,774.39
3/20/2024,774.41
3/21/2024,777.69
3/22/2024,774.65
3/23/2024,774.65
3/24/2024,774.65
3/25/2024,771.67
3/26/2024,772.03
3/27/2024,771.79
3/28/2024,770.43
3/29/2024,767.65
3/30/2024,767.65
3/31/2024,767.65
4/1/2024,768.89
4/2/2024,766.5
4/3/2024,767.73
4/4/2024,767.73
4/5/2024,767.73
4/6/2024,767.73
4/7/2024,767.73
4/8/2024,771.37
4/9/2024,773.82
4/10/2024,774.02
4/11/2024,766.9
4/12/2024,765.29
4/13/2024,765.29
4/14/2024,765.29
4/15/2024,761.79
4/16/2024,759.69
4/17/2024,759.73
4/18/2024,759.8
4/19/2024,758.73
4/20/2024,758.73
4/21/2024,758.73
4/22/2024,759.55
4/23/2024,760.53
4/24/2024,763.32
4/25/2024,763.72
4/26/2024,765.61
4/27/2024,765.61
4/28/2024,765.61
4/29/2024,764.86
4/30/2024,764.58
5/1/2024,764.58
5/2/2024,764.58
5/3/2024,764.58
5/4/2024,764.58
5/5/2024,764.58
5/6/2024,766.32
5/7/2024,767.42
5/8/2024,766.59
5/9/2024,766.39
5/10/2024,768.17
5/11/2024,768.17
5/12/2024,768.17
5/13/2024,768.29
5/14/2024,769.51
5/15/2024,771.29
5/16/2024,774.98
5/17/2024,774.46
5/18/2024,774.46
5/19/2024,774.46
5/20/2024,775.28
5/21/2024,775.03
5/22/2024,775.08
5/23/2024,773.3
5/24/2024,772.54
5/25/2024,772.54
5/26/2024,772.54
5/27/2024,774.02
5/28/2024,775.04
5/29/2024,775.08
5/30/2024,772.22
5/31/2024,773.22
6/1/2024,773.22
6/2/2024,773.22
6/3/2024,774.57
6/4/2024,777.87
6/5/2024,776.98
6/6/2024,776.64
6/7/2024,777.6
6/8/2024,777.6
6/9/2024,777.6
6/10/2024,777.6
6/11/2024,769.7
6/12/2024,767.88
6/13/2024,771.97
6/14/2024,767.95
6/15/2024,767.95
6/16/2024,767.95
6/17/2024,765.55
6/18/2024,767.49
6/19/2024,766.87
6/20/2024,768.01
6/21/2024,766.23
6/22/2024,766.23
6/23/2024,766.23
6/24/2024,765.07
6/25/2024,767.03
6/26/2024,766.54
6/27/2024,765.01
6/28/2024,766.17
6/29/2024,766.17
6/30/2024,766.17
7/1/2024,767.87
7/2/2024,768.92
7/3/2024,769.39
7/4/2024,772.32
7/5/2024,774.09
7/6/2024,774.09
7/7/2024,774.09
7/8/2024,774.7
7/9/2024,775.35
7/10/2024,774.95
7/11/2024,776.28
7/12/2024,777.26
7/13/2024,777.26
7/14/2024,777.26
7/15/2024,779.29
7/16/2024,780.47
7/17/2024,780.89
7/18/2024,782.53
7/19/2024,780.9
7/20/2024,780.9
7/21/2024,780.9
7/22/2024,780.87
7/23/2024,780.47
7/24/2024,777.64
7/25/2024,776.43
7/26/2024,775.99
7/27/2024,775.99
7/28/2024,775.99
7/29/2024,776.79
7/30/2024,774.97
7/31/2024,774.39
8/1/2024,773.59
8/2/2024,772.46
8/3/2024,772.46
8/4/2024,772.46
8/5/2024,778.89
8/6/2024,781.43
8/7/2024,779.95
8/8/2024,781.51
8/9/2024,780.64
8/10/2024,780.64
8/11/2024,780.64
8/12/2024,780.38
8/13/2024,782.17
8/14/2024,785.17
8/15/2024,786.18
8/16/2024,784.88
8/17/2024,784.88
8/18/2024,784.88
8/19/2024,787.48
8/20/2024,790.26
8/21/2024,793.25
8/22/2024,794.63
8/23/2024,793.16
8/24/2024,793.16
8/25/2024,793.16
8/26/2024,795.84
8/27/2024,794.94
8/28/2024,796.16
8/29/2024,793.18
8/30/2024,788.07
8/31/2024,788.07
9/1/2024,788.07
9/2/2024,784.44
9/3/2024,786.54
9/4/2024,785.82
9/5/2024,786.6
9/6/2024,787.83
9/7/2024,787.83
9/8/2024,787.83
9/9/2024,787.08
9/10/2024,784.98
9/11/2024,784.43
9/12/2024,784
9/13/2024,786.8
9/14/2024,786.8
9/15/2024,786.8
9/16/2024,786.8
9/17/2024,786.8
9/18/2024,788.35
9/19/2024,788.59
9/20/2024,788.34
9/21/2024,788.34
9/22/2024,788.34
9/23/2024,787.14
9/24/2024,783.32
9/25/2024,785.24
9/26/2024,783.17
9/27/2024,783.26
9/28/2024,783.26
9/29/2024,783.26
9/30/2024,782.67
10/1/2024,782.67
10/2/2024,782.67
10/3/2024,782.67
10/4/2024,782.67
10/5/2024,782.67
10/6/2024,782.67
10/7/2024,782.67
10/8/2024,776.43
10/9/2024,774.61
10/10/2024,773.92
10/11/2024,773.34
10/12/2024,773.34
10/13/2024,773.34
10/14/2024,772.55
10/15/2024,772.55
10/16/2024,775.08
10/17/2024,773.37
10/18/2024,771.73
10/19/2024,771.73
10/20/2024,771.73
10/21/2024,771.26
10/22/2024,770.16
10/23/2024,769.12
10/24/2024,768.68
10/25/2024,769.39
10/26/2024,769.39
10/27/2024,769.39
10/28/2024,769.9
10/29/2024,770.73
10/30/2024,772.48
10/31/2024,773.68
11/1/2024,774.21
11/2/2024,774.21
11/3/2024,774.21
11/4/2024,774.19
11/5/2024,772.4
11/6/2024,774.11
11/7/2024,768.62
11/8/2024,770.99
11/9/2024,770.99
11/10/2024,770.99
11/11/2024,769.16
11/12/2024,766.41
11/13/2024,768.75
11/14/2024,763.17
11/15/2024,761.31
11/16/2024,761.31
11/17/2024,761.31
11/18/2024,760.29
11/19/2024,763.86
11/20/2024,765.17
11/21/2024,761.78
11/22/2024,756.41
11/23/2024,756.41
11/24/2024,756.41
11/25/2024,756.45
11/26/2024,756.13
11/27/2024,757.39
11/28/2024,761.7
11/29/2024,760.87
11/30/2024,760.87
12/1/2024,760.87
12/2/2024,759.07
12/3/2024,757.99
12/4/2024,759.45
12/5/2024,758.89
12/6/2024,762.43
12/7/2024,762.43
12/8/2024,762.43
12/9/2024,761.98
12/10/2024,762.16
12/11/2024,760.04
12/12/2024,757.89
12/13/2024,756.75
12/14/2024,756.75
12/15/2024,756.75
12/16/2024,758.74
12/17/2024,759.7
12/18/2024,758.3
12/19/2024,749.98
12/20/2024,749.84
12/21/2024,749.84
12/22/2024,749.84
12/23/2024,753.15
12/24/2024,752.35
12/25/2024,751.78
12/26/2024,751.57
12/27/2024,753.37
12/28/2024,753.37
12/29/2024,753.37
12/30/2024,754.07
12/30/2024,754.07
12/31/2024,752.57
12/31/2024,752.57
1/1/2025,752.57
1/2/2025,749.1
1/3/2025,742.69
1/4/2025,742.69
1/5/2025,742.69
1/6/2025,744.43
1/7/2025,750.35
1/8/2025,749.05
1/9/2025,746.94
1/10/2025,745.27
1/11/2025,745.27
1/12/2025,745.27
1/13/2025,742.22
1/14/2025,742.06
1/15/2025,745.31
1/16/2025,744.42
1/17/2025,745.62
1/18/2025,745.62
1/19/2025,745.62
1/20/2025,742.28
1/21/2025,750.02
1/22/2025,749.76
1/23/2025,750.18
1/24/2025,750.62
1/25/2025,750.62
1/26/2025,750.62
1/27/2025,753.01
1/28/2025,753.01
1/29/2025,753.01
1/30/2025,753.01
1/31/2025,753.01
2/1/2025,753.01
2/2/2025,753.01
2/3/2025,753.01
2/4/2025,753.01
2/5/2025,747.94
2/6/2025,748.43
2/7/2025,748.15
2/8/2025,748.15
2/9/2025,748.15
2/10/2025,743.25
2/11/2025,743.69
2/12/2025,747.35
2/13/2025,750.61
2/14/2025,753.18
2/15/2025,753.18
2/16/2025,753.18
2/17/2025,753.94
2/18/2025,753.31
2/19/2025,751.78
2/20/2025,750.24
2/21/2025,753.88
2/22/2025,753.88
2/23/2025,753.88
2/24/2025,754.75
2/25/2025,753.22
2/26/2025,757.13
2/27/2025,755.56
2/28/2025,750.45
3/1/2025,750.45
3/2/2025,750.45
3/3/2025,751.39
3/4/2025,755.57
3/5/2025,764.52
3/6/2025,775.73
3/7/2025,776.07
3/8/2025,776.07
3/9/2025,776.07
3/10/2025,780.93
3/11/2025,781.18
3/12/2025,784.4
3/13/2025,783.4
3/14/2025,781.13
3/15/2025,781.13
3/16/2025,781.13
3/17/2025,781.96
3/18/2025,784.39
3/19/2025,786.33
3/20/2025,784.57
3/21/2025,782.09
3/22/2025,782.09
3/23/2025,782.09
