Date,rate
1/1/1994,870
1/2/1994,870
1/3/1994,870
1/4/1994,870
1/5/1994,870
1/6/1994,870
1/7/1994,869
1/8/1994,870
1/9/1994,870
1/10/1994,870
1/11/1994,870
1/12/1994,870
1/13/1994,870
1/14/1994,870
1/15/1994,870
1/16/1994,870
1/17/1994,870
1/18/1994,870
1/19/1994,870
1/20/1994,870
1/21/1994,870
1/22/1994,870
1/23/1994,870
1/24/1994,870
1/25/1994,871
1/26/1994,870
1/27/1994,870
1/28/1994,870
1/29/1994,870
1/30/1994,870
1/31/1994,870
2/1/1994,869.94
2/2/1994,870.1
2/3/1994,870.34
2/4/1994,870.1
2/5/1994,870.05
2/6/1994,870.05
2/7/1994,870.05
2/8/1994,870.74
2/9/1994,870.74
2/10/1994,870.74
2/11/1994,870.74
2/12/1994,870.74
2/13/1994,870.74
2/14/1994,870.74
2/15/1994,870.74
2/16/1994,870.24
2/17/1994,870.65
2/18/1994,870.2
2/19/1994,869.88
2/20/1994,869.88
2/21/1994,869.88
2/22/1994,869.95
2/23/1994,869.66
2/24/1994,870.22
2/25/1994,869.47
2/26/1994,870.44
2/27/1994,870.44
2/28/1994,870.44
3/1/1994,870.2
3/2/1994,870.5
3/3/1994,870.6
3/4/1994,870.62
3/5/1994,870.66
3/6/1994,870.66
3/7/1994,870.66
3/8/1994,870.5
3/9/1994,870.38
3/10/1994,870.03
3/11/1994,870.38
3/12/1994,870.05
3/13/1994,870.05
3/14/1994,870.05
3/15/1994,870
3/16/1994,870.07
3/17/1994,870.02
3/18/1994,869.91
3/19/1994,869.92
3/20/1994,869.92
3/21/1994,869.92
3/22/1994,869.78
3/23/1994,869.93
3/24/1994,870.55
3/25/1994,870.12
3/26/1994,870.16
3/27/1994,870.16
3/28/1994,870.16
3/29/1994,870.24
3/30/1994,870.02
3/31/1994,870.8
4/1/1994,869.87
4/2/1994,869.87
4/3/1994,869.87
4/4/1994,869.88
4/5/1994,869.67
4/6/1994,869.99
4/7/1994,869.82
4/8/1994,869.99
4/9/1994,869.99
4/10/1994,869.99
4/11/1994,870.01
4/12/1994,869.91
4/13/1994,869.92
4/14/1994,869.82
4/15/1994,869.71
4/16/1994,869.71
4/17/1994,869.71
4/18/1994,869.61
4/19/1994,869.52
4/20/1994,869.45
4/21/1994,869.37
4/22/1994,869.25
4/23/1994,869.25
4/24/1994,869.25
4/25/1994,869.25
4/26/1994,869.09
4/27/1994,868.94
4/28/1994,868.77
4/29/1994,868.72
4/30/1994,868.72
5/1/1994,868.72
5/2/1994,868.72
5/3/1994,868.47
5/4/1994,867.84
5/5/1994,867.36
5/6/1994,866.82
5/7/1994,866.82
5/8/1994,866.82
5/9/1994,866.64
5/10/1994,866.53
5/11/1994,866.4
5/12/1994,866.29
5/13/1994,866.2
5/14/1994,866.2
5/15/1994,866.2
5/16/1994,866.1
5/17/1994,866.06
5/18/1994,866.07
5/19/1994,866.05
5/20/1994,866.04
5/21/1994,866.04
5/22/1994,866.04
5/23/1994,866.02
5/24/1994,866.04
5/25/1994,866.02
5/26/1994,866.02
5/27/1994,866
5/28/1994,866
5/29/1994,866
5/30/1994,865.98
5/31/1994,865.97
6/1/1994,865.96
6/2/1994,865.94
6/3/1994,865.91
6/4/1994,865.91
6/5/1994,865.91
6/6/1994,865.91
6/7/1994,865.9
6/8/1994,865.9
6/9/1994,865.88
6/10/1994,865.85
6/11/1994,865.85
6/12/1994,865.85
6/13/1994,865.83
6/14/1994,865.81
6/15/1994,865.79
6/16/1994,865.75
6/17/1994,865.73
6/18/1994,865.73
6/19/1994,865.73
6/20/1994,865.73
6/21/1994,865.73
6/22/1994,865.73
6/23/1994,865.73
6/24/1994,865.73
6/25/1994,865.73
6/26/1994,865.73
6/27/1994,865.73
6/28/1994,865.73
6/29/1994,865.73
6/30/1994,865.73
7/1/1994,865.17
7/2/1994,865.17
7/3/1994,865.17
7/4/1994,865.1
7/5/1994,865
7/6/1994,864.96
7/7/1994,864.9
7/8/1994,864.81
7/9/1994,864.81
7/10/1994,864.81
7/11/1994,864.74
7/12/1994,864.66
7/13/1994,864.58
7/14/1994,864.47
7/15/1994,864.37
7/16/1994,864.37
7/17/1994,864.37
7/18/1994,864.29
7/19/1994,864.18
7/20/1994,864.08
7/21/1994,863.89
7/22/1994,863.64
7/23/1994,863.64
7/24/1994,863.64
7/25/1994,863.35
7/26/1994,862.95
7/27/1994,862.64
7/28/1994,862.38
7/29/1994,862.14
7/30/1994,862.14
7/31/1994,862.14
8/1/1994,861.97
8/2/1994,861.69
8/3/1994,861.41
8/4/1994,861.14
8/5/1994,860.88
8/6/1994,860.88
8/7/1994,860.88
8/8/1994,860.55
8/9/1994,860.23
8/10/1994,860.03
8/11/1994,859.82
8/12/1994,859.62
8/13/1994,859.62
8/14/1994,859.62
8/15/1994,859.38
8/16/1994,859.12
8/17/1994,858.87
8/18/1994,858.56
8/19/1994,858.31
8/20/1994,858.31
8/21/1994,858.31
8/22/1994,858.01
8/23/1994,857.74
8/24/1994,857.58
8/25/1994,857.35
8/26/1994,857.08
8/27/1994,857.08
8/28/1994,857.08
8/29/1994,856.75
8/30/1994,856.43
8/31/1994,856.16
9/1/1994,855.91
9/2/1994,855.65
9/3/1994,855.65
9/4/1994,855.65
9/5/1994,855.4
9/6/1994,855.11
9/7/1994,854.91
9/8/1994,854.7
9/9/1994,854.48
9/10/1994,854.48
9/11/1994,854.48
9/12/1994,854.22
9/13/1994,854.07
9/14/1994,853.96
9/15/1994,853.81
9/16/1994,853.65
9/17/1994,853.65
9/18/1994,853.65
9/19/1994,853.52
9/20/1994,853.52
9/21/1994,853.52
9/22/1994,853.52
9/23/1994,853.52
9/24/1994,853.52
9/25/1994,853.52
9/26/1994,853.52
9/27/1994,853.52
9/28/1994,853.52
9/29/1994,853.52
9/30/1994,853.52
10/1/1994,853.52
10/2/1994,853.52
10/3/1994,853.52
10/4/1994,853.52
10/5/1994,853
10/6/1994,853.01
10/7/1994,853
10/8/1994,853
10/9/1994,853
10/10/1994,853
10/11/1994,852.97
10/12/1994,852.97
10/13/1994,852.98
10/14/1994,852.97
10/15/1994,852.97
10/16/1994,852.97
10/17/1994,852.97
10/18/1994,852.96
10/19/1994,852.96
10/20/1994,852.95
10/21/1994,852.95
10/22/1994,852.95
10/23/1994,852.95
10/24/1994,852.95
10/25/1994,852.91
10/26/1994,852.85
10/27/1994,852.79
10/28/1994,852.73
10/29/1994,852.73
10/30/1994,852.73
10/31/1994,852.66
11/1/1994,852.6
11/2/1994,852.55
11/3/1994,852.48
11/4/1994,852.38
11/5/1994,852.38
11/6/1994,852.38
11/7/1994,852.27
11/8/1994,852.18
11/9/1994,852.08
11/10/1994,852
11/11/1994,851.9
11/12/1994,851.9
11/13/1994,851.9
11/14/1994,851.8
11/15/1994,851.74
11/16/1994,851.63
11/17/1994,851.53
11/18/1994,851.4
11/19/1994,851.4
11/20/1994,851.4
11/21/1994,851.36
11/22/1994,851.31
11/23/1994,851.26
11/24/1994,851.2
11/25/1994,851.11
11/26/1994,851.11
11/27/1994,851.11
11/28/1994,851.05
11/29/1994,851.01
11/30/1994,850.93
12/1/1994,850.9
12/2/1994,850.84
12/3/1994,850.84
12/4/1994,850.84
12/5/1994,850.79
12/6/1994,850.74
12/7/1994,850.7
12/8/1994,850.41
12/9/1994,850.25
12/10/1994,850.25
12/11/1994,850.25
12/12/1994,849.92
12/13/1994,849.6
12/14/1994,849.3
12/15/1994,849.01
12/16/1994,848.74
12/17/1994,848.74
12/18/1994,848.74
12/19/1994,848.35
12/20/1994,848.01
12/21/1994,847.54
12/22/1994,847.2
12/23/1994,846.77
12/24/1994,846.77
12/25/1994,846.77
12/26/1994,846.26
12/27/1994,845.88
12/28/1994,845.5
12/29/1994,845.18
12/30/1994,844.91
12/31/1994,844.91
1/1/1995,844.91
1/2/1995,844.91
1/3/1995,844.62
1/4/1995,844.47
1/5/1995,844.37
1/6/1995,844.3
1/7/1995,844.3
1/8/1995,844.3
1/9/1995,844.26
1/10/1995,844.22
1/11/1995,844.17
1/12/1995,844.15
1/13/1995,844.12
1/14/1995,844.12
1/15/1995,844.12
1/16/1995,844.11
1/17/1995,844.1
1/18/1995,844.07
1/19/1995,844.05
1/20/1995,844.02
1/21/1995,844.02
1/22/1995,844.02
1/23/1995,844
1/24/1995,843.97
1/25/1995,843.94
1/26/1995,843.9
1/27/1995,843.87
1/28/1995,843.87
1/29/1995,843.87
1/30/1995,843.87
1/31/1995,843.87
2/1/1995,843.87
2/2/1995,843.87
2/3/1995,843.87
2/4/1995,843.87
2/5/1995,843.87
2/6/1995,843.84
2/7/1995,843.8
2/8/1995,843.75
2/9/1995,843.7
2/10/1995,843.64
2/11/1995,843.64
2/12/1995,843.64
2/13/1995,843.6
2/14/1995,843.55
2/15/1995,843.52
2/16/1995,843.51
2/17/1995,843.52
2/18/1995,843.52
2/19/1995,843.52
2/20/1995,843.45
2/21/1995,843.4
2/22/1995,843.37
2/23/1995,843.29
2/24/1995,843.24
2/25/1995,843.24
2/26/1995,843.24
2/27/1995,843.2
2/28/1995,843.16
3/1/1995,843.11
3/2/1995,843.08
3/3/1995,842.99
3/4/1995,842.99
3/5/1995,842.99
3/6/1995,842.94
3/7/1995,842.82
3/8/1995,842.73
3/9/1995,842.65
3/10/1995,842.59
3/11/1995,842.59
3/12/1995,842.59
3/13/1995,842.61
3/14/1995,842.64
3/15/1995,842.65
3/16/1995,842.74
3/17/1995,842.8
3/18/1995,842.8
3/19/1995,842.8
3/20/1995,842.73
3/21/1995,842.7
3/22/1995,842.62
3/23/1995,842.68
3/24/1995,842.72
3/25/1995,842.72
3/26/1995,842.72
3/27/1995,842.76
3/28/1995,842.77
3/29/1995,842.77
3/30/1995,842.75
3/31/1995,842.69
4/1/1995,842.69
4/2/1995,842.69
4/3/1995,842.64
4/4/1995,842.6
4/5/1995,842.57
4/6/1995,842.56
4/7/1995,842.52
4/8/1995,842.52
4/9/1995,842.52
4/10/1995,842.51
4/11/1995,842.52
4/12/1995,842.5
4/13/1995,842.46
4/14/1995,842.42
4/15/1995,842.42
4/16/1995,842.42
4/17/1995,842.41
4/18/1995,842.38
4/19/1995,842.36
4/20/1995,842.34
4/21/1995,842.32
4/22/1995,842.32
4/23/1995,842.32
4/24/1995,842.3
4/25/1995,842.27
4/26/1995,842.05
4/27/1995,841.38
4/28/1995,841.02
4/29/1995,841.02
4/30/1995,841.02
5/1/1995,841.02
5/2/1995,840.74
5/3/1995,839.52
5/4/1995,837.94
5/5/1995,836.48
5/6/1995,836.48
5/7/1995,836.48
5/8/1995,834.42
5/9/1995,833.47
5/10/1995,832.47
5/11/1995,830.53
5/12/1995,829.5
5/13/1995,829.5
5/14/1995,829.5
5/15/1995,828.28
5/16/1995,827.16
5/17/1995,827.82
5/18/1995,828.63
5/19/1995,829.07
5/20/1995,829.07
5/21/1995,829.07
5/22/1995,829.32
5/23/1995,829.59
5/24/1995,829.88
5/25/1995,830.22
5/26/1995,830.41
5/27/1995,830.41
5/28/1995,830.41
5/29/1995,830.63
5/30/1995,830.86
5/31/1995,830.77
6/1/1995,830.55
6/2/1995,830.36
6/3/1995,830.36
6/4/1995,830.36
6/5/1995,830.18
6/6/1995,829.98
6/7/1995,830.04
6/8/1995,829.83
6/9/1995,829.66
6/10/1995,829.66
6/11/1995,829.66
6/12/1995,830
6/13/1995,830.06
6/14/1995,830.03
6/15/1995,830
6/16/1995,830.19
6/17/1995,830.19
6/18/1995,830.19
6/19/1995,830.04
6/20/1995,830.02
6/21/1995,830
6/22/1995,830.09
6/23/1995,830.18
6/24/1995,830.18
6/25/1995,830.18
6/26/1995,830.15
6/27/1995,830.13
6/28/1995,830.07
6/29/1995,830.07
6/30/1995,830.11
7/1/1995,830.11
7/2/1995,830.11
7/3/1995,830.11
7/4/1995,830.07
7/5/1995,830.05
7/6/1995,830.01
7/7/1995,830
7/8/1995,830
7/9/1995,830
7/10/1995,830
7/11/1995,830.23
7/12/1995,830.2
7/13/1995,830.17
7/14/1995,830.14
7/15/1995,830.14
7/16/1995,830.14
7/17/1995,830.11
7/18/1995,830.09
7/19/1995,830.13
7/20/1995,830.11
7/21/1995,830.04
7/22/1995,830.04
7/23/1995,830.04
7/24/1995,830.02
7/25/1995,830.04
7/26/1995,830.03
7/27/1995,830.02
7/28/1995,830.05
7/29/1995,830.05
7/30/1995,830.05
7/31/1995,830.03
8/1/1995,830
8/2/1995,830
8/3/1995,830.02
8/4/1995,830.04
8/5/1995,830.04
8/6/1995,830.04
8/7/1995,830.02
8/8/1995,830
8/9/1995,830.14
8/10/1995,830.16
8/11/1995,830.23
8/12/1995,830.23
8/13/1995,830.23
8/14/1995,830.25
8/15/1995,830.38
8/16/1995,830.57
8/17/1995,830.94
8/18/1995,831.06
8/19/1995,831.06
8/20/1995,831.06
8/21/1995,831.17
8/22/1995,831.22
8/23/1995,831.25
8/24/1995,831.33
8/25/1995,831.48
8/26/1995,831.48
8/27/1995,831.48
8/28/1995,831.53
8/29/1995,831.65
8/30/1995,831.82
8/31/1995,831.93
9/1/1995,831.98
9/2/1995,831.98
9/3/1995,831.98
9/4/1995,831.92
9/5/1995,831.86
9/6/1995,831.81
9/7/1995,831.78
9/8/1995,831.75
9/9/1995,831.75
9/10/1995,831.75
9/11/1995,831.71
9/12/1995,831.77
9/13/1995,831.8
9/14/1995,831.84
9/15/1995,831.9
9/16/1995,831.9
9/17/1995,831.9
9/18/1995,831.94
9/19/1995,831.97
9/20/1995,831.92
9/21/1995,831.98
9/22/1995,831.94
9/23/1995,831.94
9/24/1995,831.94
9/25/1995,831.94
9/26/1995,831.91
9/27/1995,831.92
9/28/1995,831.9
9/29/1995,831.89
9/30/1995,831.89
10/1/1995,831.89
10/2/1995,831.89
10/3/1995,831.89
10/4/1995,831.85
10/5/1995,831.85
10/6/1995,831.8
10/7/1995,831.8
10/8/1995,831.8
10/9/1995,831.74
10/10/1995,831.67
10/11/1995,831.58
10/12/1995,831.5
10/13/1995,831.44
10/14/1995,831.44
10/15/1995,831.44
10/16/1995,831.42
10/17/1995,831.48
10/18/1995,831.48
10/19/1995,831.41
10/20/1995,831.42
10/21/1995,831.42
10/22/1995,831.42
10/23/1995,831.44
10/24/1995,831.39
10/25/1995,831.36
10/26/1995,831.37
10/27/1995,831.43
10/28/1995,831.43
10/29/1995,831.43
10/30/1995,831.44
10/31/1995,831.49
11/1/1995,831.49
11/2/1995,831.46
11/3/1995,831.48
11/4/1995,831.48
11/5/1995,831.48
11/6/1995,831.47
11/7/1995,831.47
11/8/1995,831.49
11/9/1995,831.48
11/10/1995,831.46
11/11/1995,831.46
11/12/1995,831.46
11/13/1995,831.4
11/14/1995,831.39
11/15/1995,831.36
11/16/1995,831.31
11/17/1995,831.35
11/18/1995,831.35
11/19/1995,831.35
11/20/1995,831.32
11/21/1995,831.3
11/22/1995,831.29
11/23/1995,831.28
11/24/1995,831.26
11/25/1995,831.26
11/26/1995,831.26
11/27/1995,831.22
11/28/1995,831.14
11/29/1995,831.16
11/30/1995,831.2
12/1/1995,831.19
12/2/1995,831.19
12/3/1995,831.19
12/4/1995,831.27
12/5/1995,831.31
12/6/1995,831.32
12/7/1995,831.33
12/8/1995,831.35
12/9/1995,831.35
12/10/1995,831.35
12/11/1995,831.38
12/12/1995,831.47
12/13/1995,831.48
12/14/1995,831.46
12/15/1995,831.54
12/16/1995,831.54
12/17/1995,831.54
12/18/1995,831.71
12/19/1995,831.8
12/20/1995,831.76
12/21/1995,831.74
12/22/1995,831.73
12/23/1995,831.73
12/24/1995,831.73
12/25/1995,831.74
12/26/1995,831.8
12/27/1995,831.79
12/28/1995,831.79
12/29/1995,831.79
12/30/1995,831.79
12/31/1995,831.79
1/1/1996,831.79
1/2/1996,831.74
1/3/1996,831.8
1/4/1996,831.91
1/5/1996,832.03
1/6/1996,832.03
1/7/1996,832.03
1/8/1996,832.04
1/9/1996,832.15
1/10/1996,832.14
1/11/1996,832.08
1/12/1996,832.04
1/13/1996,832.04
1/14/1996,832.04
1/15/1996,834.04
1/16/1996,832.06
1/17/1996,832.04
1/18/1996,832.02
1/19/1996,831.91
1/20/1996,831.91
1/21/1996,831.91
1/22/1996,831.78
1/23/1996,831.74
1/24/1996,831.7
1/25/1996,831.63
1/26/1996,831.67
1/27/1996,831.67
1/28/1996,831.67
1/29/1996,831.57
1/30/1996,831.5
1/31/1996,831.47
2/1/1996,831.38
2/2/1996,831.32
2/3/1996,831.32
2/4/1996,831.32
2/5/1996,831.27
2/6/1996,831.31
2/7/1996,831.2
2/8/1996,831.11
2/9/1996,831
2/10/1996,831
2/11/1996,831
2/12/1996,830.94
2/13/1996,830.92
2/14/1996,831.04
2/15/1996,831
2/16/1996,831.12
2/17/1996,831.36
2/18/1996,831.41
2/19/1996,831.41
2/20/1996,831.41
2/21/1996,831.41
2/22/1996,831.41
2/23/1996,831.41
2/24/1996,831.41
2/25/1996,831.41
2/26/1996,831.52
2/27/1996,831.69
2/28/1996,831.96
2/29/1996,832.07
3/1/1996,832.11
3/2/1996,832.11
3/3/1996,832.11
3/4/1996,832.1
3/5/1996,832.08
3/6/1996,832.1
3/7/1996,832.23
3/8/1996,832.29
3/9/1996,832.29
3/10/1996,832.29
3/11/1996,832.39
3/12/1996,832.63
3/13/1996,832.99
3/14/1996,833.48
3/15/1996,833.33
3/16/1996,833.33
3/17/1996,833.33
3/18/1996,833.17
3/19/1996,833.27
3/20/1996,833.3
3/21/1996,833.2
3/22/1996,833.18
3/23/1996,833.18
3/24/1996,833.18
3/25/1996,833.33
3/26/1996,833.49
3/27/1996,833.42
3/28/1996,833.33
3/29/1996,833.55
3/30/1996,833.55
3/31/1996,833.55
4/1/1996,833.39
4/2/1996,833.39
4/3/1996,833.39
4/4/1996,833.38
4/5/1996,833.25
4/6/1996,833.25
4/7/1996,833.25
4/8/1996,833.11
4/9/1996,833.12
4/10/1996,833.15
4/11/1996,833.18
4/12/1996,833.24
4/13/1996,833.24
4/14/1996,833.24
4/15/1996,833.22
4/16/1996,833.21
4/17/1996,833.17
4/18/1996,833.12
4/19/1996,833.09
4/20/1996,833.09
4/21/1996,833.09
4/22/1996,833.06
4/23/1996,833
4/24/1996,833.02
4/25/1996,833.01
4/26/1996,833.01
4/27/1996,833.01
4/28/1996,833.01
4/29/1996,833
4/30/1996,833.06
5/1/1996,833.06
5/2/1996,833.01
5/3/1996,833.01
5/4/1996,833.01
5/5/1996,833.01
5/6/1996,833
5/7/1996,833
5/8/1996,833
5/9/1996,833
5/10/1996,833.01
5/11/1996,833.01
5/12/1996,833.01
5/13/1996,833.02
5/14/1996,833.02
5/15/1996,833
5/16/1996,833.01
5/17/1996,833
5/18/1996,833
5/19/1996,833
5/20/1996,832.93
5/21/1996,832.84
5/22/1996,832.73
5/23/1996,832.72
5/24/1996,832.67
5/25/1996,832.67
5/26/1996,832.67
5/27/1996,832.61
5/28/1996,832.57
5/29/1996,832.48
5/30/1996,832.62
5/31/1996,832.63
6/1/1996,832.63
6/2/1996,832.63
6/3/1996,832.55
6/4/1996,832.54
6/5/1996,832.49
6/6/1996,832.39
6/7/1996,832.34
6/8/1996,832.34
6/9/1996,832.34
6/10/1996,832.37
6/11/1996,832.34
6/12/1996,832.35
6/13/1996,832.29
6/14/1996,832.21
6/15/1996,832.21
6/16/1996,832.21
6/17/1996,832.17
6/18/1996,832.22
6/19/1996,832.24
6/20/1996,832.18
6/21/1996,832.12
6/22/1996,832.12
6/23/1996,832.12
6/24/1996,832.03
6/25/1996,832.01
6/26/1996,832.06
6/27/1996,832.06
6/28/1996,832.1
6/29/1996,832.1
6/30/1996,832.1
7/1/1996,832.21
7/2/1996,832.17
7/3/1996,832.11
7/4/1996,832.01
7/5/1996,832.02
7/6/1996,832.02
7/7/1996,832.02
7/8/1996,832
7/9/1996,831.87
7/10/1996,831.72
7/11/1996,831.61
7/12/1996,831.6
7/13/1996,831.6
7/14/1996,831.6
7/15/1996,831.59
7/16/1996,831.65
7/17/1996,831.51
7/18/1996,831.52
7/19/1996,831.47
7/20/1996,831.47
7/21/1996,831.47
7/22/1996,831.52
7/23/1996,831.4
7/24/1996,831.32
7/25/1996,831.3
7/26/1996,831.27
7/27/1996,831.27
7/28/1996,831.27
7/29/1996,831.14
7/30/1996,831.11
7/31/1996,831.09
8/1/1996,831.07
8/2/1996,831.05
8/3/1996,831.05
8/4/1996,831.05
8/5/1996,831.04
8/6/1996,831
8/7/1996,830.98
8/8/1996,830.95
8/9/1996,830.95
8/10/1996,830.95
8/11/1996,830.95
8/12/1996,830.9
8/13/1996,830.86
8/14/1996,830.8
8/15/1996,830.74
8/16/1996,830.72
8/17/1996,830.72
8/18/1996,830.72
8/19/1996,830.69
8/20/1996,830.66
8/21/1996,830.65
8/22/1996,830.71
8/23/1996,830.69
8/24/1996,830.69
8/25/1996,830.69
8/26/1996,830.71
8/27/1996,830.71
8/28/1996,830.69
8/29/1996,830.66
8/30/1996,830.64
8/31/1996,830.64
9/1/1996,830.64
9/2/1996,830.63
9/3/1996,830.61
9/4/1996,830.6
9/5/1996,830.61
9/6/1996,830.59
9/7/1996,830.59
9/8/1996,830.59
9/9/1996,830.57
9/10/1996,830.55
9/11/1996,830.54
9/12/1996,830.53
9/13/1996,830.52
9/14/1996,830.52
9/15/1996,830.52
9/16/1996,830.5
9/17/1996,830.46
9/18/1996,830.43
9/19/1996,830.41
9/20/1996,830.36
9/21/1996,830.36
9/22/1996,830.36
9/23/1996,830.3
9/24/1996,830.24
9/25/1996,830.22
9/26/1996,830.25
9/27/1996,830.21
9/28/1996,830.17
9/29/1996,830.17
9/30/1996,830.17
10/1/1996,830.17
10/2/1996,830.17
10/3/1996,830.17
10/4/1996,830.15
10/5/1996,830.15
10/6/1996,830.15
10/7/1996,830.07
10/8/1996,830.07
10/9/1996,830.05
10/10/1996,830.05
10/11/1996,829.99
10/12/1996,829.99
10/13/1996,829.99
10/14/1996,829.93
10/15/1996,829.88
10/16/1996,829.81
10/17/1996,829.75
10/18/1996,829.7
10/19/1996,829.7
10/20/1996,829.7
10/21/1996,827.78
10/22/1996,829.91
10/23/1996,830.01
10/24/1996,830.01
10/25/1996,830.06
10/26/1996,830.06
10/27/1996,830.06
10/28/1996,830.1
10/29/1996,830.12
10/30/1996,830.07
10/31/1996,830.07
11/1/1996,829.97
11/2/1996,829.97
11/3/1996,829.97
11/4/1996,829.85
11/5/1996,829.79
11/6/1996,829.77
11/7/1996,829.75
11/8/1996,829.73
11/9/1996,829.73
11/10/1996,829.73
11/11/1996,829.7
11/12/1996,829.66
11/13/1996,829.67
11/14/1996,829.81
11/15/1996,829.94
11/16/1996,829.94
11/17/1996,829.94
11/18/1996,830
11/19/1996,830.02
11/20/1996,830.02
11/21/1996,830.01
11/22/1996,830.11
11/23/1996,830.11
11/24/1996,830.11
11/25/1996,830.17
11/26/1996,830.17
11/27/1996,830.12
11/28/1996,830.1
11/29/1996,830.07
11/30/1996,830.07
12/1/1996,830.07
12/2/1996,830.12
12/3/1996,830.12
12/4/1996,830.11
12/5/1996,830.13
12/6/1996,830.13
12/7/1996,830.13
12/8/1996,830.13
12/9/1996,830.02
12/10/1996,829.96
12/11/1996,829.94
12/12/1996,829.92
12/13/1996,829.95
12/14/1996,829.95
12/15/1996,829.95
12/16/1996,829.9
12/17/1996,829.86
12/18/1996,829.83
12/19/1996,829.79
12/20/1996,829.75
12/21/1996,829.75
12/22/1996,829.75
12/23/1996,829.7
12/24/1996,829.77
12/25/1996,829.8
12/26/1996,829.79
12/27/1996,829.77
12/28/1996,829.77
12/29/1996,829.77
12/30/1996,829.82
12/31/1996,829.82
1/1/1997,829.82
1/2/1997,829.84
1/3/1997,829.83
1/4/1997,829.83
1/5/1997,829.83
1/6/1997,829.83
1/7/1997,829.8
1/8/1997,829.76
1/9/1997,829.72
1/10/1997,829.68
1/11/1997,829.68
1/12/1997,829.68
1/13/1997,829.67
1/14/1997,829.66
1/15/1997,829.64
1/16/1997,829.62
1/17/1997,829.58
1/18/1997,829.58
1/19/1997,829.58
1/20/1997,829.56
1/21/1997,829.56
1/22/1997,829.55
1/23/1997,829.54
1/24/1997,829.54
1/25/1997,829.54
1/26/1997,829.54
1/27/1997,829.51
1/28/1997,829.48
1/29/1997,829.44
1/30/1997,829.4
1/31/1997,829.38
2/1/1997,829.38
2/2/1997,829.38
2/3/1997,829.34
2/4/1997,829.31
2/5/1997,829.27
2/6/1997,829.25
2/7/1997,829.25
2/8/1997,829.25
2/9/1997,829.25
2/10/1997,829.25
2/11/1997,829.25
2/12/1997,829.16
2/13/1997,829.16
2/14/1997,829.22
2/15/1997,829.22
2/16/1997,829.22
2/17/1997,829.25
2/18/1997,829.24
2/19/1997,829.21
2/20/1997,829.38
2/21/1997,829.39
2/22/1997,829.39
2/23/1997,829.39
2/24/1997,829.41
2/25/1997,829.38
2/26/1997,829.4
2/27/1997,829.48
2/28/1997,829.48
3/1/1997,829.48
3/2/1997,829.48
3/3/1997,829.54
3/4/1997,829.6
3/5/1997,829.53
3/6/1997,829.5
3/7/1997,829.57
3/8/1997,829.57
3/9/1997,829.57
3/10/1997,829.57
3/11/1997,829.53
3/12/1997,829.52
3/13/1997,829.53
3/14/1997,829.55
3/15/1997,829.55
3/16/1997,829.55
3/17/1997,829.55
3/18/1997,829.58
3/19/1997,829.58
3/20/1997,829.59
3/21/1997,829.59
3/22/1997,829.59
3/23/1997,829.59
3/24/1997,829.56
3/25/1997,829.56
3/26/1997,829.68
3/27/1997,829.66
3/28/1997,829.64
3/29/1997,829.64
3/30/1997,829.64
3/31/1997,829.64
4/1/1997,829.55
4/2/1997,829.53
4/3/1997,829.63
4/4/1997,829.69
4/5/1997,829.69
4/6/1997,829.69
4/7/1997,829.68
4/8/1997,829.66
4/9/1997,829.66
4/10/1997,829.65
4/11/1997,829.65
4/12/1997,829.65
4/13/1997,829.65
4/14/1997,829.69
4/15/1997,829.65
4/16/1997,829.61
4/17/1997,829.56
4/18/1997,829.51
4/19/1997,829.51
4/20/1997,829.51
4/21/1997,829.51
4/22/1997,829.48
4/23/1997,829.49
4/24/1997,829.46
4/25/1997,829.48
4/26/1997,829.48
4/27/1997,829.48
4/28/1997,829.43
4/29/1997,829.49
4/30/1997,829.46
5/1/1997,829.46
5/2/1997,829.46
5/3/1997,829.46
5/4/1997,829.45
5/5/1997,829.49
5/6/1997,829.47
5/7/1997,829.43
5/8/1997,829.38
5/9/1997,829.34
5/10/1997,829.34
5/11/1997,829.34
5/12/1997,829.31
5/13/1997,829.3
5/14/1997,829.28
5/15/1997,829.25
5/16/1997,829.21
5/17/1997,829.21
5/18/1997,829.21
5/19/1997,829.18
5/20/1997,829.23
5/21/1997,829.19
5/22/1997,829.21
5/23/1997,829.23
5/24/1997,829.23
5/25/1997,829.23
5/26/1997,829.23
5/27/1997,829.18
5/28/1997,829.16
5/29/1997,829.24
5/30/1997,829.24
5/31/1997,829.24
6/1/1997,829.24
6/2/1997,829.21
6/3/1997,829.17
6/4/1997,829.19
6/5/1997,829.15
6/6/1997,829.21
6/7/1997,829.21
6/8/1997,829.21
6/9/1997,829.32
6/10/1997,829.23
6/11/1997,829.22
6/12/1997,829.23
6/13/1997,829.35
6/14/1997,829.35
6/15/1997,829.35
6/16/1997,829.3
6/17/1997,829.31
6/18/1997,829.28
6/19/1997,829.25
6/20/1997,829.15
6/21/1997,829.15
6/22/1997,829.15
6/23/1997,829.15
6/24/1997,829.16
6/25/1997,829.14
6/26/1997,829.1
6/27/1997,829.1
6/28/1997,829.08
6/29/1997,829.08
6/30/1997,829.08
7/1/1997,829.08
7/2/1997,829.07
7/3/1997,829.1
7/4/1997,829.1
7/5/1997,829.1
7/6/1997,829.14
7/7/1997,829.17
7/8/1997,829.18
7/9/1997,829.19
7/10/1997,829.2
7/11/1997,829.2
7/12/1997,829.2
7/13/1997,829.13
7/14/1997,829.06
7/15/1997,829.1
7/16/1997,829.16
7/17/1997,829.19
7/18/1997,829.19
7/19/1997,829.19
7/20/1997,829.1
7/21/1997,829.15
7/22/1997,829.11
7/23/1997,829.09
7/24/1997,829.09
7/25/1997,829.09
7/26/1997,829.09
7/27/1997,829.08
7/28/1997,829.05
7/29/1997,829.03
7/30/1997,829.03
7/31/1997,829.01
8/1/1997,829.01
8/2/1997,829.01
8/3/1997,829.03
8/4/1997,829.03
8/5/1997,829.05
8/6/1997,829.03
8/7/1997,829
8/8/1997,829
8/9/1997,829
8/10/1997,829.03
8/11/1997,828.97
8/12/1997,828.96
8/13/1997,828.91
8/14/1997,828.96
8/15/1997,828.96
8/16/1997,828.96
8/17/1997,828.93
8/18/1997,828.89
8/19/1997,828.85
8/20/1997,828.9
8/21/1997,829
8/22/1997,829
8/23/1997,829
8/24/1997,828.91
8/25/1997,828.9
8/26/1997,828.9
8/27/1997,828.9
8/28/1997,828.92
8/29/1997,828.92
8/30/1997,828.92
8/31/1997,828.85
9/1/1997,828.84
9/2/1997,828.8
9/3/1997,828.83
9/4/1997,828.89
9/5/1997,828.89
9/6/1997,828.89
9/7/1997,828.91
9/8/1997,828.84
9/9/1997,828.84
9/10/1997,828.81
9/11/1997,828.87
9/12/1997,828.87
9/13/1997,828.87
9/14/1997,828.89
9/15/1997,828.81
9/16/1997,828.76
9/17/1997,828.71
9/18/1997,828.75
9/19/1997,828.75
9/20/1997,828.75
9/21/1997,828.73
9/22/1997,828.64
9/23/1997,828.59
9/24/1997,828.54
9/25/1997,828.51
9/26/1997,828.51
9/27/1997,828.51
9/28/1997,828.5
9/29/1997,828.5
9/30/1997,828.52
10/1/1997,828.52
10/2/1997,828.52
10/3/1997,828.52
10/4/1997,828.52
10/5/1997,828.49
10/6/1997,828.5
10/7/1997,828.45
10/8/1997,828.45
10/9/1997,828.43
10/10/1997,828.43
10/11/1997,828.43
10/12/1997,828.41
10/13/1997,828.35
10/14/1997,828.31
10/15/1997,828.32
10/16/1997,828.39
10/17/1997,828.39
10/18/1997,828.39
10/19/1997,828.42
10/20/1997,828.39
10/21/1997,828.35
10/22/1997,828.32
10/23/1997,828.3
10/24/1997,828.3
10/25/1997,828.3
10/26/1997,828.36
10/27/1997,828.33
10/28/1997,828.34
10/29/1997,828.3
10/30/1997,828.32
10/31/1997,828.36
11/1/1997,828.36
11/2/1997,828.36
11/3/1997,828.34
11/4/1997,828.29
11/5/1997,828.26
11/6/1997,828.22
11/7/1997,828.2
11/8/1997,828.2
11/9/1997,828.2
11/10/1997,828.17
11/11/1997,828.13
11/12/1997,828.1
11/13/1997,828.08
11/14/1997,828.05
11/15/1997,828.05
11/16/1997,828.05
11/17/1997,828.06
11/18/1997,828.05
11/19/1997,828.04
11/20/1997,828.03
11/21/1997,828.03
11/22/1997,828.03
11/23/1997,828.03
11/24/1997,828.02
11/25/1997,828.01
11/26/1997,828.02
11/27/1997,828.01
11/28/1997,828.01
11/29/1997,828.01
11/30/1997,828.01
12/1/1997,827.96
12/2/1997,827.96
12/3/1997,827.99
12/4/1997,828.01
12/5/1997,828.01
12/6/1997,828.01
12/7/1997,828
12/8/1997,828
12/9/1997,828
12/10/1997,828
12/11/1997,828
12/12/1997,828
12/13/1997,828
12/14/1997,827.96
12/15/1997,827.93
12/16/1997,827.88
12/17/1997,827.87
12/18/1997,827.91
12/19/1997,827.91
12/20/1997,827.91
12/21/1997,827.92
12/22/1997,827.97
12/23/1997,827.98
12/24/1997,828
12/25/1997,827.99
12/26/1997,827.99
12/27/1997,827.99
12/28/1997,827.93
12/29/1997,827.93
12/30/1997,827.94
12/31/1997,827.98
1/1/1998,827.98
1/2/1998,827.98
1/3/1998,827.98
1/4/1998,827.96
1/5/1998,827.98
1/6/1998,828
1/7/1998,827.99
1/8/1998,828
1/9/1998,827.97
1/10/1998,827.97
1/11/1998,827.97
1/12/1998,827.96
1/13/1998,827.94
1/14/1998,827.9
1/15/1998,827.89
1/16/1998,827.86
1/17/1998,827.86
1/18/1998,827.86
1/19/1998,827.89
1/20/1998,827.9
1/21/1998,827.86
1/22/1998,827.86
1/23/1998,827.84
1/24/1998,827.82
1/25/1998,827.83
1/26/1998,827.82
1/27/1998,827.89
1/28/1998,827.89
1/29/1998,827.89
1/30/1998,827.89
1/31/1998,827.89
2/1/1998,827.89
2/2/1998,827.89
2/3/1998,827.89
2/4/1998,827.85
2/5/1998,827.89
2/6/1998,827.86
2/7/1998,827.86
2/8/1998,827.86
2/9/1998,827.85
2/10/1998,827.85
2/11/1998,827.89
2/12/1998,827.92
2/13/1998,827.95
2/14/1998,827.95
2/15/1998,827.95
2/16/1998,827.96
2/17/1998,827.98
2/18/1998,827.98
2/19/1998,827.96
2/20/1998,827.95
2/21/1998,827.95
2/22/1998,827.95
2/23/1998,827.92
2/24/1998,827.91
2/25/1998,827.91
2/26/1998,827.9
2/27/1998,827.9
2/28/1998,827.9
3/1/1998,827.9
3/2/1998,827.89
3/3/1998,827.89
3/4/1998,827.9
3/5/1998,827.91
3/6/1998,827.9
3/7/1998,827.9
3/8/1998,827.9
3/9/1998,827.88
3/10/1998,827.89
3/11/1998,827.91
3/12/1998,827.95
3/13/1998,827.95
3/14/1998,827.95
3/15/1998,827.95
3/16/1998,827.94
3/17/1998,827.92
3/18/1998,827.91
3/19/1998,827.9
3/20/1998,827.92
3/21/1998,827.92
3/22/1998,827.92
3/23/1998,827.91
3/24/1998,827.95
3/25/1998,827.97
3/26/1998,827.97
3/27/1998,827.92
3/28/1998,827.92
3/29/1998,827.92
3/30/1998,827.92
3/31/1998,827.91
4/1/1998,827.93
4/2/1998,827.93
4/3/1998,827.95
4/4/1998,827.95
4/5/1998,827.95
4/6/1998,827.97
4/7/1998,827.96
4/8/1998,827.98
4/9/1998,827.95
4/10/1998,827.95
4/11/1998,827.95
4/12/1998,827.95
4/13/1998,827.93
4/14/1998,827.93
4/15/1998,827.91
4/16/1998,827.94
4/17/1998,827.97
4/18/1998,827.97
4/19/1998,827.97
4/20/1998,827.94
4/21/1998,827.94
4/22/1998,827.93
4/23/1998,827.89
4/24/1998,827.89
4/25/1998,827.89
4/26/1998,827.89
4/27/1998,827.86
4/28/1998,827.87
4/29/1998,827.82
4/30/1998,827.81
5/1/1998,827.81
5/2/1998,827.81
5/3/1998,827.81
5/4/1998,827.79
5/5/1998,827.85
5/6/1998,827.81
5/7/1998,827.83
5/8/1998,827.86
5/9/1998,827.86
5/10/1998,827.86
5/11/1998,827.88
5/12/1998,827.82
5/13/1998,827.86
5/14/1998,827.89
5/15/1998,827.89
5/16/1998,827.89
5/17/1998,827.89
5/18/1998,827.9
5/19/1998,827.93
5/20/1998,827.96
5/21/1998,827.97
5/22/1998,827.95
5/23/1998,827.95
5/24/1998,827.95
5/25/1998,827.96
5/26/1998,827.94
5/27/1998,827.96
5/28/1998,827.97
5/29/1998,827.95
5/30/1998,827.95
5/31/1998,827.95
6/1/1998,827.93
6/2/1998,827.95
6/3/1998,827.98
6/4/1998,827.99
6/5/1998,827.95
6/6/1998,827.95
6/7/1998,827.95
6/8/1998,827.94
6/9/1998,827.98
6/10/1998,827.99
6/11/1998,827.97
6/12/1998,827.98
6/13/1998,827.98
6/14/1998,827.98
6/15/1998,827.99
6/16/1998,827.99
6/17/1998,827.99
6/18/1998,827.99
6/19/1998,827.98
6/20/1998,827.98
6/21/1998,827.98
6/22/1998,827.96
6/23/1998,827.96
6/24/1998,827.98
6/25/1998,827.98
6/26/1998,827.99
6/27/1998,827.99
6/28/1998,827.99
6/29/1998,827.97
6/30/1998,827.98
7/1/1998,827.97
7/2/1998,827.99
7/3/1998,827.99
7/4/1998,827.99
7/5/1998,827.99
7/6/1998,827.98
7/7/1998,827.98
7/8/1998,827.96
7/9/1998,827.99
7/10/1998,827.97
7/11/1998,827.97
7/12/1998,827.97
7/13/1998,827.97
7/14/1998,827.96
7/15/1998,827.96
7/16/1998,827.98
7/17/1998,827.98
7/18/1998,827.98
7/19/1998,827.98
7/20/1998,827.97
7/21/1998,827.98
7/22/1998,827.98
7/23/1998,827.97
7/24/1998,827.96
7/25/1998,827.96
7/26/1998,827.96
7/27/1998,827.96
7/28/1998,827.99
7/29/1998,827.99
7/30/1998,827.99
7/31/1998,827.99
8/1/1998,827.99
8/2/1998,827.99
8/3/1998,827.99
8/4/1998,827.99
8/5/1998,828
8/6/1998,827.99
8/7/1998,827.98
8/8/1998,827.98
8/9/1998,827.98
8/10/1998,828.01
8/11/1998,827.99
8/12/1998,827.99
8/13/1998,827.98
8/14/1998,827.99
8/15/1998,827.99
8/16/1998,827.99
8/17/1998,827.99
8/18/1998,827.99
8/19/1998,827.99
8/20/1998,827.99
8/21/1998,827.99
8/22/1998,827.99
8/23/1998,827.99
8/24/1998,828
8/25/1998,827.99
8/26/1998,828
8/27/1998,827.99
8/28/1998,828
8/29/1998,828
8/30/1998,828
8/31/1998,828
9/1/1998,827.99
9/2/1998,828
9/3/1998,828
9/4/1998,827.96
9/5/1998,827.96
9/6/1998,827.96
9/7/1998,827.99
9/8/1998,828
9/9/1998,827.98
9/10/1998,827.98
9/11/1998,827.9
9/12/1998,827.9
9/13/1998,827.9
9/14/1998,827.88
9/15/1998,827.85
9/16/1998,827.84
9/17/1998,827.83
9/18/1998,827.82
9/19/1998,827.82
9/20/1998,827.82
9/21/1998,827.85
9/22/1998,827.86
9/23/1998,827.85
9/24/1998,827.83
9/25/1998,827.82
9/26/1998,827.82
9/27/1998,827.82
9/28/1998,827.83
9/29/1998,827.82
9/30/1998,827.8
10/1/1998,827.8
10/2/1998,827.8
10/3/1998,827.8
10/4/1998,827.8
10/5/1998,827.8
10/6/1998,827.8
10/7/1998,827.79
10/8/1998,827.78
10/9/1998,827.77
10/10/1998,827.77
10/11/1998,827.77
10/12/1998,827.77
10/13/1998,827.75
10/14/1998,827.76
10/15/1998,827.77
10/16/1998,827.78
10/17/1998,827.78
10/18/1998,827.78
10/19/1998,827.76
10/20/1998,827.78
10/21/1998,827.79
10/22/1998,827.78
10/23/1998,827.82
10/24/1998,827.82
10/25/1998,827.82
10/26/1998,827.78
10/27/1998,827.77
10/28/1998,827.76
10/29/1998,827.78
10/30/1998,827.76
10/31/1998,827.76
11/1/1998,827.76
11/2/1998,827.78
11/3/1998,827.77
11/4/1998,827.8
11/5/1998,827.78
11/6/1998,827.77
11/7/1998,827.77
11/8/1998,827.77
11/9/1998,827.79
11/10/1998,827.77
11/11/1998,827.76
11/12/1998,827.77
11/13/1998,827.75
11/14/1998,827.75
11/15/1998,827.75
11/16/1998,827.8
11/17/1998,827.78
11/18/1998,827.78
11/19/1998,827.79
11/20/1998,827.79
11/21/1998,827.79
11/22/1998,827.79
11/23/1998,827.77
11/24/1998,827.77
11/25/1998,827.78
11/26/1998,827.77
11/27/1998,827.78
11/28/1998,827.78
11/29/1998,827.78
11/30/1998,827.82
12/1/1998,827.82
12/2/1998,827.82
12/3/1998,827.8
12/4/1998,827.79
12/5/1998,827.79
12/6/1998,827.79
12/7/1998,827.77
12/8/1998,827.75
12/9/1998,827.75
12/10/1998,827.75
12/11/1998,827.74
12/12/1998,827.74
12/13/1998,827.74
12/14/1998,827.74
12/15/1998,827.77
12/16/1998,827.78
12/17/1998,827.78
12/18/1998,827.77
12/19/1998,827.77
12/20/1998,827.77
12/21/1998,827.76
12/22/1998,827.79
12/23/1998,827.82
12/24/1998,827.81
12/25/1998,827.85
12/26/1998,827.85
12/27/1998,827.85
12/28/1998,827.85
12/29/1998,827.82
12/30/1998,827.86
12/31/1998,827.87
1/1/1999,827.87
1/2/1999,827.87
1/3/1999,827.87
1/4/1999,827.89
1/5/1999,827.93
1/6/1999,827.95
1/7/1999,827.95
1/8/1999,827.98
1/9/1999,827.98
1/10/1999,827.98
1/11/1999,827.96
1/12/1999,827.97
1/13/1999,827.95
1/14/1999,827.94
1/15/1999,827.9
1/16/1999,827.9
1/17/1999,827.9
1/18/1999,827.9
1/19/1999,827.88
1/20/1999,827.87
1/21/1999,827.91
1/22/1999,827.89
1/23/1999,827.89
1/24/1999,827.89
1/25/1999,827.87
1/26/1999,827.84
1/27/1999,827.8
1/28/1999,827.78
1/29/1999,827.78
1/30/1999,827.78
1/31/1999,827.78
2/1/1999,827.78
2/2/1999,827.75
2/3/1999,827.79
2/4/1999,827.76
2/5/1999,827.74
2/6/1999,827.74
2/7/1999,827.74
2/8/1999,827.75
2/9/1999,827.75
2/10/1999,827.74
2/11/1999,827.76
2/12/1999,827.78
2/13/1999,827.84
2/14/1999,827.8
2/15/1999,827.82
2/16/1999,827.82
2/17/1999,827.82
2/18/1999,827.82
2/19/1999,827.82
2/20/1999,827.82
2/21/1999,827.82
2/22/1999,827.82
2/23/1999,827.87
2/24/1999,827.88
2/25/1999,827.91
2/26/1999,827.89
2/27/1999,827.89
2/28/1999,827.89
3/1/1999,827.9
3/2/1999,827.92
3/3/1999,827.89
3/4/1999,827.86
3/5/1999,827.83
3/6/1999,827.83
3/7/1999,827.83
3/8/1999,827.84
3/9/1999,827.86
3/10/1999,827.91
3/11/1999,827.88
3/12/1999,827.89
3/13/1999,827.89
3/14/1999,827.89
3/15/1999,827.89
3/16/1999,827.89
3/17/1999,827.89
3/18/1999,827.88
3/19/1999,827.88
3/20/1999,827.88
3/21/1999,827.88
3/22/1999,827.93
3/23/1999,827.92
3/24/1999,827.95
3/25/1999,827.96
3/26/1999,827.98
3/27/1999,827.98
3/28/1999,827.98
3/29/1999,828
3/30/1999,827.97
3/31/1999,828
4/1/1999,828
4/2/1999,827.96
4/3/1999,827.96
4/4/1999,827.96
4/5/1999,827.94
4/6/1999,827.95
4/7/1999,827.97
4/8/1999,827.97
4/9/1999,827.99
4/10/1999,827.99
4/11/1999,827.99
4/12/1999,827.97
4/13/1999,827.97
4/14/1999,827.97
4/15/1999,827.94
4/16/1999,827.89
4/17/1999,827.89
4/18/1999,827.89
4/19/1999,827.87
4/20/1999,827.87
4/21/1999,827.83
4/22/1999,827.83
4/23/1999,827.83
4/24/1999,827.83
4/25/1999,827.83
4/26/1999,827.84
4/27/1999,827.93
4/28/1999,827.94
4/29/1999,827.91
4/30/1999,827.94
5/1/1999,827.94
5/2/1999,827.94
5/3/1999,827.94
5/4/1999,827.9
5/5/1999,827.89
5/6/1999,827.89
5/7/1999,827.86
5/8/1999,827.86
5/9/1999,827.86
5/10/1999,827.83
5/11/1999,827.87
5/12/1999,827.82
5/13/1999,827.83
5/14/1999,827.78
5/15/1999,827.78
5/16/1999,827.78
5/17/1999,827.84
5/18/1999,827.85
5/19/1999,827.9
5/20/1999,827.83
5/21/1999,827.8
5/22/1999,827.8
5/23/1999,827.8
5/24/1999,827.8
5/25/1999,827.85
5/26/1999,827.89
5/27/1999,827.9
5/28/1999,827.88
5/29/1999,827.88
5/30/1999,827.88
5/31/1999,827.86
6/1/1999,827.84
6/2/1999,827.81
6/3/1999,827.87
6/4/1999,827.84
6/5/1999,827.84
6/6/1999,827.84
6/7/1999,827.81
6/8/1999,827.81
6/9/1999,827.79
6/10/1999,827.78
6/11/1999,827.77
6/12/1999,827.77
6/13/1999,827.77
6/14/1999,827.77
6/15/1999,827.76
6/16/1999,827.81
6/17/1999,827.76
6/18/1999,827.75
6/19/1999,827.75
6/20/1999,827.75
6/21/1999,827.74
6/22/1999,827.78
6/23/1999,827.81
6/24/1999,827.84
6/25/1999,827.79
6/26/1999,827.79
6/27/1999,827.79
6/28/1999,827.75
6/29/1999,827.8
6/30/1999,827.86
7/1/1999,827.87
7/2/1999,827.86
7/3/1999,827.86
7/4/1999,827.86
7/5/1999,827.85
7/6/1999,827.87
7/7/1999,827.82
7/8/1999,827.83
7/9/1999,827.81
7/10/1999,827.81
7/11/1999,827.81
7/12/1999,827.77
7/13/1999,827.76
7/14/1999,827.75
7/15/1999,827.78
7/16/1999,827.75
7/17/1999,827.75
7/18/1999,827.75
7/19/1999,827.73
7/20/1999,827.73
7/21/1999,827.77
7/22/1999,827.73
7/23/1999,827.73
7/24/1999,827.73
7/25/1999,827.73
7/26/1999,827.72
7/27/1999,827.7
7/28/1999,827.7
7/29/1999,827.7
7/30/1999,827.73
7/31/1999,827.73
8/1/1999,827.73
8/2/1999,827.74
8/3/1999,827.72
8/4/1999,827.73
8/5/1999,827.74
8/6/1999,827.74
8/7/1999,827.74
8/8/1999,827.74
8/9/1999,827.73
8/10/1999,827.74
8/11/1999,827.72
8/12/1999,827.71
8/13/1999,827.71
8/14/1999,827.71
8/15/1999,827.71
8/16/1999,827.7
8/17/1999,827.74
8/18/1999,827.7
8/19/1999,827.72
8/20/1999,827.74
8/21/1999,827.74
8/22/1999,827.74
8/23/1999,827.74
8/24/1999,827.72
8/25/1999,827.75
8/26/1999,827.73
8/27/1999,827.73
8/28/1999,827.73
8/29/1999,827.73
8/30/1999,827.73
8/31/1999,827.71
9/1/1999,827.7
9/2/1999,827.71
9/3/1999,827.73
9/4/1999,827.73
9/5/1999,827.73
9/6/1999,827.75
9/7/1999,827.76
9/8/1999,827.76
9/9/1999,827.76
9/10/1999,827.74
9/11/1999,827.74
9/12/1999,827.74
9/13/1999,827.74
9/14/1999,827.72
9/15/1999,827.75
9/16/1999,827.73
9/17/1999,827.71
9/18/1999,827.71
9/19/1999,827.71
9/20/1999,827.73
9/21/1999,827.75
9/22/1999,827.75
9/23/1999,827.75
9/24/1999,827.76
9/25/1999,827.76
9/26/1999,827.76
9/27/1999,827.75
9/28/1999,827.75
9/29/1999,827.75
9/30/1999,827.75
10/1/1999,827.75
10/2/1999,827.75
10/3/1999,827.75
10/4/1999,827.75
10/5/1999,827.75
10/6/1999,827.75
10/7/1999,827.75
10/8/1999,827.78
10/9/1999,827.8
10/10/1999,827.77
10/11/1999,827.74
10/12/1999,827.72
10/13/1999,827.73
10/14/1999,827.77
10/15/1999,827.74
10/16/1999,827.74
10/17/1999,827.74
10/18/1999,827.75
10/19/1999,827.74
10/20/1999,827.73
10/21/1999,827.74
10/22/1999,827.72
10/23/1999,827.72
10/24/1999,827.72
10/25/1999,827.73
10/26/1999,827.7
10/27/1999,827.73
10/28/1999,827.75
10/29/1999,827.76
10/30/1999,827.76
10/31/1999,827.76
11/1/1999,827.78
11/2/1999,827.79
11/3/1999,827.81
11/4/1999,827.81
11/5/1999,827.8
11/6/1999,827.8
11/7/1999,827.8
11/8/1999,827.79
11/9/1999,827.79
11/10/1999,827.8
11/11/1999,827.81
11/12/1999,827.82
11/13/1999,827.82
11/14/1999,827.82
11/15/1999,827.8
11/16/1999,827.81
11/17/1999,827.81
11/18/1999,827.81
11/19/1999,827.84
11/20/1999,827.84
11/21/1999,827.84
11/22/1999,827.85
11/23/1999,827.85
11/24/1999,827.84
11/25/1999,827.85
11/26/1999,827.85
11/27/1999,827.85
11/28/1999,827.85
11/29/1999,827.85
11/30/1999,827.89
12/1/1999,827.89
12/2/1999,827.89
12/3/1999,827.88
12/4/1999,827.88
12/5/1999,827.88
12/6/1999,827.87
12/7/1999,827.9
12/8/1999,827.9
12/9/1999,827.95
12/10/1999,827.95
12/11/1999,827.95
12/12/1999,827.95
12/13/1999,827.95
12/14/1999,827.95
12/15/1999,827.94
12/16/1999,827.94
12/17/1999,827.94
12/18/1999,827.94
12/19/1999,827.94
12/20/1999,827.94
12/21/1999,827.94
12/22/1999,827.96
12/23/1999,827.96
12/24/1999,827.95
12/25/1999,827.95
12/26/1999,827.95
12/27/1999,827.94
12/28/1999,827.96
12/29/1999,827.97
12/30/1999,827.93
12/31/1999,827.93
1/1/2000,827.93
1/2/2000,827.93
1/3/2000,827.95
1/4/2000,827.98
1/5/2000,827.99
1/6/2000,827.98
1/7/2000,827.97
1/8/2000,827.97
1/9/2000,827.97
1/10/2000,827.94
1/11/2000,827.94
1/12/2000,827.95
1/13/2000,827.96
1/14/2000,827.98
1/15/2000,827.98
1/16/2000,827.98
1/17/2000,827.97
1/18/2000,827.93
1/19/2000,827.93
1/20/2000,827.97
1/21/2000,827.94
1/22/2000,827.94
1/23/2000,827.94
1/24/2000,827.95
1/25/2000,827.89
1/26/2000,827.86
1/27/2000,827.82
1/28/2000,827.83
1/29/2000,827.83
1/30/2000,827.83
1/31/2000,827.81
2/1/2000,827.77
2/2/2000,827.74
2/3/2000,827.73
2/4/2000,827.81
2/5/2000,827.81
2/6/2000,827.81
2/7/2000,827.81
2/8/2000,827.81
2/9/2000,827.81
2/10/2000,827.81
2/11/2000,827.81
2/12/2000,827.88
2/13/2000,827.84
2/14/2000,827.81
2/15/2000,827.79
2/16/2000,827.77
2/17/2000,827.77
2/18/2000,827.72
2/19/2000,827.72
2/20/2000,827.72
2/21/2000,827.72
2/22/2000,827.75
2/23/2000,827.73
2/24/2000,827.8
2/25/2000,827.8
2/26/2000,827.8
2/27/2000,827.8
2/28/2000,827.86
2/29/2000,827.86
3/1/2000,827.86
3/2/2000,827.86
3/3/2000,827.87
3/4/2000,827.87
3/5/2000,827.87
3/6/2000,827.89
3/7/2000,827.85
3/8/2000,827.84
3/9/2000,827.86
3/10/2000,827.87
3/11/2000,827.87
3/12/2000,827.87
3/13/2000,827.85
3/14/2000,827.81
3/15/2000,827.8
3/16/2000,827.78
3/17/2000,827.77
3/18/2000,827.77
3/19/2000,827.77
3/20/2000,827.85
3/21/2000,827.86
3/22/2000,827.83
3/23/2000,827.83
3/24/2000,827.87
3/25/2000,827.87
3/26/2000,827.87
3/27/2000,827.89
3/28/2000,827.92
3/29/2000,827.95
3/30/2000,827.89
3/31/2000,827.88
4/1/2000,827.88
4/2/2000,827.88
4/3/2000,827.87
4/4/2000,827.86
4/5/2000,827.91
4/6/2000,827.95
4/7/2000,827.95
4/8/2000,827.95
4/9/2000,827.95
4/10/2000,827.95
4/11/2000,827.98
4/12/2000,827.91
4/13/2000,827.96
4/14/2000,827.94
4/15/2000,827.94
4/16/2000,827.94
4/17/2000,827.94
4/18/2000,827.94
4/19/2000,827.9
4/20/2000,827.93
4/21/2000,827.91
4/22/2000,827.91
4/23/2000,827.91
4/24/2000,827.85
4/25/2000,827.86
4/26/2000,827.91
4/27/2000,827.95
4/28/2000,827.98
4/29/2000,827.99
4/30/2000,827.95
5/1/2000,827.95
5/2/2000,827.95
5/3/2000,827.95
5/4/2000,827.95
5/5/2000,827.95
5/6/2000,827.95
5/7/2000,827.95
5/8/2000,827.99
5/9/2000,827.98
5/10/2000,827.9
5/11/2000,827.85
5/12/2000,827.82
5/13/2000,827.82
5/14/2000,827.82
5/15/2000,827.78
5/16/2000,827.77
5/17/2000,827.72
5/18/2000,827.68
5/19/2000,827.73
5/20/2000,827.73
5/21/2000,827.73
5/22/2000,827.68
5/23/2000,827.7
5/24/2000,827.68
5/25/2000,827.69
5/26/2000,827.73
5/27/2000,827.73
5/28/2000,827.73
5/29/2000,827.71
5/30/2000,827.68
5/31/2000,827.72
6/1/2000,827.73
6/2/2000,827.71
6/3/2000,827.71
6/4/2000,827.71
6/5/2000,827.71
6/6/2000,827.7
6/7/2000,827.73
6/8/2000,827.73
6/9/2000,827.75
6/10/2000,827.75
6/11/2000,827.75
6/12/2000,827.72
6/13/2000,827.71
6/14/2000,827.7
6/15/2000,827.68
6/16/2000,827.68
6/17/2000,827.68
6/18/2000,827.68
6/19/2000,827.68
6/20/2000,827.68
6/21/2000,827.7
6/22/2000,827.72
6/23/2000,827.71
6/24/2000,827.71
6/25/2000,827.71
6/26/2000,827.69
6/27/2000,827.73
6/28/2000,827.74
6/29/2000,827.75
6/30/2000,827.8
7/1/2000,827.8
7/2/2000,827.8
7/3/2000,827.82
7/4/2000,827.86
7/5/2000,827.89
7/6/2000,827.87
7/7/2000,827.91
7/8/2000,827.91
7/9/2000,827.91
7/10/2000,827.93
7/11/2000,827.95
7/12/2000,827.94
7/13/2000,827.95
7/14/2000,827.91
7/15/2000,827.91
7/16/2000,827.91
7/17/2000,827.96
7/18/2000,827.91
7/19/2000,827.96
7/20/2000,827.96
7/21/2000,827.96
7/22/2000,827.96
7/23/2000,827.96
7/24/2000,827.95
7/25/2000,827.98
7/26/2000,827.97
7/27/2000,827.96
7/28/2000,827.93
7/29/2000,827.93
7/30/2000,827.93
7/31/2000,827.94
8/1/2000,827.92
8/2/2000,827.88
8/3/2000,827.91
8/4/2000,827.96
8/5/2000,827.96
8/6/2000,827.96
8/7/2000,827.98
8/8/2000,827.99
8/9/2000,827.99
8/10/2000,827.98
8/11/2000,827.99
8/12/2000,827.99
8/13/2000,827.99
8/14/2000,827.96
8/15/2000,827.95
8/16/2000,827.88
8/17/2000,827.97
8/18/2000,827.99
8/19/2000,827.99
8/20/2000,827.99
8/21/2000,827.97
8/22/2000,827.99
8/23/2000,827.99
8/24/2000,827.93
8/25/2000,827.99
8/26/2000,827.99
8/27/2000,827.99
8/28/2000,827.99
8/29/2000,827.99
8/30/2000,827.99
8/31/2000,827.88
9/1/2000,827.86
9/2/2000,827.86
9/3/2000,827.86
9/4/2000,827.87
9/5/2000,827.86
9/6/2000,827.9
9/7/2000,827.94
9/8/2000,827.9
9/9/2000,827.9
9/10/2000,827.9
9/11/2000,827.94
9/12/2000,827.86
9/13/2000,827.87
9/14/2000,827.77
9/15/2000,827.73
9/16/2000,827.73
9/17/2000,827.73
9/18/2000,827.71
9/19/2000,827.72
9/20/2000,827.79
9/21/2000,827.75
9/22/2000,827.78
9/23/2000,827.78
9/24/2000,827.78
9/25/2000,827.87
9/26/2000,827.93
9/27/2000,827.91
9/28/2000,827.95
9/29/2000,827.99
9/30/2000,827.98
10/1/2000,827.98
10/2/2000,827.98
10/3/2000,827.98
10/4/2000,827.98
10/5/2000,827.98
10/6/2000,827.98
10/7/2000,827.98
10/8/2000,827.9
10/9/2000,827.96
10/10/2000,827.9
10/11/2000,827.89
10/12/2000,827.86
10/13/2000,827.86
10/14/2000,827.86
10/15/2000,827.86
10/16/2000,827.84
10/17/2000,827.81
10/18/2000,827.84
10/19/2000,827.81
10/20/2000,827.8
10/21/2000,827.8
10/22/2000,827.8
10/23/2000,827.78
10/24/2000,827.84
10/25/2000,827.84
10/26/2000,827.82
10/27/2000,827.85
10/28/2000,827.85
10/29/2000,827.85
10/30/2000,827.88
10/31/2000,827.8
11/1/2000,827.75
11/2/2000,827.73
11/3/2000,827.7
11/4/2000,827.7
11/5/2000,827.7
11/6/2000,827.68
11/7/2000,827.71
11/8/2000,827.69
11/9/2000,827.72
11/10/2000,827.68
11/11/2000,827.68
11/12/2000,827.68
11/13/2000,827.72
11/14/2000,827.68
11/15/2000,827.73
11/16/2000,827.68
11/17/2000,827.73
11/18/2000,827.73
11/19/2000,827.73
11/20/2000,827.69
11/21/2000,827.79
11/22/2000,827.86
11/23/2000,827.82
11/24/2000,827.8
11/25/2000,827.8
11/26/2000,827.8
11/27/2000,827.79
11/28/2000,827.8
11/29/2000,827.77
11/30/2000,827.74
12/1/2000,827.77
12/2/2000,827.77
12/3/2000,827.77
12/4/2000,827.75
12/5/2000,827.71
12/6/2000,827.7
12/7/2000,827.7
12/8/2000,827.7
12/9/2000,827.7
12/10/2000,827.7
12/11/2000,827.69
12/12/2000,827.73
12/13/2000,827.71
12/14/2000,827.7
12/15/2000,827.68
12/16/2000,827.68
12/17/2000,827.68
12/18/2000,827.68
12/19/2000,827.74
12/20/2000,827.72
12/21/2000,827.69
12/22/2000,827.68
12/23/2000,827.68
12/24/2000,827.68
12/25/2000,827.77
12/26/2000,827.7
12/27/2000,827.69
12/28/2000,827.7
12/29/2000,827.81
12/30/2000,827.81
12/31/2000,827.81
1/1/2001,827.81
1/2/2001,827.74
1/3/2001,827.79
1/4/2001,827.73
1/5/2001,827.81
1/6/2001,827.81
1/7/2001,827.81
1/8/2001,827.75
1/9/2001,827.78
1/10/2001,827.71
1/11/2001,827.69
1/12/2001,827.67
1/13/2001,827.67
1/14/2001,827.67
1/15/2001,827.68
1/16/2001,827.67
1/17/2001,827.66
1/18/2001,827.64
1/19/2001,827.64
1/20/2001,827.64
1/21/2001,827.62
1/22/2001,827.62
1/23/2001,827.82
1/24/2001,827.82
1/25/2001,827.82
1/26/2001,827.82
1/27/2001,827.82
1/28/2001,827.82
1/29/2001,827.82
1/30/2001,827.82
1/31/2001,827.86
2/1/2001,827.81
2/2/2001,827.72
2/3/2001,827.72
2/4/2001,827.72
2/5/2001,827.74
2/6/2001,827.7
2/7/2001,827.66
2/8/2001,827.65
2/9/2001,827.63
2/10/2001,827.63
2/11/2001,827.63
2/12/2001,827.64
2/13/2001,827.74
2/14/2001,827.65
2/15/2001,827.64
2/16/2001,827.72
2/17/2001,827.72
2/18/2001,827.72
2/19/2001,827.7
2/20/2001,827.66
2/21/2001,827.67
2/22/2001,827.72
2/23/2001,827.69
2/24/2001,827.69
2/25/2001,827.69
2/26/2001,827.74
2/27/2001,827.76
2/28/2001,827.81
3/1/2001,827.83
3/2/2001,827.78
3/3/2001,827.78
3/4/2001,827.78
3/5/2001,827.82
3/6/2001,827.77
3/7/2001,827.78
3/8/2001,827.73
3/9/2001,827.7
3/10/2001,827.7
3/11/2001,827.7
3/12/2001,827.74
3/13/2001,827.84
3/14/2001,827.83
3/15/2001,827.78
3/16/2001,827.76
3/17/2001,827.76
3/18/2001,827.76
3/19/2001,827.71
3/20/2001,827.72
3/21/2001,827.72
3/22/2001,827.71
3/23/2001,827.68
3/24/2001,827.68
3/25/2001,827.68
3/26/2001,827.73
3/27/2001,827.71
3/28/2001,827.73
3/29/2001,827.77
3/30/2001,827.79
3/31/2001,827.79
4/1/2001,827.79
4/2/2001,827.77
4/3/2001,827.76
4/4/2001,827.72
4/5/2001,827.71
4/6/2001,827.68
4/7/2001,827.68
4/8/2001,827.68
4/9/2001,827.67
4/10/2001,827.7
4/11/2001,827.69
4/12/2001,827.69
4/13/2001,827.72
4/14/2001,827.72
4/15/2001,827.72
4/16/2001,827.69
4/17/2001,827.69
4/18/2001,827.75
4/19/2001,827.68
4/20/2001,827.73
4/21/2001,827.73
4/22/2001,827.73
4/23/2001,827.75
4/24/2001,827.7
4/25/2001,827.69
4/26/2001,827.67
4/27/2001,827.69
4/28/2001,827.73
4/29/2001,827.78
4/30/2001,827.73
5/1/2001,827.73
5/2/2001,827.73
5/3/2001,827.73
5/4/2001,827.73
5/5/2001,827.73
5/6/2001,827.73
5/7/2001,827.73
5/8/2001,827.74
5/9/2001,827.85
5/10/2001,827.75
5/11/2001,827.71
5/12/2001,827.71
5/13/2001,827.71
5/14/2001,827.71
5/15/2001,827.71
5/16/2001,827.69
5/17/2001,827.69
5/18/2001,827.67
5/19/2001,827.67
5/20/2001,827.67
5/21/2001,827.68
5/22/2001,827.78
5/23/2001,827.74
5/24/2001,827.71
5/25/2001,827.7
5/26/2001,827.7
5/27/2001,827.7
5/28/2001,827.71
5/29/2001,827.68
5/30/2001,827.68
5/31/2001,827.77
6/1/2001,827.7
6/2/2001,827.7
6/3/2001,827.7
6/4/2001,827.77
6/5/2001,827.7
6/6/2001,827.69
6/7/2001,827.72
6/8/2001,827.67
6/9/2001,827.67
6/10/2001,827.67
6/11/2001,827.67
6/12/2001,827.67
6/13/2001,827.71
6/14/2001,827.79
6/15/2001,827.73
6/16/2001,827.73
6/17/2001,827.73
6/18/2001,827.7
6/19/2001,827.7
6/20/2001,827.79
6/21/2001,827.7
6/22/2001,827.69
6/23/2001,827.69
6/24/2001,827.69
6/25/2001,827.67
6/26/2001,827.68
6/27/2001,827.68
6/28/2001,827.68
6/29/2001,827.7
6/30/2001,827.7
7/1/2001,827.7
7/2/2001,827.67
7/3/2001,827.7
7/4/2001,827.67
7/5/2001,827.69
7/6/2001,827.67
7/7/2001,827.67
7/8/2001,827.67
7/9/2001,827.68
7/10/2001,827.67
7/11/2001,827.7
7/12/2001,827.69
7/13/2001,827.69
7/14/2001,827.69
7/15/2001,827.69
7/16/2001,827.67
7/17/2001,827.67
7/18/2001,827.69
7/19/2001,827.7
7/20/2001,827.68
7/21/2001,827.68
7/22/2001,827.68
7/23/2001,827.68
7/24/2001,827.7
7/25/2001,827.73
7/26/2001,827.7
7/27/2001,827.71
7/28/2001,827.71
7/29/2001,827.71
7/30/2001,827.7
7/31/2001,827.67
8/1/2001,827.7
8/2/2001,827.69
8/3/2001,827.68
8/4/2001,827.68
8/5/2001,827.68
8/6/2001,827.68
8/7/2001,827.7
8/8/2001,827.72
8/9/2001,827.73
8/10/2001,827.7
8/11/2001,827.7
8/12/2001,827.7
8/13/2001,827.68
8/14/2001,827.71
8/15/2001,827.73
8/16/2001,827.71
8/17/2001,827.7
8/18/2001,827.7
8/19/2001,827.7
8/20/2001,827.68
8/21/2001,827.68
8/22/2001,827.68
8/23/2001,827.69
8/24/2001,827.68
8/25/2001,827.68
8/26/2001,827.68
8/27/2001,827.73
8/28/2001,827.7
8/29/2001,827.68
8/30/2001,827.69
8/31/2001,827.67
9/1/2001,827.67
9/2/2001,827.67
9/3/2001,827.69
9/4/2001,827.7
9/5/2001,827.68
9/6/2001,827.7
9/7/2001,827.68
9/8/2001,827.68
9/9/2001,827.68
9/10/2001,827.67
9/11/2001,827.67
9/12/2001,827.69
9/13/2001,827.69
9/14/2001,827.68
9/15/2001,827.68
9/16/2001,827.68
9/17/2001,827.66
9/18/2001,827.67
9/19/2001,827.68
9/20/2001,827.66
9/21/2001,827.66
9/22/2001,827.66
9/23/2001,827.66
9/24/2001,827.67
9/25/2001,827.7
9/26/2001,827.72
9/27/2001,827.69
9/28/2001,827.69
9/29/2001,827.68
9/30/2001,827.69
10/1/2001,827.69
10/2/2001,827.69
10/3/2001,827.69
10/4/2001,827.69
10/5/2001,827.69
10/6/2001,827.69
10/7/2001,827.69
10/8/2001,827.68
10/9/2001,827.67
10/10/2001,827.69
10/11/2001,827.68
10/12/2001,827.66
10/13/2001,827.66
10/14/2001,827.66
10/15/2001,827.65
10/16/2001,827.66
10/17/2001,827.67
10/18/2001,827.69
10/19/2001,827.7
10/20/2001,827.7
10/21/2001,827.7
10/22/2001,827.68
10/23/2001,827.7
10/24/2001,827.68
10/25/2001,827.67
10/26/2001,827.69
10/27/2001,827.69
10/28/2001,827.69
10/29/2001,827.7
10/30/2001,827.7
10/31/2001,827.68
11/1/2001,827.68
11/2/2001,827.69
11/3/2001,827.69
11/4/2001,827.69
11/5/2001,827.69
11/6/2001,827.68
11/7/2001,827.67
11/8/2001,827.66
11/9/2001,827.66
11/10/2001,827.66
11/11/2001,827.66
11/12/2001,827.66
11/13/2001,827.65
11/14/2001,827.65
11/15/2001,827.67
11/16/2001,827.7
11/17/2001,827.7
11/18/2001,827.7
11/19/2001,827.71
11/20/2001,827.7
11/21/2001,827.69
11/22/2001,827.69
11/23/2001,827.69
11/24/2001,827.69
11/25/2001,827.69
11/26/2001,827.69
11/27/2001,827.7
11/28/2001,827.7
11/29/2001,827.72
11/30/2001,827.74
12/1/2001,827.74
12/2/2001,827.74
12/3/2001,827.72
12/4/2001,827.7
12/5/2001,827.71
12/6/2001,827.72
12/7/2001,827.73
12/8/2001,827.73
12/9/2001,827.73
12/10/2001,827.72
12/11/2001,827.7
12/12/2001,827.68
12/13/2001,827.68
12/14/2001,827.67
12/15/2001,827.67
12/16/2001,827.67
12/17/2001,827.68
12/18/2001,827.69
12/19/2001,827.68
12/20/2001,827.67
12/21/2001,827.66
12/22/2001,827.66
12/23/2001,827.66
12/24/2001,827.67
12/25/2001,827.66
12/26/2001,827.67
12/27/2001,827.66
12/28/2001,827.67
12/29/2001,827.68
12/30/2001,827.67
12/31/2001,827.66
1/1/2002,827.66
1/2/2002,827.66
1/3/2002,827.66
1/4/2002,827.66
1/5/2002,827.66
1/6/2002,827.66
1/7/2002,827.68
1/8/2002,827.67
1/9/2002,827.66
1/10/2002,827.67
1/11/2002,827.66
1/12/2002,827.66
1/13/2002,827.66
1/14/2002,827.68
1/15/2002,827.67
1/16/2002,827.68
1/17/2002,827.67
1/18/2002,827.68
1/19/2002,827.68
1/20/2002,827.68
1/21/2002,827.67
1/22/2002,827.68
1/23/2002,827.67
1/24/2002,827.65
1/25/2002,827.67
1/26/2002,827.67
1/27/2002,827.67
1/28/2002,827.65
1/29/2002,827.67
1/30/2002,827.66
1/31/2002,827.65
2/1/2002,827.65
2/2/2002,827.65
2/3/2002,827.65
2/4/2002,827.66
2/5/2002,827.66
2/6/2002,827.65
2/7/2002,827.67
2/8/2002,827.66
2/9/2002,827.67
2/10/2002,827.66
2/11/2002,827.67
2/12/2002,827.67
2/13/2002,827.67
2/14/2002,827.67
2/15/2002,827.67
2/16/2002,827.67
2/17/2002,827.67
2/18/2002,827.67
2/19/2002,827.68
2/20/2002,827.7
2/21/2002,827.68
2/22/2002,827.66
2/23/2002,827.66
2/24/2002,827.66
2/25/2002,827.65
2/26/2002,827.65
2/27/2002,827.67
2/28/2002,827.66
3/1/2002,827.65
3/2/2002,827.65
3/3/2002,827.65
3/4/2002,827.66
3/5/2002,827.67
3/6/2002,827.65
3/7/2002,827.66
3/8/2002,827.71
3/9/2002,827.71
3/10/2002,827.71
3/11/2002,827.71
3/12/2002,827.69
3/13/2002,827.67
3/14/2002,827.71
3/15/2002,827.74
3/16/2002,827.74
3/17/2002,827.74
3/18/2002,827.75
3/19/2002,827.73
3/20/2002,827.75
3/21/2002,827.74
3/22/2002,827.72
3/23/2002,827.72
3/24/2002,827.72
3/25/2002,827.7
3/26/2002,827.69
3/27/2002,827.71
3/28/2002,827.72
3/29/2002,827.74
3/30/2002,827.74
3/31/2002,827.74
4/1/2002,827.74
4/2/2002,827.72
4/3/2002,827.72
4/4/2002,827.73
4/5/2002,827.71
4/6/2002,827.71
4/7/2002,827.71
4/8/2002,827.7
4/9/2002,827.7
4/10/2002,827.69
4/11/2002,827.71
4/12/2002,827.71
4/13/2002,827.71
4/14/2002,827.71
4/15/2002,827.72
4/16/2002,827.71
4/17/2002,827.72
4/18/2002,827.72
4/19/2002,827.72
4/20/2002,827.72
4/21/2002,827.72
4/22/2002,827.75
4/23/2002,827.72
4/24/2002,827.73
4/25/2002,827.74
4/26/2002,827.74
4/27/2002,827.73
4/28/2002,827.74
4/29/2002,827.71
4/30/2002,827.7
5/1/2002,827.7
5/2/2002,827.7
5/3/2002,827.7
5/4/2002,827.7
5/5/2002,827.7
5/6/2002,827.7
5/7/2002,827.7
5/8/2002,827.73
5/9/2002,827.73
5/10/2002,827.72
5/11/2002,827.72
5/12/2002,827.72
5/13/2002,827.71
5/14/2002,827.71
5/15/2002,827.7
5/16/2002,827.69
5/17/2002,827.68
5/18/2002,827.68
5/19/2002,827.68
5/20/2002,827.68
5/21/2002,827.68
5/22/2002,827.69
5/23/2002,827.7
5/24/2002,827.7
5/25/2002,827.7
5/26/2002,827.7
5/27/2002,827.71
5/28/2002,827.69
5/29/2002,827.66
5/30/2002,827.66
5/31/2002,827.66
6/1/2002,827.66
6/2/2002,827.66
6/3/2002,827.65
6/4/2002,827.67
6/5/2002,827.68
6/6/2002,827.69
6/7/2002,827.7
6/8/2002,827.7
6/9/2002,827.7
6/10/2002,827.7
6/11/2002,827.7
6/12/2002,827.68
6/13/2002,827.69
6/14/2002,827.69
6/15/2002,827.69
6/16/2002,827.69
6/17/2002,827.69
6/18/2002,827.73
6/19/2002,827.75
6/20/2002,827.74
6/21/2002,827.72
6/22/2002,827.72
6/23/2002,827.72
6/24/2002,827.71
6/25/2002,827.7
6/26/2002,827.71
6/27/2002,827.72
6/28/2002,827.71
6/29/2002,827.71
6/30/2002,827.71
7/1/2002,827.71
7/2/2002,827.7
7/3/2002,827.69
7/4/2002,827.68
7/5/2002,827.67
7/6/2002,827.67
7/7/2002,827.67
7/8/2002,827.66
7/9/2002,827.67
7/10/2002,827.66
7/11/2002,827.66
7/12/2002,827.68
7/13/2002,827.68
7/14/2002,827.68
7/15/2002,827.67
7/16/2002,827.68
7/17/2002,827.68
7/18/2002,827.69
7/19/2002,827.68
7/20/2002,827.68
7/21/2002,827.68
7/22/2002,827.69
7/23/2002,827.7
7/24/2002,827.7
7/25/2002,827.69
7/26/2002,827.69
7/27/2002,827.69
7/28/2002,827.69
7/29/2002,827.68
7/30/2002,827.67
7/31/2002,827.66
8/1/2002,827.67
8/2/2002,827.66
8/3/2002,827.66
8/4/2002,827.66
8/5/2002,827.68
8/6/2002,827.67
8/7/2002,827.68
8/8/2002,827.69
8/9/2002,827.67
8/10/2002,827.67
8/11/2002,827.67
8/12/2002,827.66
8/13/2002,827.68
8/14/2002,827.67
8/15/2002,827.66
8/16/2002,827.68
8/17/2002,827.68
8/18/2002,827.68
8/19/2002,827.68
8/20/2002,827.67
8/21/2002,827.68
8/22/2002,827.66
8/23/2002,827.66
8/24/2002,827.66
8/25/2002,827.66
8/26/2002,827.67
8/27/2002,827.66
8/28/2002,827.67
8/29/2002,827.68
8/30/2002,827.67
8/31/2002,827.67
9/1/2002,827.67
9/2/2002,827.68
9/3/2002,827.69
9/4/2002,827.7
9/5/2002,827.71
9/6/2002,827.72
9/7/2002,827.72
9/8/2002,827.72
9/9/2002,827.7
9/10/2002,827.7
9/11/2002,827.69
9/12/2002,827.69
9/13/2002,827.68
9/14/2002,827.68
9/15/2002,827.68
9/16/2002,827.68
9/17/2002,827.68
9/18/2002,827.69
9/19/2002,827.69
9/20/2002,827.68
9/21/2002,827.68
9/22/2002,827.68
9/23/2002,827.7
9/24/2002,827.7
9/25/2002,827.69
9/26/2002,827.7
9/27/2002,827.71
9/28/2002,827.71
9/29/2002,827.71
9/30/2002,827.71
10/1/2002,827.71
10/2/2002,827.71
10/3/2002,827.71
10/4/2002,827.71
10/5/2002,827.71
10/6/2002,827.71
10/7/2002,827.71
10/8/2002,827.72
10/9/2002,827.72
10/10/2002,827.71
10/11/2002,827.7
10/12/2002,827.7
10/13/2002,827.7
10/14/2002,827.69
10/15/2002,827.68
10/16/2002,827.67
10/17/2002,827.67
10/18/2002,827.68
10/19/2002,827.68
10/20/2002,827.68
10/21/2002,827.67
10/22/2002,827.68
10/23/2002,827.68
10/24/2002,827.68
10/25/2002,827.7
10/26/2002,827.7
10/27/2002,827.7
10/28/2002,827.71
10/29/2002,827.71
10/30/2002,827.72
10/31/2002,827.71
11/1/2002,827.71
11/2/2002,827.71
11/3/2002,827.71
11/4/2002,827.71
11/5/2002,827.72
11/6/2002,827.7
11/7/2002,827.71
11/8/2002,827.71
11/9/2002,827.71
11/10/2002,827.71
11/11/2002,827.72
11/12/2002,827.7
11/13/2002,827.71
11/14/2002,827.73
11/15/2002,827.72
11/16/2002,827.72
11/17/2002,827.72
11/18/2002,827.73
11/19/2002,827.73
11/20/2002,827.72
11/21/2002,827.7
11/22/2002,827.7
11/23/2002,827.7
11/24/2002,827.7
11/25/2002,827.72
11/26/2002,827.72
11/27/2002,827.7
11/28/2002,827.71
11/29/2002,827.72
11/30/2002,827.72
12/1/2002,827.72
12/2/2002,827.72
12/3/2002,827.72
12/4/2002,827.71
12/5/2002,827.72
12/6/2002,827.7
12/7/2002,827.7
12/8/2002,827.7
12/9/2002,827.72
12/10/2002,827.73
12/11/2002,827.7
12/12/2002,827.72
12/13/2002,827.72
12/14/2002,827.72
12/15/2002,827.72
12/16/2002,827.7
12/17/2002,827.72
12/18/2002,827.73
12/19/2002,827.73
12/20/2002,827.73
12/21/2002,827.73
12/22/2002,827.73
12/23/2002,827.74
12/24/2002,827.75
12/25/2002,827.75
12/26/2002,827.74
12/27/2002,827.72
12/28/2002,827.72
12/29/2002,827.72
12/30/2002,827.72
12/31/2002,827.73
1/1/2003,827.73
1/2/2003,827.7
1/3/2003,827.7
1/4/2003,827.7
1/5/2003,827.7
1/6/2003,827.68
1/7/2003,827.68
1/8/2003,827.67
1/9/2003,827.66
1/10/2003,827.66
1/11/2003,827.66
1/12/2003,827.66
1/13/2003,827.66
1/14/2003,827.68
1/15/2003,827.68
1/16/2003,827.7
1/17/2003,827.7
1/18/2003,827.7
1/19/2003,827.7
1/20/2003,827.7
1/21/2003,827.72
1/22/2003,827.7
1/23/2003,827.7
1/24/2003,827.7
1/25/2003,827.7
1/26/2003,827.7
1/27/2003,827.68
1/28/2003,827.68
1/29/2003,827.67
1/30/2003,827.67
1/31/2003,827.66
2/1/2003,827.66
2/2/2003,827.66
2/3/2003,827.66
2/4/2003,827.66
2/5/2003,827.66
2/6/2003,827.66
2/7/2003,827.66
2/8/2003,827.68
2/9/2003,827.7
2/10/2003,827.7
2/11/2003,827.73
2/12/2003,827.75
2/13/2003,827.75
2/14/2003,827.73
2/15/2003,827.73
2/16/2003,827.73
2/17/2003,827.73
2/18/2003,827.74
2/19/2003,827.72
2/20/2003,827.75
2/21/2003,827.75
2/22/2003,827.75
2/23/2003,827.75
2/24/2003,827.75
2/25/2003,827.75
2/26/2003,827.75
2/27/2003,827.74
2/28/2003,827.74
3/1/2003,827.74
3/2/2003,827.74
3/3/2003,827.75
3/4/2003,827.73
3/5/2003,827.73
3/6/2003,827.75
3/7/2003,827.75
3/8/2003,827.75
3/9/2003,827.75
3/10/2003,827.74
3/11/2003,827.72
3/12/2003,827.7
3/13/2003,827.7
3/14/2003,827.7
3/15/2003,827.7
3/16/2003,827.7
3/17/2003,827.7
3/18/2003,827.7
3/19/2003,827.72
3/20/2003,827.71
3/21/2003,827.71
3/22/2003,827.71
3/23/2003,827.71
3/24/2003,827.73
3/25/2003,827.73
3/26/2003,827.71
3/27/2003,827.74
3/28/2003,827.72
3/29/2003,827.72
3/30/2003,827.72
3/31/2003,827.71
4/1/2003,827.74
4/2/2003,827.73
4/3/2003,827.7
4/4/2003,827.7
4/5/2003,827.7
4/6/2003,827.7
4/7/2003,827.7
4/8/2003,827.72
4/9/2003,827.72
4/10/2003,827.74
4/11/2003,827.73
4/12/2003,827.73
4/13/2003,827.73
4/14/2003,827.72
4/15/2003,827.74
4/16/2003,827.72
4/17/2003,827.72
4/18/2003,827.71
4/19/2003,827.71
4/20/2003,827.71
4/21/2003,827.7
4/22/2003,827.69
4/23/2003,827.7
4/24/2003,827.72
4/25/2003,827.72
4/26/2003,827.72
4/27/2003,827.72
4/28/2003,827.7
4/29/2003,827.7
4/30/2003,827.7
5/1/2003,827.7
5/2/2003,827.7
5/3/2003,827.7
5/4/2003,827.7
5/5/2003,827.7
5/6/2003,827.71
5/7/2003,827.7
5/8/2003,827.69
5/9/2003,827.68
5/10/2003,827.68
5/11/2003,827.68
5/12/2003,827.68
5/13/2003,827.7
5/14/2003,827.7
5/15/2003,827.69
5/16/2003,827.68
5/17/2003,827.68
5/18/2003,827.68
5/19/2003,827.7
5/20/2003,827.68
5/21/2003,827.68
5/22/2003,827.69
5/23/2003,827.68
5/24/2003,827.68
5/25/2003,827.68
5/26/2003,827.68
5/27/2003,827.7
5/28/2003,827.68
5/29/2003,827.7
5/30/2003,827.7
5/31/2003,827.7
6/1/2003,827.7
6/2/2003,827.68
6/3/2003,827.68
6/4/2003,827.69
6/5/2003,827.7
6/6/2003,827.7
6/7/2003,827.7
6/8/2003,827.7
6/9/2003,827.7
6/10/2003,827.7
6/11/2003,827.68
6/12/2003,827.7
6/13/2003,827.7
6/14/2003,827.7
6/15/2003,827.7
6/16/2003,827.68
6/17/2003,827.69
6/18/2003,827.68
6/19/2003,827.68
6/20/2003,827.7
6/21/2003,827.7
6/22/2003,827.7
6/23/2003,827.72
6/24/2003,827.73
6/25/2003,827.73
6/26/2003,827.75
6/27/2003,827.75
6/28/2003,827.75
6/29/2003,827.75
6/30/2003,827.74
7/1/2003,827.74
7/2/2003,827.74
7/3/2003,827.75
7/4/2003,827.75
7/5/2003,827.75
7/6/2003,827.75
7/7/2003,827.76
7/8/2003,827.73
7/9/2003,827.73
7/10/2003,827.75
7/11/2003,827.73
7/12/2003,827.72
7/13/2003,827.72
7/14/2003,827.72
7/15/2003,827.71
7/16/2003,827.71
7/17/2003,827.7
7/18/2003,827.7
7/19/2003,827.7
7/20/2003,827.7
7/21/2003,827.7
7/22/2003,827.68
7/23/2003,827.7
7/24/2003,827.7
7/25/2003,827.72
7/26/2003,827.72
7/27/2003,827.72
7/28/2003,827.74
7/29/2003,827.75
7/30/2003,827.75
7/31/2003,827.73
8/1/2003,827.73
8/2/2003,827.73
8/3/2003,827.73
8/4/2003,827.72
8/5/2003,827.75
8/6/2003,827.75
8/7/2003,827.73
8/8/2003,827.73
8/9/2003,827.73
8/10/2003,827.73
8/11/2003,827.72
8/12/2003,827.72
8/13/2003,827.7
8/14/2003,827.7
8/15/2003,827.7
8/16/2003,827.7
8/17/2003,827.7
8/18/2003,827.68
8/19/2003,827.68
8/20/2003,827.67
8/21/2003,827.68
8/22/2003,827.66
8/23/2003,827.66
8/24/2003,827.66
8/25/2003,827.66
8/26/2003,827.68
8/27/2003,827.68
8/28/2003,827.7
8/29/2003,827.71
8/30/2003,827.71
8/31/2003,827.71
9/1/2003,827.71
9/2/2003,827.7
9/3/2003,827.7
9/4/2003,827.68
9/5/2003,827.7
9/6/2003,827.7
9/7/2003,827.7
9/8/2003,827.7
9/9/2003,827.69
9/10/2003,827.7
9/11/2003,827.7
9/12/2003,827.72
9/13/2003,827.72
9/14/2003,827.72
9/15/2003,827.72
9/16/2003,827.74
9/17/2003,827.74
9/18/2003,827.75
9/19/2003,827.75
9/20/2003,827.75
9/21/2003,827.75
9/22/2003,827.73
9/23/2003,827.73
9/24/2003,827.72
9/25/2003,827.7
9/26/2003,827.7
9/27/2003,827.73
9/28/2003,827.73
9/29/2003,827.71
9/30/2003,827.7
10/1/2003,827.7
10/2/2003,827.7
10/3/2003,827.7
10/4/2003,827.7
10/5/2003,827.7
10/6/2003,827.7
10/7/2003,827.7
10/8/2003,827.7
10/9/2003,827.71
10/10/2003,827.7
10/11/2003,827.7
10/12/2003,827.7
10/13/2003,827.7
10/14/2003,827.68
10/15/2003,827.67
10/16/2003,827.67
10/17/2003,827.66
10/18/2003,827.66
10/19/2003,827.66
10/20/2003,827.66
10/21/2003,827.66
10/22/2003,827.65
10/23/2003,827.66
10/24/2003,827.66
10/25/2003,827.66
10/26/2003,827.66
10/27/2003,827.68
10/28/2003,827.67
10/29/2003,827.66
10/30/2003,827.66
10/31/2003,827.67
11/1/2003,827.67
11/2/2003,827.67
11/3/2003,827.66
11/4/2003,827.66
11/5/2003,827.67
11/6/2003,827.67
11/7/2003,827.69
11/8/2003,827.69
11/9/2003,827.69
11/10/2003,827.7
11/11/2003,827.7
11/12/2003,827.69
11/13/2003,827.7
11/14/2003,827.7
11/15/2003,827.7
11/16/2003,827.7
11/17/2003,827.7
11/18/2003,827.69
11/19/2003,827.67
11/20/2003,827.67
11/21/2003,827.69
11/22/2003,827.69
11/23/2003,827.69
11/24/2003,827.7
11/25/2003,827.71
11/26/2003,827.7
11/27/2003,827.72
11/28/2003,827.72
11/29/2003,827.72
11/30/2003,827.72
12/1/2003,827.7
12/2/2003,827.72
12/3/2003,827.72
12/4/2003,827.71
12/5/2003,827.7
12/6/2003,827.7
12/7/2003,827.7
12/8/2003,827.69
12/9/2003,827.71
12/10/2003,827.71
12/11/2003,827.7
12/12/2003,827.71
12/13/2003,827.71
12/14/2003,827.71
12/15/2003,827.72
12/16/2003,827.72
12/17/2003,827.71
12/18/2003,827.69
12/19/2003,827.69
12/20/2003,827.69
12/21/2003,827.69
12/22/2003,827.7
12/23/2003,827.69
12/24/2003,827.7
12/25/2003,827.7
12/26/2003,827.68
12/27/2003,827.68
12/28/2003,827.68
12/29/2003,827.68
12/30/2003,827.69
12/31/2003,827.67
1/1/2004,827.67
1/2/2004,827.67
1/3/2004,827.67
1/4/2004,827.67
1/5/2004,827.69
1/6/2004,827.7
1/7/2004,827.71
1/8/2004,827.72
1/9/2004,827.72
1/10/2004,827.72
1/11/2004,827.72
1/12/2004,827.7
1/13/2004,827.7
1/14/2004,827.68
1/15/2004,827.68
1/16/2004,827.67
1/17/2004,827.67
1/18/2004,827.67
1/19/2004,827.66
1/20/2004,827.68
1/21/2004,827.7
1/22/2004,827.7
1/23/2004,827.7
1/24/2004,827.7
1/25/2004,827.7
1/26/2004,827.7
1/27/2004,827.7
1/28/2004,827.7
1/29/2004,827.71
1/30/2004,827.7
1/31/2004,827.7
2/1/2004,827.7
2/2/2004,827.68
2/3/2004,827.7
2/4/2004,827.72
2/5/2004,827.72
2/6/2004,827.73
2/7/2004,827.73
2/8/2004,827.73
2/9/2004,827.73
2/10/2004,827.73
2/11/2004,827.72
2/12/2004,827.71
2/13/2004,827.72
2/14/2004,827.72
2/15/2004,827.72
2/16/2004,827.7
2/17/2004,827.72
2/18/2004,827.7
2/19/2004,827.7
2/20/2004,827.71
2/21/2004,827.71
2/22/2004,827.71
2/23/2004,827.72
2/24/2004,827.72
2/25/2004,827.71
2/26/2004,827.7
2/27/2004,827.7
2/28/2004,827.7
2/29/2004,827.7
3/1/2004,827.69
3/2/2004,827.68
3/3/2004,827.68
3/4/2004,827.68
3/5/2004,827.7
3/6/2004,827.7
3/7/2004,827.7
3/8/2004,827.71
3/9/2004,827.71
3/10/2004,827.71
3/11/2004,827.71
3/12/2004,827.72
3/13/2004,827.72
3/14/2004,827.72
3/15/2004,827.71
3/16/2004,827.73
3/17/2004,827.73
3/18/2004,827.74
3/19/2004,827.74
3/20/2004,827.74
3/21/2004,827.74
3/22/2004,827.72
3/23/2004,827.73
3/24/2004,827.74
3/25/2004,827.72
3/26/2004,827.71
3/27/2004,827.71
3/28/2004,827.71
3/29/2004,827.7
3/30/2004,827.71
3/31/2004,827.71
4/1/2004,827.7
4/2/2004,827.69
4/3/2004,827.69
4/4/2004,827.69
4/5/2004,827.69
4/6/2004,827.69
4/7/2004,827.69
4/8/2004,827.69
4/9/2004,827.69
4/10/2004,827.69
4/11/2004,827.69
4/12/2004,827.69
4/13/2004,827.7
4/14/2004,827.69
4/15/2004,827.72
4/16/2004,827.71
4/17/2004,827.71
4/18/2004,827.71
4/19/2004,827.69
4/20/2004,827.68
4/21/2004,827.68
4/22/2004,827.69
4/23/2004,827.7
4/24/2004,827.7
4/25/2004,827.7
4/26/2004,827.69
4/27/2004,827.68
4/28/2004,827.68
4/29/2004,827.68
4/30/2004,827.69
5/1/2004,827.69
5/2/2004,827.69
5/3/2004,827.69
5/4/2004,827.69
5/5/2004,827.69
5/6/2004,827.69
5/7/2004,827.69
5/8/2004,827.71
5/9/2004,827.71
5/10/2004,827.7
5/11/2004,827.69
5/12/2004,827.73
5/13/2004,827.73
5/14/2004,827.72
5/15/2004,827.72
5/16/2004,827.72
5/17/2004,827.72
5/18/2004,827.72
5/19/2004,827.71
5/20/2004,827.69
5/21/2004,827.71
5/22/2004,827.71
5/23/2004,827.71
5/24/2004,827.71
5/25/2004,827.7
5/26/2004,827.69
5/27/2004,827.68
5/28/2004,827.68
5/29/2004,827.68
5/30/2004,827.68
5/31/2004,827.69
6/1/2004,827.68
6/2/2004,827.67
6/3/2004,827.67
6/4/2004,827.68
6/5/2004,827.68
6/6/2004,827.68
6/7/2004,827.67
6/8/2004,827.67
6/9/2004,827.67
6/10/2004,827.67
6/11/2004,827.68
6/12/2004,827.68
6/13/2004,827.68
6/14/2004,827.67
6/15/2004,827.66
6/16/2004,827.66
6/17/2004,827.66
6/18/2004,827.66
6/19/2004,827.66
6/20/2004,827.66
6/21/2004,827.66
6/22/2004,827.66
6/23/2004,827.66
6/24/2004,827.67
6/25/2004,827.66
6/26/2004,827.66
6/27/2004,827.66
6/28/2004,827.67
6/29/2004,827.66
6/30/2004,827.66
7/1/2004,827.66
7/2/2004,827.67
7/3/2004,827.67
7/4/2004,827.67
7/5/2004,827.66
7/6/2004,827.68
7/7/2004,827.68
7/8/2004,827.68
7/9/2004,827.69
7/10/2004,827.69
7/11/2004,827.69
7/12/2004,827.69
7/13/2004,827.68
7/14/2004,827.68
7/15/2004,827.67
7/16/2004,827.67
7/17/2004,827.67
7/18/2004,827.67
7/19/2004,827.66
7/20/2004,827.66
7/21/2004,827.67
7/22/2004,827.66
7/23/2004,827.66
7/24/2004,827.66
7/25/2004,827.66
7/26/2004,827.66
7/27/2004,827.67
7/28/2004,827.67
7/29/2004,827.68
7/30/2004,827.69
7/31/2004,827.69
8/1/2004,827.69
8/2/2004,827.69
8/3/2004,827.7
8/4/2004,827.7
8/5/2004,827.7
8/6/2004,827.69
8/7/2004,827.69
8/8/2004,827.69
8/9/2004,827.69
8/10/2004,827.69
8/11/2004,827.7
8/12/2004,827.69
8/13/2004,827.69
8/14/2004,827.69
8/15/2004,827.69
8/16/2004,827.68
8/17/2004,827.68
8/18/2004,827.67
8/19/2004,827.67
8/20/2004,827.68
8/21/2004,827.68
8/22/2004,827.68
8/23/2004,827.67
8/24/2004,827.67
8/25/2004,827.67
8/26/2004,827.66
8/27/2004,827.66
8/28/2004,827.66
8/29/2004,827.66
8/30/2004,827.67
8/31/2004,827.67
9/1/2004,827.66
9/2/2004,827.66
9/3/2004,827.67
9/4/2004,827.67
9/5/2004,827.67
9/6/2004,827.67
9/7/2004,827.66
9/8/2004,827.67
9/9/2004,827.67
9/10/2004,827.68
9/11/2004,827.68
9/12/2004,827.68
9/13/2004,827.66
9/14/2004,827.66
9/15/2004,827.67
9/16/2004,827.68
9/17/2004,827.66
9/18/2004,827.66
9/19/2004,827.66
9/20/2004,827.67
9/21/2004,827.67
9/22/2004,827.66
9/23/2004,827.66
9/24/2004,827.66
9/25/2004,827.66
9/26/2004,827.66
9/27/2004,827.66
9/28/2004,827.66
9/29/2004,827.66
9/30/2004,827.66
10/1/2004,827.66
10/2/2004,827.66
10/3/2004,827.66
10/4/2004,827.66
10/5/2004,827.66
10/6/2004,827.66
10/7/2004,827.66
10/8/2004,827.66
10/9/2004,827.68
10/10/2004,827.67
10/11/2004,827.66
10/12/2004,827.65
10/13/2004,827.65
10/14/2004,827.65
10/15/2004,827.65
10/16/2004,827.65
10/17/2004,827.65
10/18/2004,827.65
10/19/2004,827.65
10/20/2004,827.65
10/21/2004,827.65
10/22/2004,827.65
10/23/2004,827.65
10/24/2004,827.65
10/25/2004,827.65
10/26/2004,827.65
10/27/2004,827.65
10/28/2004,827.65
10/29/2004,827.65
10/30/2004,827.65
10/31/2004,827.65
11/1/2004,827.65
11/2/2004,827.65
11/3/2004,827.65
11/4/2004,827.65
11/5/2004,827.65
11/6/2004,827.65
11/7/2004,827.65
11/8/2004,827.65
11/9/2004,827.65
11/10/2004,827.65
11/11/2004,827.65
11/12/2004,827.65
11/13/2004,827.65
11/14/2004,827.65
11/15/2004,827.65
11/16/2004,827.65
11/17/2004,827.65
11/18/2004,827.65
11/19/2004,827.65
11/20/2004,827.65
11/21/2004,827.65
11/22/2004,827.65
11/23/2004,827.65
11/24/2004,827.65
11/25/2004,827.65
11/26/2004,827.65
11/27/2004,827.65
11/28/2004,827.65
11/29/2004,827.65
11/30/2004,827.65
12/1/2004,827.65
12/2/2004,827.65
12/3/2004,827.65
12/4/2004,827.65
12/5/2004,827.65
12/6/2004,827.65
12/7/2004,827.65
12/8/2004,827.65
12/9/2004,827.65
12/10/2004,827.65
12/11/2004,827.65
12/12/2004,827.65
12/13/2004,827.65
12/14/2004,827.65
12/15/2004,827.65
12/16/2004,827.65
12/17/2004,827.65
12/18/2004,827.65
12/19/2004,827.65
12/20/2004,827.65
12/21/2004,827.65
12/22/2004,827.65
12/23/2004,827.65
12/24/2004,827.65
12/25/2004,827.65
12/26/2004,827.65
12/27/2004,827.65
12/28/2004,827.65
12/29/2004,827.65
12/30/2004,827.65
12/31/2004,827.65
1/1/2005,827.65
1/2/2005,827.65
1/3/2005,827.65
1/4/2005,827.65
1/5/2005,827.65
1/6/2005,827.65
1/7/2005,827.65
1/8/2005,827.65
1/9/2005,827.65
1/10/2005,827.65
1/11/2005,827.65
1/12/2005,827.65
1/13/2005,827.65
1/14/2005,827.65
1/15/2005,827.65
1/16/2005,827.65
1/17/2005,827.65
1/18/2005,827.65
1/19/2005,827.65
1/20/2005,827.65
1/21/2005,827.65
1/22/2005,827.65
1/23/2005,827.65
1/24/2005,827.65
1/25/2005,827.65
1/26/2005,827.65
1/27/2005,827.65
1/28/2005,827.65
1/29/2005,827.65
1/30/2005,827.65
1/31/2005,827.65
2/1/2005,827.65
2/2/2005,827.65
2/3/2005,827.65
2/4/2005,827.65
2/5/2005,827.65
2/6/2005,827.65
2/7/2005,827.65
2/8/2005,827.65
2/9/2005,827.65
2/10/2005,827.65
2/11/2005,827.65
2/12/2005,827.65
2/13/2005,827.65
2/14/2005,827.65
2/15/2005,827.65
2/16/2005,827.65
2/17/2005,827.65
2/18/2005,827.65
2/19/2005,827.65
2/20/2005,827.65
2/21/2005,827.65
2/22/2005,827.65
2/23/2005,827.65
2/24/2005,827.65
2/25/2005,827.65
2/26/2005,827.65
2/27/2005,827.65
2/28/2005,827.65
3/1/2005,827.65
3/2/2005,827.65
3/3/2005,827.65
3/4/2005,827.65
3/5/2005,827.65
3/6/2005,827.65
3/7/2005,827.65
3/8/2005,827.65
3/9/2005,827.65
3/10/2005,827.65
3/11/2005,827.65
3/12/2005,827.65
3/13/2005,827.65
3/14/2005,827.65
3/15/2005,827.65
3/16/2005,827.65
3/17/2005,827.65
3/18/2005,827.65
3/19/2005,827.65
3/20/2005,827.65
3/21/2005,827.65
3/22/2005,827.65
3/23/2005,827.65
3/24/2005,827.65
3/25/2005,827.65
3/26/2005,827.65
3/27/2005,827.65
3/28/2005,827.65
3/29/2005,827.65
3/30/2005,827.65
3/31/2005,827.65
4/1/2005,827.65
4/2/2005,827.65
4/3/2005,827.65
4/4/2005,827.65
4/5/2005,827.65
4/6/2005,827.65
4/7/2005,827.65
4/8/2005,827.65
4/9/2005,827.65
4/10/2005,827.65
4/11/2005,827.65
4/12/2005,827.65
4/13/2005,827.65
4/14/2005,827.65
4/15/2005,827.65
4/16/2005,827.65
4/17/2005,827.65
4/18/2005,827.65
4/19/2005,827.65
4/20/2005,827.65
4/21/2005,827.65
4/22/2005,827.65
4/23/2005,827.65
4/24/2005,827.65
4/25/2005,827.65
4/26/2005,827.65
4/27/2005,827.65
4/28/2005,827.65
4/29/2005,827.65
4/30/2005,827.65
5/1/2005,827.65
5/2/2005,827.65
5/3/2005,827.65
5/4/2005,827.65
5/5/2005,827.65
5/6/2005,827.65
5/7/2005,827.65
5/8/2005,827.65
5/9/2005,827.65
5/10/2005,827.65
5/11/2005,827.65
5/12/2005,827.65
5/13/2005,827.65
5/14/2005,827.65
5/15/2005,827.65
5/16/2005,827.65
5/17/2005,827.65
5/18/2005,827.65
5/19/2005,827.65
5/20/2005,827.65
5/21/2005,827.65
5/22/2005,827.65
5/23/2005,827.65
5/24/2005,827.65
5/25/2005,827.65
5/26/2005,827.65
5/27/2005,827.65
5/28/2005,827.65
5/29/2005,827.65
5/30/2005,827.65
5/31/2005,827.65
6/1/2005,827.65
6/2/2005,827.65
6/3/2005,827.65
6/4/2005,827.65
6/5/2005,827.65
6/6/2005,827.65
6/7/2005,827.65
6/8/2005,827.65
6/9/2005,827.65
6/10/2005,827.65
6/11/2005,827.65
6/12/2005,827.65
6/13/2005,827.65
6/14/2005,827.65
6/15/2005,827.65
6/16/2005,827.65
6/17/2005,827.65
6/18/2005,827.65
6/19/2005,827.65
6/20/2005,827.65
6/21/2005,827.65
6/22/2005,827.65
6/23/2005,827.65
6/24/2005,827.65
6/25/2005,827.65
6/26/2005,827.65
6/27/2005,827.65
6/28/2005,827.65
6/29/2005,827.65
6/30/2005,827.65
7/1/2005,827.65
7/2/2005,827.65
7/3/2005,827.65
7/4/2005,827.65
7/5/2005,827.65
7/6/2005,827.65
7/7/2005,827.65
7/8/2005,827.65
7/9/2005,827.65
7/10/2005,827.65
7/11/2005,827.65
7/12/2005,827.65
7/13/2005,827.65
7/14/2005,827.65
7/15/2005,827.65
7/16/2005,827.65
7/17/2005,827.65
7/18/2005,827.65
7/19/2005,827.65
7/20/2005,827.65
7/21/2005,827.65
7/22/2005,811
7/23/2005,811
7/24/2005,811
7/25/2005,811.11
7/26/2005,810.97
7/27/2005,810.99
7/28/2005,811.28
7/29/2005,810.8
7/30/2005,810.8
7/31/2005,810.8
8/1/2005,810.56
8/2/2005,810.46
8/3/2005,810.32
8/4/2005,810.51
8/5/2005,810.27
8/6/2005,810.27
8/7/2005,810.27
8/8/2005,810.37
8/9/2005,810.9
8/10/2005,810.7
8/11/2005,810.62
8/12/2005,810.02
8/13/2005,810.02
8/14/2005,810.02
8/15/2005,809.8
8/16/2005,809.71
8/17/2005,810.02
8/18/2005,809.97
8/19/2005,810.07
8/20/2005,810.07
8/21/2005,810.07
8/22/2005,810.47
8/23/2005,810.56
8/24/2005,810.12
8/25/2005,810.05
8/26/2005,810.02
8/27/2005,810.02
8/28/2005,810.02
8/29/2005,809.65
8/30/2005,809.54
8/31/2005,809.73
9/1/2005,809.98
9/2/2005,809.49
9/3/2005,809.49
9/4/2005,809.49
9/5/2005,809.35
9/6/2005,809.16
9/7/2005,809.13
9/8/2005,809.25
9/9/2005,809.45
9/10/2005,809.45
9/11/2005,809.45
9/12/2005,809.56
9/13/2005,809.24
9/14/2005,809.4
9/15/2005,809.12
9/16/2005,808.87
9/17/2005,808.87
9/18/2005,808.87
9/19/2005,808.71
9/20/2005,809.08
9/21/2005,808.9
9/22/2005,809.11
9/23/2005,808.81
9/24/2005,808.81
9/25/2005,808.81
9/26/2005,809.1
9/27/2005,809.29
9/28/2005,809.2
9/29/2005,809.39
9/30/2005,809.3
10/1/2005,809.3
10/2/2005,809.3
10/3/2005,809.3
10/4/2005,809.3
10/5/2005,809.3
10/6/2005,809.3
10/7/2005,809.3
10/8/2005,809.2
10/9/2005,808.96
10/10/2005,808.76
10/11/2005,808.64
10/12/2005,808.79
10/13/2005,808.95
10/14/2005,808.85
10/15/2005,808.85
10/16/2005,808.85
10/17/2005,808.96
10/18/2005,808.77
10/19/2005,809.1
10/20/2005,809.24
10/21/2005,809.05
10/22/2005,809.05
10/23/2005,809.05
10/24/2005,808.85
10/25/2005,809.16
10/26/2005,809.01
10/27/2005,808.67
10/28/2005,808.62
10/29/2005,808.62
10/30/2005,808.62
10/31/2005,808.4
11/1/2005,808.45
11/2/2005,808.6
11/3/2005,808.51
11/4/2005,808.41
11/5/2005,808.41
11/6/2005,808.41
11/7/2005,808.56
11/8/2005,808.77
11/9/2005,808.67
11/10/2005,808.57
11/11/2005,808.47
11/12/2005,808.47
11/13/2005,808.47
11/14/2005,808.56
11/15/2005,808.31
11/16/2005,808.45
11/17/2005,808.35
11/18/2005,808.45
11/19/2005,808.45
11/20/2005,808.45
11/21/2005,808.32
11/22/2005,808.33
11/23/2005,808.39
11/24/2005,808.16
11/25/2005,808.05
11/26/2005,808.05
11/27/2005,808.05
11/28/2005,808.15
11/29/2005,808.25
11/30/2005,807.96
12/1/2005,808.04
12/2/2005,807.98
12/3/2005,807.98
12/4/2005,807.98
12/5/2005,808.06
12/6/2005,808.08
12/7/2005,807.8
12/8/2005,807.71
12/9/2005,807.8
12/10/2005,807.8
12/11/2005,807.8
12/12/2005,807.65
12/13/2005,807.7
12/14/2005,807.51
12/15/2005,807.46
12/16/2005,807.4
12/17/2005,807.4
12/18/2005,807.4
12/19/2005,807.35
12/20/2005,807.3
12/21/2005,807.4
12/22/2005,807.65
12/23/2005,807.75
12/24/2005,807.75
12/25/2005,807.75
12/26/2005,807.62
12/27/2005,807.55
12/28/2005,807.4
12/29/2005,807.25
12/30/2005,807.09
12/31/2005,807.02
1/1/2006,807.02
1/2/2006,807.02
1/3/2006,807.02
1/4/2006,807.02
1/5/2006,806.78
1/6/2006,806.75
1/7/2006,806.75
1/8/2006,806.75
1/9/2006,806.65
1/10/2006,806.91
1/11/2006,807.05
1/12/2006,806.85
1/13/2006,806.98
1/14/2006,806.98
1/15/2006,806.98
1/16/2006,806.73
1/17/2006,806.76
1/18/2006,807.04
1/19/2006,806.87
1/20/2006,806.48
1/21/2006,806.48
1/22/2006,806.48
1/23/2006,806.45
1/24/2006,806.25
1/25/2006,806.3
1/26/2006,806.2
1/27/2006,806.08
1/28/2006,806.08
1/29/2006,806.08
1/30/2006,806.08
1/31/2006,806.08
2/1/2006,806.08
2/2/2006,806.08
2/3/2006,806.08
2/4/2006,806.08
2/5/2006,806.08
2/6/2006,805.6
2/7/2006,805.66
2/8/2006,805.45
2/9/2006,805.58
2/10/2006,805.16
2/11/2006,805.16
2/12/2006,805.16
2/13/2006,804.72
2/14/2006,804.77
2/15/2006,804.81
2/16/2006,804.95
2/17/2006,804.93
2/18/2006,804.93
2/19/2006,804.93
2/20/2006,804.83
2/21/2006,804.85
2/22/2006,804.97
2/23/2006,804.9
2/24/2006,804.32
2/25/2006,804.32
2/26/2006,804.32
2/27/2006,804.2
2/28/2006,804.15
3/1/2006,803.9
3/2/2006,803.94
3/3/2006,803.8
3/4/2006,803.8
3/5/2006,803.8
3/6/2006,803.82
3/7/2006,804.25
3/8/2006,804.75
3/9/2006,804.8
3/10/2006,804.92
3/11/2006,804.92
3/12/2006,804.92
3/13/2006,805.03
3/14/2006,804.75
3/15/2006,803.88
3/16/2006,803.5
3/17/2006,802.86
3/18/2006,802.86
3/19/2006,802.86
3/20/2006,802.5
3/21/2006,802.72
3/22/2006,803.06
3/23/2006,802.96
3/24/2006,803.38
3/25/2006,803.38
3/26/2006,803.38
3/27/2006,802.45
3/28/2006,802.12
3/29/2006,802.8
3/30/2006,802.7
3/31/2006,801.7
4/1/2006,801.7
4/2/2006,801.7
4/3/2006,802.1
4/4/2006,801.94
4/5/2006,801.16
4/6/2006,800.98
4/7/2006,801.3
4/8/2006,801.3
4/9/2006,801.3
4/10/2006,800.4
4/11/2006,801.1
4/12/2006,801.2
4/13/2006,802.48
4/14/2006,801.63
4/15/2006,801.63
4/16/2006,801.63
4/17/2006,801.58
4/18/2006,801.4
4/19/2006,801.28
4/20/2006,801.26
4/21/2006,802.1
4/22/2006,802.1
4/23/2006,802.1
4/24/2006,801.85
4/25/2006,801.6
4/26/2006,802.2
4/27/2006,802.05
4/28/2006,801.65
4/29/2006,801.65
4/30/2006,801.65
5/1/2006,801.65
5/2/2006,801.65
5/3/2006,801.65
5/4/2006,801.65
5/5/2006,801.65
5/6/2006,801.65
5/7/2006,801.65
5/8/2006,800.9
5/9/2006,800.65
5/10/2006,800.48
5/11/2006,800.62
5/12/2006,800.82
5/13/2006,800.82
5/14/2006,800.82
5/15/2006,799.82
5/16/2006,801.5
5/17/2006,800.6
5/18/2006,801.8
5/19/2006,801.5
5/20/2006,801.5
5/21/2006,801.5
5/22/2006,802.26
5/23/2006,801.76
5/24/2006,802.3
5/25/2006,802.68
5/26/2006,802.16
5/27/2006,802.16
5/28/2006,802.16
5/29/2006,802.82
5/30/2006,802.84
5/31/2006,801.88
6/1/2006,802.1
6/2/2006,802.14
6/3/2006,802.14
6/4/2006,802.14
6/5/2006,800.96
6/6/2006,801.48
6/7/2006,801.68
6/8/2006,801.74
6/9/2006,801.8
6/10/2006,801.8
6/11/2006,801.8
6/12/2006,801.61
6/13/2006,800.73
6/14/2006,800.51
6/15/2006,799.99
6/16/2006,799.76
6/17/2006,799.76
6/18/2006,799.76
6/19/2006,800.18
6/20/2006,800.36
6/21/2006,799.9
6/22/2006,799.75
6/23/2006,800.26
6/24/2006,800.26
6/25/2006,800.26
6/26/2006,800.38
6/27/2006,799.91
6/28/2006,799.95
6/29/2006,800.01
6/30/2006,799.56
7/1/2006,799.56
7/2/2006,799.56
7/3/2006,799.24
7/4/2006,799.35
7/5/2006,799.44
7/6/2006,799.6
7/7/2006,799.36
7/8/2006,799.36
7/9/2006,799.36
7/10/2006,799.08
7/11/2006,799.25
7/12/2006,799.16
7/13/2006,799.48
7/14/2006,799.56
7/15/2006,799.56
7/16/2006,799.56
7/17/2006,799.7
7/18/2006,800.16
7/19/2006,800.24
7/20/2006,799.18
7/21/2006,798.97
7/22/2006,798.97
7/23/2006,798.97
7/24/2006,798.45
7/25/2006,798.7
7/26/2006,798.77
7/27/2006,798.08
7/28/2006,797.92
7/29/2006,797.92
7/30/2006,797.92
7/31/2006,797.32
8/1/2006,797.3
8/2/2006,797.2
8/3/2006,797.62
8/4/2006,797.72
8/5/2006,797.72
8/6/2006,797.72
8/7/2006,796.99
8/8/2006,797.4
8/9/2006,797.75
8/10/2006,796.88
8/11/2006,797.25
8/12/2006,797.25
8/13/2006,797.25
8/14/2006,799.28
8/15/2006,799.5
8/16/2006,798.27
8/17/2006,797.48
8/18/2006,797.36
8/19/2006,797.36
8/20/2006,797.36
8/21/2006,796.98
8/22/2006,796.72
8/23/2006,797.03
8/24/2006,797.08
8/25/2006,797.15
8/26/2006,797.15
8/27/2006,797.15
8/28/2006,797.19
8/29/2006,796.69
8/30/2006,795.98
8/31/2006,795.85
9/1/2006,795.9
9/2/2006,795.9
9/3/2006,795.9
9/4/2006,794.99
9/5/2006,794.25
9/6/2006,794.71
9/7/2006,795.08
9/8/2006,795.68
9/9/2006,795.68
9/10/2006,795.68
9/11/2006,796.08
9/12/2006,795.52
9/13/2006,795.55
9/14/2006,794.76
9/15/2006,794.59
9/16/2006,794.59
9/17/2006,794.59
9/18/2006,794.31
9/19/2006,793.42
9/20/2006,792.99
9/21/2006,792.64
9/22/2006,791.88
9/23/2006,791.88
9/24/2006,791.88
9/25/2006,791.96
9/26/2006,791.5
9/27/2006,790.72
9/28/2006,789.98
9/29/2006,790.87
9/30/2006,790.87
10/1/2006,790.87
10/2/2006,790.87
10/3/2006,790.87
10/4/2006,790.87
10/5/2006,790.87
10/6/2006,790.87
10/7/2006,790.87
10/8/2006,790.87
10/9/2006,791.03
10/10/2006,791.28
10/11/2006,791.64
10/12/2006,791.74
10/13/2006,791.16
10/14/2006,791.16
10/15/2006,791.16
10/16/2006,791.48
10/17/2006,791.1
10/18/2006,790.85
10/19/2006,790.9
10/20/2006,789.95
10/21/2006,789.95
10/22/2006,789.95
10/23/2006,789.98
10/24/2006,790.49
10/25/2006,790.07
10/26/2006,789.4
10/27/2006,788.71
10/28/2006,788.71
10/29/2006,788.71
10/30/2006,787.81
10/31/2006,787.92
11/1/2006,787.2
11/2/2006,787.5
11/3/2006,787.29
11/4/2006,787.29
11/5/2006,787.29
11/6/2006,788.04
11/7/2006,788.29
11/8/2006,787.19
11/9/2006,786.97
11/10/2006,786.67
11/11/2006,786.67
11/12/2006,786.67
11/13/2006,786.44
11/14/2006,787.03
11/15/2006,787.15
11/16/2006,787.33
11/17/2006,787.45
11/18/2006,787.45
11/19/2006,787.45
11/20/2006,786.9
11/21/2006,786.95
11/22/2006,786.55
11/23/2006,785.96
11/24/2006,785.26
11/25/2006,785.26
11/26/2006,785.26
11/27/2006,784.02
11/28/2006,784.87
11/29/2006,783.94
11/30/2006,784.36
12/1/2006,783.31
12/2/2006,783.31
12/3/2006,783.31
12/4/2006,782.4
12/5/2006,782.79
12/6/2006,782.26
12/7/2006,783.05
12/8/2006,782.66
12/9/2006,782.66
12/10/2006,782.66
12/11/2006,783.77
12/12/2006,783.24
12/13/2006,782.54
12/14/2006,781.97
12/15/2006,781.85
12/16/2006,781.85
12/17/2006,781.85
12/18/2006,782.55
12/19/2006,782.7
12/20/2006,781.98
12/21/2006,781.9
12/22/2006,781.89
12/23/2006,781.89
12/24/2006,781.89
12/25/2006,782.21
12/26/2006,782.2
12/27/2006,782.3
12/28/2006,781.49
12/29/2006,780.87
12/30/2006,780.87
12/31/2006,780.87
1/1/2007,780.87
1/2/2007,780.87
1/3/2007,780.87
1/4/2007,780.73
1/5/2007,780.97
1/6/2007,780.97
1/7/2007,780.97
1/8/2007,781.35
1/9/2007,780.78
1/10/2007,780.81
1/11/2007,779.77
1/12/2007,780.12
1/13/2007,780.12
1/14/2007,780.12
1/15/2007,779.38
1/16/2007,778.95
1/17/2007,777.98
1/18/2007,777.58
1/19/2007,777.88
1/20/2007,777.88
1/21/2007,777.88
1/22/2007,778
1/23/2007,778.15
1/24/2007,777.55
1/25/2007,777.35
1/26/2007,778.17
1/27/2007,778.17
1/28/2007,778.17
1/29/2007,778.36
1/30/2007,777.96
1/31/2007,777.76
2/1/2007,776.15
2/2/2007,776.13
2/3/2007,776.13
2/4/2007,776.13
2/5/2007,776.4
2/6/2007,775.95
2/7/2007,774.96
2/8/2007,775.26
2/9/2007,775.75
2/10/2007,775.75
2/11/2007,775.75
2/12/2007,776.32
2/13/2007,776.62
2/14/2007,775.52
2/15/2007,775.02
2/16/2007,774.08
2/17/2007,774.08
2/18/2007,774.08
2/19/2007,774.08
2/20/2007,774.08
2/21/2007,774.08
2/22/2007,774.08
2/23/2007,774.08
2/24/2007,774.08
2/25/2007,774.08
2/26/2007,774.98
2/27/2007,774.71
2/28/2007,774.09
3/1/2007,774.72
3/2/2007,774.53
3/3/2007,774.53
3/4/2007,774.53
3/5/2007,774.03
3/6/2007,774.53
3/7/2007,774.36
3/8/2007,773.86
3/9/2007,774.36
3/10/2007,774.36
3/11/2007,774.36
3/12/2007,774.74
3/13/2007,773.97
3/14/2007,773.87
3/15/2007,774.2
3/16/2007,773.9
3/17/2007,773.9
3/18/2007,773.9
3/19/2007,773.51
3/20/2007,773.95
3/21/2007,773.55
3/22/2007,773.1
3/23/2007,773.59
3/24/2007,773.59
3/25/2007,773.59
3/26/2007,773.93
3/27/2007,773.43
3/28/2007,773.18
3/29/2007,773.03
3/30/2007,773.42
3/31/2007,773.42
4/1/2007,773.42
4/2/2007,773.06
4/3/2007,772.77
4/4/2007,773.49
4/5/2007,772.68
4/6/2007,772.51
4/7/2007,772.51
4/8/2007,772.51
4/9/2007,772.9
4/10/2007,773.04
4/11/2007,772.7
4/12/2007,772.64
4/13/2007,772.44
4/14/2007,772.44
4/15/2007,772.44
4/16/2007,772.2
4/17/2007,773.08
4/18/2007,772.38
4/19/2007,771.99
4/20/2007,772.3
4/21/2007,772.3
4/22/2007,772.3
4/23/2007,772.9
4/24/2007,772.93
4/25/2007,772.03
4/26/2007,771.99
4/27/2007,771.39
4/28/2007,771.39
4/29/2007,771.39
4/30/2007,770.55
5/1/2007,770.55
5/2/2007,770.55
5/3/2007,770.55
5/4/2007,770.55
5/5/2007,770.55
5/6/2007,770.55
5/7/2007,770.55
5/8/2007,769.51
5/9/2007,769.71
5/10/2007,769.65
5/11/2007,768.35
5/12/2007,768.35
5/13/2007,768.35
5/14/2007,767.39
5/15/2007,769.48
5/16/2007,768.4
5/17/2007,767.85
5/18/2007,768.04
5/19/2007,768.04
5/20/2007,768.04
5/21/2007,766.52
5/22/2007,765.51
5/23/2007,765.4
5/24/2007,765.25
5/25/2007,765.23
5/26/2007,765.23
5/27/2007,765.23
5/28/2007,765.12
5/29/2007,765.38
5/30/2007,764.88
5/31/2007,765.06
6/1/2007,764.97
6/2/2007,764.97
6/3/2007,764.97
6/4/2007,765.22
6/5/2007,764.27
6/6/2007,763.98
6/7/2007,765.02
6/8/2007,766.56
6/9/2007,766.56
6/10/2007,766.56
6/11/2007,767.85
6/12/2007,764.75
6/13/2007,762.82
6/14/2007,762.58
6/15/2007,762.38
6/16/2007,762.38
6/17/2007,762.38
6/18/2007,762.13
6/19/2007,761.95
6/20/2007,761.8
6/21/2007,762.08
6/22/2007,762.24
6/23/2007,762.24
6/24/2007,762.24
6/25/2007,761.92
6/26/2007,761.84
6/27/2007,761.65
6/28/2007,761.78
6/29/2007,761.55
6/30/2007,761.55
7/1/2007,761.55
7/2/2007,760.75
7/3/2007,759.51
7/4/2007,760.07
7/5/2007,760.6
7/6/2007,761.35
7/7/2007,761.35
7/8/2007,761.35
7/9/2007,760.85
7/10/2007,758.45
7/11/2007,757.12
7/12/2007,757.62
7/13/2007,757.31
7/14/2007,757.31
7/15/2007,757.31
7/16/2007,756.81
7/17/2007,756.51
7/18/2007,756.61
7/19/2007,756.36
7/20/2007,757.12
7/21/2007,757.12
7/22/2007,757.12
7/23/2007,756.42
7/24/2007,757.25
7/25/2007,755.96
7/26/2007,757.89
7/27/2007,756.97
7/28/2007,756.97
7/29/2007,756.97
7/30/2007,758.24
7/31/2007,757.37
8/1/2007,756.6
8/2/2007,757.23
8/3/2007,756.83
8/4/2007,756.83
8/5/2007,756.83
8/6/2007,755.98
8/7/2007,756.9
8/8/2007,757.59
8/9/2007,756.48
8/10/2007,756.98
8/11/2007,756.98
8/12/2007,756.98
8/13/2007,757.87
8/14/2007,758.45
8/15/2007,759.21
8/16/2007,759.81
8/17/2007,760.03
8/18/2007,760.03
8/19/2007,760.03
8/20/2007,759.73
8/21/2007,759.7
8/22/2007,759.87
8/23/2007,758.47
8/24/2007,756.91
8/25/2007,756.91
8/26/2007,756.91
8/27/2007,756.29
8/28/2007,755.45
8/29/2007,755.05
8/30/2007,755.67
8/31/2007,756.07
9/1/2007,756.07
9/2/2007,756.07
9/3/2007,755.46
9/4/2007,755.56
9/5/2007,755.46
9/6/2007,754.1
9/7/2007,754.11
9/8/2007,754.11
9/9/2007,754.11
9/10/2007,752.52
9/11/2007,752.98
9/12/2007,752.63
9/13/2007,751.69
9/14/2007,752.22
9/15/2007,752.22
9/16/2007,752.22
9/17/2007,752.3
9/18/2007,752.66
9/19/2007,751.7
9/20/2007,751.75
9/21/2007,750.5
9/22/2007,750.5
9/23/2007,750.5
9/24/2007,751.09
9/25/2007,751.35
9/26/2007,750.89
9/27/2007,751.57
9/28/2007,751.08
9/29/2007,751.08
9/30/2007,751.08
10/1/2007,751.08
10/2/2007,751.08
10/3/2007,751.08
10/4/2007,751.08
10/5/2007,751.08
10/6/2007,751.08
10/7/2007,751.08
10/8/2007,751.02
10/9/2007,752.32
10/10/2007,751.76
10/11/2007,751.43
10/12/2007,751.14
10/13/2007,751.14
10/14/2007,751.14
10/15/2007,751.53
10/16/2007,751.36
10/17/2007,751.56
10/18/2007,751.13
10/19/2007,750.74
10/20/2007,750.74
10/21/2007,750.74
10/22/2007,750.55
10/23/2007,750.1
10/24/2007,749.38
10/25/2007,748.67
10/26/2007,748.1
10/27/2007,748.1
10/28/2007,748.1
10/29/2007,747.18
10/30/2007,747.2
10/31/2007,746.92
11/1/2007,745.52
11/2/2007,746.24
11/3/2007,746.24
11/4/2007,746.24
11/5/2007,745.62
11/6/2007,745.77
11/7/2007,744.76
11/8/2007,742.51
11/9/2007,741.62
11/10/2007,741.62
11/11/2007,741.62
11/12/2007,741.4
11/13/2007,743.09
11/14/2007,743.21
11/15/2007,743.07
11/16/2007,743.36
11/17/2007,743.36
11/18/2007,743.36
11/19/2007,743.03
11/20/2007,742.55
11/21/2007,741.5
11/22/2007,741.19
11/23/2007,739.92
11/24/2007,739.92
11/25/2007,739.92
11/26/2007,739.42
11/27/2007,738.72
11/28/2007,738.99
11/29/2007,739.83
11/30/2007,739.97
12/1/2007,739.97
12/2/2007,739.97
12/3/2007,741.43
12/4/2007,740.94
12/5/2007,739.82
12/6/2007,742.05
12/7/2007,740.91
12/8/2007,740.91
12/9/2007,740.91
12/10/2007,739.53
12/11/2007,737.97
12/12/2007,736.47
12/13/2007,735.68
12/14/2007,735.89
12/15/2007,735.89
12/16/2007,735.89
12/17/2007,737.9
12/18/2007,737.51
12/19/2007,736.98
12/20/2007,736.49
12/21/2007,735.72
12/22/2007,735.72
12/23/2007,735.72
12/24/2007,733.15
12/25/2007,732.61
12/26/2007,732.98
12/27/2007,730.79
12/28/2007,730.46
12/29/2007,730.46
12/30/2007,730.46
12/31/2007,730.46
1/1/2008,730.46
1/2/2008,729.96
1/3/2008,727.75
1/4/2008,727.79
1/5/2008,727.79
1/6/2008,727.79
1/7/2008,726.95
1/8/2008,727.91
1/9/2008,727.23
1/10/2008,728.05
1/11/2008,726.72
1/12/2008,726.72
1/13/2008,726.72
1/14/2008,725.66
1/15/2008,724.54
1/16/2008,724.18
1/17/2008,725.45
1/18/2008,725.71
1/19/2008,725.71
1/20/2008,725.71
1/21/2008,725.98
1/22/2008,725.56
1/23/2008,723.5
1/24/2008,722.93
1/25/2008,720.65
1/26/2008,720.65
1/27/2008,720.65
1/28/2008,719.96
1/29/2008,720.2
1/30/2008,719.98
1/31/2008,718.53
2/1/2008,719.03
2/2/2008,719.03
2/3/2008,719.03
2/4/2008,719.23
2/5/2008,718.46
2/6/2008,718.46
2/7/2008,718.46
2/8/2008,718.46
2/9/2008,718.46
2/10/2008,718.46
2/11/2008,718.46
2/12/2008,718.46
2/13/2008,719.52
2/14/2008,718.9
2/15/2008,717.63
2/16/2008,717.63
2/17/2008,717.63
2/18/2008,716.67
2/19/2008,715.74
2/20/2008,714.52
2/21/2008,715.03
2/22/2008,714.63
2/23/2008,714.63
2/24/2008,714.63
2/25/2008,714.6
2/26/2008,715.05
2/27/2008,714.55
2/28/2008,712.09
2/29/2008,710.58
3/1/2008,710.58
3/2/2008,710.58
3/3/2008,710.58
3/4/2008,711.75
3/5/2008,711.72
3/6/2008,711.68
3/7/2008,710.9
3/8/2008,710.9
3/9/2008,710.9
3/10/2008,710.8
3/11/2008,710.29
3/12/2008,710.69
3/13/2008,709.7
3/14/2008,708.82
3/15/2008,708.82
3/16/2008,708.82
3/17/2008,708.15
3/18/2008,708.7
3/19/2008,706.48
3/20/2008,705.12
3/21/2008,705.93
3/22/2008,705.93
3/23/2008,705.93
3/24/2008,705.18
3/25/2008,704.36
3/26/2008,702.52
3/27/2008,701.3
3/28/2008,701.37
3/29/2008,701.37
3/30/2008,701.37
3/31/2008,701.9
4/1/2008,702.18
4/2/2008,702.92
4/3/2008,701.92
4/4/2008,701.92
4/5/2008,701.92
4/6/2008,701.92
4/7/2008,700.2
4/8/2008,700.15
4/9/2008,700.25
4/10/2008,699.2
4/11/2008,700.12
4/12/2008,700.12
4/13/2008,700.12
4/14/2008,699.93
4/15/2008,699.63
4/16/2008,700.47
4/17/2008,698.95
4/18/2008,700.06
4/19/2008,700.06
4/20/2008,700.06
4/21/2008,700.78
4/22/2008,699.12
4/23/2008,698.37
4/24/2008,698.9
4/25/2008,699.49
4/26/2008,699.49
4/27/2008,699.49
4/28/2008,699.8
4/29/2008,698.98
4/30/2008,700.02
5/1/2008,700.02
5/2/2008,700.02
5/3/2008,700.02
5/4/2008,700.02
5/5/2008,700.16
5/6/2008,698.88
5/7/2008,698.48
5/8/2008,700.1
5/9/2008,700.05
5/10/2008,700.05
5/11/2008,700.05
5/12/2008,698.2
5/13/2008,698.87
5/14/2008,699.87
5/15/2008,700
5/16/2008,698.95
5/17/2008,698.95
5/18/2008,698.95
5/19/2008,697.12
5/20/2008,697.8
5/21/2008,695.97
5/22/2008,694.28
5/23/2008,694.98
5/24/2008,694.98
5/25/2008,694.98
5/26/2008,693.99
5/27/2008,694.32
5/28/2008,694.08
5/29/2008,694.02
5/30/2008,694.72
5/31/2008,694.72
6/1/2008,694.72
6/2/2008,693.72
6/3/2008,692.95
6/4/2008,693.56
6/5/2008,693.94
6/6/2008,692.38
6/7/2008,692.38
6/8/2008,692.38
6/9/2008,692.38
6/10/2008,691.99
6/11/2008,692.09
6/12/2008,690.15
6/13/2008,690.18
6/14/2008,690.18
6/15/2008,690.18
6/16/2008,690.28
6/17/2008,689.19
6/18/2008,688.23
6/19/2008,687.96
6/20/2008,688.26
6/21/2008,688.26
6/22/2008,688.26
6/23/2008,686.76
6/24/2008,687.36
6/25/2008,686.84
6/26/2008,686.34
6/27/2008,686.1
6/28/2008,686.1
6/29/2008,686.1
6/30/2008,685.91
7/1/2008,686.08
7/2/2008,686.21
7/3/2008,685.29
7/4/2008,686.39
7/5/2008,686.39
7/6/2008,686.39
7/7/2008,685.67
7/8/2008,685.81
7/9/2008,686.32
7/10/2008,684.89
7/11/2008,683.97
7/12/2008,683.97
7/13/2008,683.97
7/14/2008,682.66
7/15/2008,682.3
7/16/2008,681.28
7/17/2008,681.89
7/18/2008,682.38
7/19/2008,682.38
7/20/2008,682.38
7/21/2008,682.71
7/22/2008,682.19
7/23/2008,682.79
7/24/2008,682.97
7/25/2008,682.55
7/26/2008,682.55
7/27/2008,682.55
7/28/2008,682.77
7/29/2008,682.05
7/30/2008,683.51
7/31/2008,683.88
8/1/2008,684.23
8/2/2008,684.23
8/3/2008,684.23
8/4/2008,684.71
8/5/2008,685.01
8/6/2008,685.25
8/7/2008,685.55
8/8/2008,685.85
8/9/2008,685.85
8/10/2008,685.85
8/11/2008,686.38
8/12/2008,686.59
8/13/2008,686.28
8/14/2008,686.3
8/15/2008,686.49
8/16/2008,686.49
8/17/2008,686.49
8/18/2008,686.65
8/19/2008,685.99
8/20/2008,685.29
8/21/2008,685.18
8/22/2008,683.57
8/23/2008,683.57
8/24/2008,683.57
8/25/2008,683.97
8/26/2008,684
8/27/2008,684.15
8/28/2008,683.26
8/29/2008,683.45
8/30/2008,683.45
8/31/2008,683.45
9/1/2008,683.2
9/2/2008,683.59
9/3/2008,683.98
9/4/2008,684.1
9/5/2008,684.36
9/6/2008,684.36
9/7/2008,684.36
9/8/2008,684.55
9/9/2008,683.99
9/10/2008,684.06
9/11/2008,684.57
9/12/2008,684.58
9/13/2008,684.58
9/14/2008,684.58
9/15/2008,684.58
9/16/2008,682.03
9/17/2008,682.9
9/18/2008,682.01
9/19/2008,682.76
9/20/2008,682.76
9/21/2008,682.76
9/22/2008,682.43
9/23/2008,680.09
9/24/2008,681.29
9/25/2008,681.97
9/26/2008,681.83
9/27/2008,681.83
9/28/2008,681.83
9/29/2008,681.83
9/30/2008,681.83
10/1/2008,681.83
10/2/2008,681.83
10/3/2008,681.83
10/4/2008,681.83
10/5/2008,681.83
10/6/2008,683.21
10/7/2008,683.45
10/8/2008,683.19
10/9/2008,683.1
10/10/2008,683.27
10/11/2008,683.27
10/12/2008,683.27
10/13/2008,682.87
10/14/2008,682.78
10/15/2008,682.72
10/16/2008,682.95
10/17/2008,683.11
10/18/2008,683.11
10/19/2008,683.11
10/20/2008,682.97
10/21/2008,683.09
10/22/2008,683.39
10/23/2008,683.68
10/24/2008,683.57
10/25/2008,683.57
10/26/2008,683.57
10/27/2008,683.6
10/28/2008,683.69
10/29/2008,683.18
10/30/2008,682.7
10/31/2008,682.58
11/1/2008,682.58
11/2/2008,682.58
11/3/2008,682.88
11/4/2008,682.61
11/5/2008,682.4
11/6/2008,682.52
11/7/2008,682.77
11/8/2008,682.77
11/9/2008,682.77
11/10/2008,682.52
11/11/2008,682.65
11/12/2008,682.91
11/13/2008,682.95
11/14/2008,682.89
11/15/2008,682.89
11/16/2008,682.89
11/17/2008,683.03
11/18/2008,682.8
11/19/2008,682.93
11/20/2008,683.07
11/21/2008,683.17
11/22/2008,683.17
11/23/2008,683.17
11/24/2008,683.04
11/25/2008,682.84
11/26/2008,682.72
11/27/2008,682.92
11/28/2008,683.49
11/29/2008,683.49
11/30/2008,683.49
12/1/2008,685.05
12/2/2008,685.27
12/3/2008,685.02
12/4/2008,685.02
12/5/2008,684.82
12/6/2008,684.82
12/7/2008,684.82
12/8/2008,685.09
12/9/2008,684.79
12/10/2008,684.75
12/11/2008,684.71
12/12/2008,684.51
12/13/2008,684.51
12/14/2008,684.51
12/15/2008,684.42
12/16/2008,684.33
12/17/2008,683.53
12/18/2008,683.22
12/19/2008,683.57
12/20/2008,683.57
12/21/2008,683.57
12/22/2008,683.77
12/23/2008,683.89
12/24/2008,683.97
12/25/2008,683.66
12/26/2008,683.62
12/27/2008,683.62
12/28/2008,683.62
12/29/2008,683.57
12/30/2008,683.53
12/31/2008,683.46
1/1/2009,683.46
1/2/2009,683.46
1/3/2009,683.46
1/4/2009,683.46
1/5/2009,683.67
1/6/2009,683.84
1/7/2009,683.89
1/8/2009,683.75
1/9/2009,683.63
1/10/2009,683.63
1/11/2009,683.63
1/12/2009,683.82
1/13/2009,683.95
1/14/2009,683.99
1/15/2009,683.92
1/16/2009,683.83
1/17/2009,683.83
1/18/2009,683.83
1/19/2009,683.6
1/20/2009,683.85
1/21/2009,683.96
1/22/2009,683.73
1/23/2009,683.8
1/24/2009,683.8
1/25/2009,683.8
1/26/2009,683.8
1/27/2009,683.8
1/28/2009,683.8
1/29/2009,683.8
1/30/2009,683.8
1/31/2009,683.8
2/1/2009,683.8
2/2/2009,683.97
2/3/2009,683.98
2/4/2009,683.48
2/5/2009,683.6
2/6/2009,683.71
2/7/2009,683.71
2/8/2009,683.71
2/9/2009,683.46
2/10/2009,683.3
2/11/2009,683.37
2/12/2009,683.27
2/13/2009,683.34
2/14/2009,683.34
2/15/2009,683.34
2/16/2009,683.43
2/17/2009,683.52
2/18/2009,683.63
2/19/2009,683.69
2/20/2009,683.57
2/21/2009,683.57
2/22/2009,683.57
2/23/2009,683.37
2/24/2009,683.58
2/25/2009,683.61
2/26/2009,683.71
2/27/2009,683.79
2/28/2009,683.79
3/1/2009,683.79
3/2/2009,683.89
3/3/2009,683.92
3/4/2009,683.95
3/5/2009,683.65
3/6/2009,683.7
3/7/2009,683.7
3/8/2009,683.7
3/9/2009,683.55
3/10/2009,683.58
3/11/2009,683.47
3/12/2009,683.39
3/13/2009,683.34
3/14/2009,683.34
3/15/2009,683.34
3/16/2009,683.49
3/17/2009,683.27
3/18/2009,683.19
3/19/2009,683.01
3/20/2009,682.93
3/21/2009,682.93
3/22/2009,682.93
3/23/2009,683.04
3/24/2009,683.01
3/25/2009,683.28
3/26/2009,683.21
3/27/2009,683.17
3/28/2009,683.17
3/29/2009,683.17
3/30/2009,683.4
3/31/2009,683.59
4/1/2009,683.49
4/2/2009,683.41
4/3/2009,683.2
4/4/2009,683.2
4/5/2009,683.2
4/6/2009,683.2
4/7/2009,683.4
4/8/2009,683.7
4/9/2009,683.58
4/10/2009,683.47
4/11/2009,683.47
4/12/2009,683.47
4/13/2009,683.32
4/14/2009,682.96
4/15/2009,682.93
4/16/2009,683.01
4/17/2009,683.11
4/18/2009,683.11
4/19/2009,683.11
4/20/2009,683.29
4/21/2009,683.42
4/22/2009,683.06
4/23/2009,682.95
4/24/2009,682.73
4/25/2009,682.73
4/26/2009,682.73
4/27/2009,682.53
4/28/2009,682.74
4/29/2009,682.65
4/30/2009,682.5
5/1/2009,682.5
5/2/2009,682.5
5/3/2009,682.5
5/4/2009,682.25
5/5/2009,682.01
5/6/2009,682.32
5/7/2009,682.3
5/8/2009,682.21
5/9/2009,682.21
5/10/2009,682.21
5/11/2009,682.2
5/12/2009,682.42
5/13/2009,682.35
5/14/2009,682.5
5/15/2009,682.47
5/16/2009,682.47
5/17/2009,682.47
5/18/2009,682.67
5/19/2009,682.6
5/20/2009,682.51
5/21/2009,682.45
5/22/2009,682.39
5/23/2009,682.39
5/24/2009,682.39
5/25/2009,682.35
5/26/2009,682.85
5/27/2009,683.24
5/28/2009,683.24
5/29/2009,683.24
5/30/2009,683.24
5/31/2009,683.24
6/1/2009,683.17
6/2/2009,683.09
6/3/2009,683.02
6/4/2009,683.25
6/5/2009,683.34
6/6/2009,683.34
6/7/2009,683.34
6/8/2009,683.65
6/9/2009,683.66
6/10/2009,683.36
6/11/2009,683.48
6/12/2009,683.25
6/13/2009,683.25
6/14/2009,683.25
6/15/2009,683.43
6/16/2009,683.68
6/17/2009,683.4
6/18/2009,683.21
6/19/2009,683.38
6/20/2009,683.38
6/21/2009,683.38
6/22/2009,683.28
6/23/2009,683.39
6/24/2009,683.16
6/25/2009,683.31
6/26/2009,683.28
6/27/2009,683.28
6/28/2009,683.28
6/29/2009,683.16
6/30/2009,683.19
7/1/2009,683.25
7/2/2009,683.09
7/3/2009,683.33
7/4/2009,683.33
7/5/2009,683.33
7/6/2009,683.3
7/7/2009,683.26
7/8/2009,683.36
7/9/2009,683.25
7/10/2009,683.13
7/11/2009,683.13
7/12/2009,683.13
7/13/2009,683.2
7/14/2009,683.32
7/15/2009,683.28
7/16/2009,683.15
7/17/2009,683.1
7/18/2009,683.1
7/19/2009,683.1
7/20/2009,683.21
7/21/2009,683.11
7/22/2009,683.09
7/23/2009,683.07
7/24/2009,683.18
7/25/2009,683.18
7/26/2009,683.18
7/27/2009,683.16
7/28/2009,683.1
7/29/2009,683.14
7/30/2009,683.35
7/31/2009,683.23
8/1/2009,683.23
8/2/2009,683.23
8/3/2009,683.1
8/4/2009,683.03
8/5/2009,683.06
8/6/2009,683.04
8/7/2009,683.16
8/8/2009,683.16
8/9/2009,683.16
8/10/2009,683.46
8/11/2009,683.52
8/12/2009,683.51
8/13/2009,683.43
8/14/2009,683.28
8/15/2009,683.28
8/16/2009,683.28
8/17/2009,683.33
8/18/2009,683.39
8/19/2009,683.29
8/20/2009,683.18
8/21/2009,683.13
8/22/2009,683.13
8/23/2009,683.13
8/24/2009,683.09
8/25/2009,683.11
8/26/2009,683.13
8/27/2009,683.2
8/28/2009,683.09
8/29/2009,683.09
8/30/2009,683.09
8/31/2009,683.12
9/1/2009,683.08
9/2/2009,683.16
9/3/2009,683.07
9/4/2009,683.1
9/5/2009,683.1
9/6/2009,683.1
9/7/2009,683.05
9/8/2009,683
9/9/2009,682.92
9/10/2009,682.88
9/11/2009,682.82
9/12/2009,682.82
9/13/2009,682.82
9/14/2009,682.8
9/15/2009,682.84
9/16/2009,682.81
9/17/2009,682.72
9/18/2009,682.71
9/19/2009,682.71
9/20/2009,682.71
9/21/2009,682.8
9/22/2009,682.89
9/23/2009,682.71
9/24/2009,682.8
9/25/2009,682.87
9/26/2009,682.87
9/27/2009,682.87
9/28/2009,682.79
9/29/2009,682.88
9/30/2009,682.9
10/1/2009,682.9
10/2/2009,682.9
10/3/2009,682.9
10/4/2009,682.9
10/5/2009,682.9
10/6/2009,682.9
10/7/2009,682.9
10/8/2009,682.9
10/9/2009,682.7
10/10/2009,682.7
10/11/2009,682.7
10/12/2009,682.75
10/13/2009,682.7
10/14/2009,682.69
10/15/2009,682.67
10/16/2009,682.7
10/17/2009,682.7
10/18/2009,682.7
10/19/2009,682.75
10/20/2009,682.73
10/21/2009,682.78
10/22/2009,682.72
10/23/2009,682.75
10/24/2009,682.75
10/25/2009,682.75
10/26/2009,682.8
10/27/2009,682.84
10/28/2009,682.83
10/29/2009,682.85
10/30/2009,682.81
10/31/2009,682.81
11/1/2009,682.81
11/2/2009,682.82
11/3/2009,682.79
11/4/2009,682.8
11/5/2009,682.77
11/6/2009,682.76
11/7/2009,682.76
11/8/2009,682.76
11/9/2009,682.73
11/10/2009,682.68
11/11/2009,682.67
11/12/2009,682.68
11/13/2009,682.73
11/14/2009,682.73
11/15/2009,682.73
11/16/2009,682.72
11/17/2009,682.71
11/18/2009,682.75
11/19/2009,682.74
11/20/2009,682.78
11/21/2009,682.78
11/22/2009,682.78
11/23/2009,682.79
11/24/2009,682.76
11/25/2009,682.75
11/26/2009,682.68
11/27/2009,682.69
11/28/2009,682.69
11/29/2009,682.69
11/30/2009,682.72
12/1/2009,682.7
12/2/2009,682.68
12/3/2009,682.7
12/4/2009,682.72
12/5/2009,682.72
12/6/2009,682.72
12/7/2009,682.78
12/8/2009,682.77
12/9/2009,682.79
12/10/2009,682.76
12/11/2009,682.77
12/12/2009,682.77
12/13/2009,682.77
12/14/2009,682.79
12/15/2009,682.78
12/16/2009,682.8
12/17/2009,682.81
12/18/2009,682.84
12/19/2009,682.84
12/20/2009,682.84
12/21/2009,682.83
12/22/2009,682.85
12/23/2009,682.87
12/24/2009,682.85
12/25/2009,682.83
12/26/2009,682.83
12/27/2009,682.83
12/28/2009,682.82
12/29/2009,682.82
12/30/2009,682.83
12/31/2009,682.82
1/1/2010,682.82
1/2/2010,682.82
1/3/2010,682.82
1/4/2010,682.81
1/5/2010,682.78
1/6/2010,682.77
1/7/2010,682.76
1/8/2010,682.79
1/9/2010,682.79
1/10/2010,682.79
1/11/2010,682.75
1/12/2010,682.74
1/13/2010,682.73
1/14/2010,682.72
1/15/2010,682.71
1/16/2010,682.71
1/17/2010,682.71
1/18/2010,682.72
1/19/2010,682.7
1/20/2010,682.73
1/21/2010,682.72
1/22/2010,682.71
1/23/2010,682.71
1/24/2010,682.71
1/25/2010,682.7
1/26/2010,682.69
1/27/2010,682.7
1/28/2010,682.71
1/29/2010,682.7
1/30/2010,682.7
1/31/2010,682.7
2/1/2010,682.71
2/2/2010,682.71
2/3/2010,682.69
2/4/2010,682.7
2/5/2010,682.72
2/6/2010,682.72
2/7/2010,682.72
2/8/2010,682.73
2/9/2010,682.71
2/10/2010,682.69
2/11/2010,682.7
2/12/2010,682.69
2/13/2010,682.69
2/14/2010,682.69
2/15/2010,682.69
2/16/2010,682.69
2/17/2010,682.69
2/18/2010,682.69
2/19/2010,682.69
2/20/2010,682.69
2/21/2010,682.69
2/22/2010,682.71
2/23/2010,682.7
2/24/2010,682.71
2/25/2010,682.7
2/26/2010,682.69
2/27/2010,682.69
2/28/2010,682.69
3/1/2010,682.67
3/2/2010,682.68
3/3/2010,682.66
3/4/2010,682.65
3/5/2010,682.66
3/6/2010,682.66
3/7/2010,682.66
3/8/2010,682.66
3/9/2010,682.65
3/10/2010,682.64
3/11/2010,682.63
3/12/2010,682.62
3/13/2010,682.62
3/14/2010,682.62
3/15/2010,682.61
3/16/2010,682.63
3/17/2010,682.62
3/18/2010,682.62
3/19/2010,682.63
3/20/2010,682.63
3/21/2010,682.63
3/22/2010,682.64
3/23/2010,682.63
3/24/2010,682.64
3/25/2010,682.66
3/26/2010,682.68
3/27/2010,682.68
3/28/2010,682.68
3/29/2010,682.66
3/30/2010,682.64
3/31/2010,682.63
4/1/2010,682.61
4/2/2010,682.6
4/3/2010,682.6
4/4/2010,682.6
4/5/2010,682.6
4/6/2010,682.6
4/7/2010,682.59
4/8/2010,682.59
4/9/2010,682.6
4/10/2010,682.6
4/11/2010,682.6
4/12/2010,682.59
4/13/2010,682.6
4/14/2010,682.61
4/15/2010,682.6
4/16/2010,682.61
4/17/2010,682.61
4/18/2010,682.61
4/19/2010,682.62
4/20/2010,682.63
4/21/2010,682.64
4/22/2010,682.63
4/23/2010,682.64
4/24/2010,682.64
4/25/2010,682.64
4/26/2010,682.63
4/27/2010,682.62
4/28/2010,682.64
4/29/2010,682.65
4/30/2010,682.63
5/1/2010,682.63
5/2/2010,682.63
5/3/2010,682.63
5/4/2010,682.65
5/5/2010,682.67
5/6/2010,682.69
5/7/2010,682.71
5/8/2010,682.71
5/9/2010,682.71
5/10/2010,682.69
5/11/2010,682.7
5/12/2010,682.71
5/13/2010,682.72
5/14/2010,682.73
5/15/2010,682.73
5/16/2010,682.73
5/17/2010,682.75
5/18/2010,682.76
5/19/2010,682.78
5/20/2010,682.77
5/21/2010,682.76
5/22/2010,682.76
5/23/2010,682.76
5/24/2010,682.77
5/25/2010,682.79
5/26/2010,682.8
5/27/2010,682.81
5/28/2010,682.79
5/29/2010,682.79
5/30/2010,682.79
5/31/2010,682.8
6/1/2010,682.79
6/2/2010,682.81
6/3/2010,682.8
6/4/2010,682.81
6/5/2010,682.81
6/6/2010,682.81
6/7/2010,682.83
6/8/2010,682.84
6/9/2010,682.82
6/10/2010,682.81
6/11/2010,682.79
6/12/2010,682.79
6/13/2010,682.79
6/14/2010,682.79
6/15/2010,682.79
6/16/2010,682.79
6/17/2010,682.77
6/18/2010,682.75
6/19/2010,682.75
6/20/2010,682.75
6/21/2010,682.75
6/22/2010,679.8
6/23/2010,681.02
6/24/2010,681
6/25/2010,678.96
6/26/2010,678.96
6/27/2010,678.96
6/28/2010,678.9
6/29/2010,679.01
6/30/2010,679.09
7/1/2010,678.58
7/2/2010,677.2
7/3/2010,677.2
7/4/2010,677.2
7/5/2010,677.33
7/6/2010,677.9
7/7/2010,677.81
7/8/2010,677.68
7/9/2010,677.53
7/10/2010,677.53
7/11/2010,677.53
7/12/2010,677.18
7/13/2010,678.02
7/14/2010,677.55
7/15/2010,677.41
7/16/2010,677.18
7/17/2010,677.18
7/18/2010,677.18
7/19/2010,678
7/20/2010,678.12
7/21/2010,678.02
7/22/2010,678.59
7/23/2010,677.9
7/24/2010,677.9
7/25/2010,677.9
7/26/2010,677.78
7/27/2010,677.42
7/28/2010,677.85
7/29/2010,677.87
7/30/2010,677.5
7/31/2010,677.5
8/1/2010,677.5
8/2/2010,677.42
8/3/2010,677.22
8/4/2010,677.15
8/5/2010,677.83
8/6/2010,677.3
8/7/2010,677.3
8/8/2010,677.3
8/9/2010,676.85
8/10/2010,677.45
8/11/2010,677.68
8/12/2010,680.15
8/13/2010,680.35
8/14/2010,680.35
8/15/2010,680.35
8/16/2010,680.64
8/17/2010,679.79
8/18/2010,678.95
8/19/2010,678.98
8/20/2010,678.84
8/21/2010,678.84
8/22/2010,678.84
8/23/2010,679.89
8/24/2010,679.99
8/25/2010,680.07
8/26/2010,680.41
8/27/2010,680.01
8/28/2010,680.01
8/29/2010,680.01
8/30/2010,680.25
8/31/2010,681.05
9/1/2010,681.26
9/2/2010,680.03
9/3/2010,679.73
9/4/2010,679.73
9/5/2010,679.73
9/6/2010,678.38
9/7/2010,677.99
9/8/2010,679.07
9/9/2010,678.17
9/10/2010,676.25
9/11/2010,676.25
9/12/2010,676.25
9/13/2010,675.09
9/14/2010,673.78
9/15/2010,672.5
9/16/2010,671.81
9/17/2010,671.72
9/18/2010,671.72
9/19/2010,671.72
9/20/2010,671.1
9/21/2010,669.97
9/22/2010,669.97
9/23/2010,669.97
9/24/2010,669.97
9/25/2010,669.97
9/26/2010,669.97
9/27/2010,670.98
9/28/2010,670.51
9/29/2010,669.36
9/30/2010,670.11
10/1/2010,670.11
10/2/2010,670.11
10/3/2010,670.11
10/4/2010,670.11
10/5/2010,670.11
10/6/2010,670.11
10/7/2010,670.11
10/8/2010,668.3
10/9/2010,668.3
10/10/2010,668.3
10/11/2010,667.32
10/12/2010,667.75
10/13/2010,666.93
10/14/2010,665.82
10/15/2010,664.97
10/16/2010,664.97
10/17/2010,664.97
10/18/2010,665.41
10/19/2010,665.53
10/20/2010,667.54
10/21/2010,666.95
10/22/2010,667.59
10/23/2010,667.59
10/24/2010,667.59
10/25/2010,667.29
10/26/2010,667.62
10/27/2010,669.12
10/28/2010,669.86
10/29/2010,669.08
10/30/2010,669.08
10/31/2010,669.08
11/1/2010,668.86
11/2/2010,669.25
11/3/2010,668.18
11/4/2010,667.08
11/5/2010,666.1
11/6/2010,666.1
11/7/2010,666.1
11/8/2010,666.92
11/9/2010,665.8
11/10/2010,664.5
11/11/2010,662.42
11/12/2010,662.39
11/13/2010,662.39
11/14/2010,662.39
11/15/2010,663.03
11/16/2010,664.41
11/17/2010,664.9
11/18/2010,664.55
11/19/2010,664.08
11/20/2010,664.08
11/21/2010,664.08
11/22/2010,663.89
11/23/2010,664.69
11/24/2010,665.89
11/25/2010,665.57
11/26/2010,665.53
11/27/2010,665.53
11/28/2010,665.53
11/29/2010,667
11/30/2010,667.62
12/1/2010,667.86
12/2/2010,666.91
12/3/2010,666.05
12/4/2010,666.05
12/5/2010,666.05
12/6/2010,665.15
12/7/2010,665.65
12/8/2010,666.16
12/9/2010,666.54
12/10/2010,666.04
12/11/2010,666.04
12/12/2010,666.04
12/13/2010,666.3
12/14/2010,665.31
12/15/2010,665.66
12/16/2010,666.35
12/17/2010,665.93
12/18/2010,665.93
12/19/2010,665.93
12/20/2010,666.23
12/21/2010,665.97
12/22/2010,665.48
12/23/2010,664.66
12/24/2010,663.71
12/25/2010,663.71
12/26/2010,663.71
12/27/2010,663.05
12/28/2010,662.52
12/29/2010,662.47
12/30/2010,662.29
12/31/2010,662.27
1/1/2011,662.27
1/2/2011,662.27
1/3/2011,662.27
1/4/2011,662.15
1/5/2011,662.95
1/6/2011,663.22
1/7/2011,663.41
1/8/2011,663.41
1/9/2011,663.41
1/10/2011,663.49
1/11/2011,662.16
1/12/2011,661.28
1/13/2011,659.97
1/14/2011,658.96
1/15/2011,658.96
1/16/2011,658.96
1/17/2011,658.97
1/18/2011,658.91
1/19/2011,658.85
1/20/2011,658.83
1/21/2011,658.86
1/22/2011,658.86
1/23/2011,658.86
1/24/2011,658.83
1/25/2011,658.81
1/26/2011,658.78
1/27/2011,658.76
1/28/2011,659.3
1/29/2011,659.3
1/30/2011,659.3
1/31/2011,658.91
2/1/2011,658.6
2/2/2011,658.6
2/3/2011,658.6
2/4/2011,658.6
2/5/2011,658.6
2/6/2011,658.6
2/7/2011,658.6
2/8/2011,658.6
2/9/2011,658.5
2/10/2011,658.49
2/11/2011,659.52
2/12/2011,659.52
2/13/2011,659.52
2/14/2011,659.85
2/15/2011,659.29
2/16/2011,658.55
2/17/2011,658
2/18/2011,657.81
2/19/2011,657.81
2/20/2011,657.81
2/21/2011,657.05
2/22/2011,657.72
2/23/2011,658.28
2/24/2011,657.95
2/25/2011,657.57
2/26/2011,657.57
2/27/2011,657.57
2/28/2011,657.52
3/1/2011,657.06
3/2/2011,657.36
3/3/2011,656.95
3/4/2011,656.71
3/5/2011,656.71
3/6/2011,656.71
3/7/2011,656.51
3/8/2011,656.87
3/9/2011,657.48
3/10/2011,657.13
3/11/2011,657.5
3/12/2011,657.5
3/13/2011,657.5
3/14/2011,657.01
3/15/2011,656.79
3/16/2011,657.18
3/17/2011,656.9
3/18/2011,656.68
3/19/2011,656.68
3/20/2011,656.68
3/21/2011,656.32
3/22/2011,655.92
3/23/2011,656.01
3/24/2011,656.25
3/25/2011,655.8
3/26/2011,655.8
3/27/2011,655.8
3/28/2011,656.18
3/29/2011,656.25
3/30/2011,655.86
3/31/2011,655.64
4/1/2011,655.27
4/2/2011,655.27
4/3/2011,655.27
4/4/2011,655.27
4/5/2011,655.27
4/6/2011,654.96
4/7/2011,654.56
4/8/2011,654.2
4/9/2011,654.2
4/10/2011,654.2
4/11/2011,654.01
4/12/2011,654.4
4/13/2011,653.69
4/14/2011,653.39
4/15/2011,653.01
4/16/2011,653.01
4/17/2011,653.01
4/18/2011,653.1
4/19/2011,653.46
4/20/2011,652.94
4/21/2011,652.28
4/22/2011,651.56
4/23/2011,651.56
4/24/2011,651.56
4/25/2011,651.61
4/26/2011,651.73
4/27/2011,650.96
4/28/2011,650.51
4/29/2011,649.9
4/30/2011,649.9
5/1/2011,649.9
5/2/2011,649.9
5/3/2011,650.02
5/4/2011,650.13
5/5/2011,650.25
5/6/2011,650.03
5/7/2011,650.03
5/8/2011,650.03
5/9/2011,649.88
5/10/2011,649.5
5/11/2011,649.48
5/12/2011,650.05
5/13/2011,650.17
5/14/2011,650.17
5/15/2011,650.17
5/16/2011,650.89
5/17/2011,651.08
5/18/2011,650.74
5/19/2011,650.48
5/20/2011,649.83
5/21/2011,649.83
5/22/2011,649.83
5/23/2011,649.98
5/24/2011,650.38
5/25/2011,649.49
5/26/2011,649.21
5/27/2011,648.98
5/28/2011,648.98
5/29/2011,648.98
5/30/2011,648.56
5/31/2011,648.45
6/1/2011,648.37
6/2/2011,648.86
6/3/2011,648.46
6/4/2011,648.46
6/5/2011,648.46
6/6/2011,648.46
6/7/2011,648.16
6/8/2011,647.95
6/9/2011,648.3
6/10/2011,648.53
6/11/2011,648.53
6/12/2011,648.53
6/13/2011,648.92
6/14/2011,648.22
6/15/2011,647.96
6/16/2011,648.03
6/17/2011,647.16
6/18/2011,647.16
6/19/2011,647.16
6/20/2011,646.96
6/21/2011,646.9
6/22/2011,646.83
6/23/2011,647.36
6/24/2011,647.42
6/25/2011,647.42
6/26/2011,647.42
6/27/2011,647.5
6/28/2011,647.23
6/29/2011,647.18
6/30/2011,647.16
7/1/2011,646.85
7/2/2011,646.85
7/3/2011,646.85
7/4/2011,646.61
7/5/2011,646.5
7/6/2011,647.15
7/7/2011,647.32
7/8/2011,647.05
7/9/2011,647.05
7/10/2011,647.05
7/11/2011,647.09
7/12/2011,647.48
7/13/2011,647.28
7/14/2011,646.4
7/15/2011,646.65
7/16/2011,646.65
7/17/2011,646.65
7/18/2011,646.8
7/19/2011,646.84
7/20/2011,645.92
7/21/2011,645.36
7/22/2011,644.95
7/23/2011,644.95
7/24/2011,644.95
7/25/2011,645.03
7/26/2011,644.7
7/27/2011,644.26
7/28/2011,644.38
7/29/2011,644.42
7/30/2011,644.42
7/31/2011,644.42
8/1/2011,643.99
8/2/2011,644.19
8/3/2011,644.41
8/4/2011,643.86
8/5/2011,644.51
8/6/2011,644.51
8/7/2011,644.51
8/8/2011,643.05
8/9/2011,643.35
8/10/2011,641.67
8/11/2011,639.91
8/12/2011,639.72
8/13/2011,639.72
8/14/2011,639.72
8/15/2011,639.5
8/16/2011,639.25
8/17/2011,639.96
8/18/2011,639.42
8/19/2011,640.32
8/20/2011,640.32
8/21/2011,640.32
8/22/2011,639.97
8/23/2011,639.87
8/24/2011,638.96
8/25/2011,639.36
8/26/2011,639.5
8/27/2011,639.5
8/28/2011,639.5
8/29/2011,638.83
8/30/2011,638.49
8/31/2011,638.67
9/1/2011,638.59
9/2/2011,638.96
9/3/2011,638.96
9/4/2011,638.96
9/5/2011,639.26
9/6/2011,639.46
9/7/2011,639.68
9/8/2011,638.89
9/9/2011,639.22
9/10/2011,639.22
9/11/2011,639.22
9/12/2011,639.22
9/13/2011,639.82
9/14/2011,639.45
9/15/2011,638.78
9/16/2011,637.97
9/17/2011,637.97
9/18/2011,637.97
9/19/2011,638.48
9/20/2011,638.8
9/21/2011,637.72
9/22/2011,638.08
9/23/2011,638.4
9/24/2011,638.4
9/25/2011,638.4
9/26/2011,637.35
9/27/2011,637.6
9/28/2011,636.23
9/29/2011,636.65
9/30/2011,635.49
10/1/2011,635.49
10/2/2011,635.49
10/3/2011,635.49
10/4/2011,635.49
10/5/2011,635.49
10/6/2011,635.49
10/7/2011,635.49
10/8/2011,635.49
10/9/2011,635.49
10/10/2011,635.86
10/11/2011,634.83
10/12/2011,635.98
10/13/2011,637.37
10/14/2011,637.62
10/15/2011,637.62
10/16/2011,637.62
10/17/2011,637.1
10/18/2011,637.49
10/19/2011,637.27
10/20/2011,636.52
10/21/2011,636.28
10/22/2011,636.28
10/23/2011,636.28
10/24/2011,635.49
10/25/2011,634.25
10/26/2011,634.56
10/27/2011,634.77
10/28/2011,632.9
10/29/2011,632.9
10/30/2011,632.9
10/31/2011,632.33
11/1/2011,632.93
11/2/2011,632.97
11/3/2011,631.98
11/4/2011,631.65
11/5/2011,631.65
11/6/2011,631.65
11/7/2011,632.12
11/8/2011,632.47
11/9/2011,632.07
11/10/2011,633.29
11/11/2011,633.17
11/12/2011,633.17
11/13/2011,633.17
11/14/2011,633.01
11/15/2011,634.36
11/16/2011,635.09
11/17/2011,635.53
11/18/2011,635.48
11/19/2011,635.48
11/20/2011,635.48
11/21/2011,635.22
11/22/2011,635.55
11/23/2011,634.98
11/24/2011,635.7
11/25/2011,635.54
11/26/2011,635.54
11/27/2011,635.54
11/28/2011,635.85
11/29/2011,635.87
11/30/2011,634.82
12/1/2011,633.53
12/2/2011,633.1
12/3/2011,633.1
12/4/2011,633.1
12/5/2011,633.49
12/6/2011,633.34
12/7/2011,633.42
12/8/2011,633.19
12/9/2011,633.52
12/10/2011,633.52
12/11/2011,633.52
12/12/2011,632.97
12/13/2011,633.59
12/14/2011,633.96
12/15/2011,634.21
12/16/2011,633.52
12/17/2011,633.52
12/18/2011,633.52
12/19/2011,633.03
12/20/2011,633.51
12/21/2011,632.48
12/22/2011,632.53
12/23/2011,632.09
12/24/2011,632.09
12/25/2011,632.09
12/26/2011,631.67
12/27/2011,631.52
12/28/2011,631.46
12/29/2011,631.57
12/30/2011,630.09
12/31/2011,630.09
1/1/2012,630.09
1/2/2012,630.09
1/3/2012,630.09
1/4/2012,630.01
1/5/2012,631.15
1/6/2012,631.66
1/7/2012,631.66
1/8/2012,631.66
1/9/2012,632.36
1/10/2012,631.71
1/11/2012,631.55
1/12/2012,632.3
1/13/2012,632.01
1/14/2012,632.01
1/15/2012,632.01
1/16/2012,633.06
1/17/2012,632.5
1/18/2012,632.05
1/19/2012,631.73
1/20/2012,631.38
1/21/2012,631.38
1/22/2012,631.38
1/23/2012,631.38
1/24/2012,631.38
1/25/2012,631.38
1/26/2012,631.38
1/27/2012,631.38
1/28/2012,631.38
1/29/2012,631.38
1/30/2012,630.56
1/31/2012,631.15
2/1/2012,631.03
2/2/2012,630.75
2/3/2012,631.02
2/4/2012,631.02
2/5/2012,631.02
2/6/2012,631.08
2/7/2012,631.16
2/8/2012,630.27
2/9/2012,630.09
2/10/2012,629.37
2/11/2012,629.37
2/12/2012,629.37
2/13/2012,629.39
2/14/2012,629.47
2/15/2012,629.58
2/16/2012,629.91
2/17/2012,629.51
2/18/2012,629.51
2/19/2012,629.51
2/20/2012,629.38
2/21/2012,629.6
2/22/2012,629.88
2/23/2012,630.31
2/24/2012,629.65
2/25/2012,629.65
2/26/2012,629.65
2/27/2012,629.85
2/28/2012,629.61
2/29/2012,629.19
3/1/2012,630.16
3/2/2012,629.8
3/3/2012,629.8
3/4/2012,629.8
3/5/2012,631.21
3/6/2012,631.41
3/7/2012,632.13
3/8/2012,632.35
3/9/2012,630.73
3/10/2012,630.73
3/11/2012,630.73
3/12/2012,632.82
3/13/2012,632.59
3/14/2012,633.28
3/15/2012,633.59
3/16/2012,632
3/17/2012,632
3/18/2012,632
3/19/2012,630.82
3/20/2012,630.29
3/21/2012,630.92
3/22/2012,630.04
3/23/2012,628.91
3/24/2012,628.91
3/25/2012,628.91
3/26/2012,628.58
3/27/2012,628.4
3/28/2012,629.12
3/29/2012,629.32
3/30/2012,629.43
3/31/2012,629.43
4/1/2012,629.43
4/2/2012,629.43
4/3/2012,629.43
4/4/2012,629.43
4/5/2012,630.35
4/6/2012,630.72
4/7/2012,630.72
4/8/2012,630.72
4/9/2012,630.21
4/10/2012,630.48
4/11/2012,630.18
4/12/2012,629.84
4/13/2012,628.79
4/14/2012,628.79
4/15/2012,628.79
4/16/2012,629.6
4/17/2012,628.96
4/18/2012,629.48
4/19/2012,630.04
4/20/2012,630.42
4/21/2012,630.42
4/22/2012,630.42
4/23/2012,629.7
4/24/2012,630.03
4/25/2012,629.23
4/26/2012,628.29
4/27/2012,627.87
4/28/2012,627.87
4/29/2012,627.87
4/30/2012,627.87
5/1/2012,627.87
5/2/2012,626.7
5/3/2012,626.97
5/4/2012,627.21
5/5/2012,627.21
5/6/2012,627.21
5/7/2012,628.58
5/8/2012,628.04
5/9/2012,628.65
5/10/2012,629.41
5/11/2012,629.52
5/12/2012,629.52
5/13/2012,629.52
5/14/2012,630.4
5/15/2012,631.1
5/16/2012,632.05
5/17/2012,632.33
5/18/2012,632.09
5/19/2012,632.09
5/20/2012,632.09
5/21/2012,631.16
5/22/2012,630.77
5/23/2012,632.08
5/24/2012,632.47
5/25/2012,632.6
5/26/2012,632.6
5/27/2012,632.6
5/28/2012,632.36
5/29/2012,632.62
5/30/2012,632.97
5/31/2012,633.55
6/1/2012,633.08
6/2/2012,633.08
6/3/2012,633.08
6/4/2012,633.08
6/5/2012,632.25
6/6/2012,632.61
6/7/2012,631.7
6/8/2012,631.88
6/9/2012,631.88
6/10/2012,631.88
6/11/2012,631.69
6/12/2012,632.92
6/13/2012,632.71
6/14/2012,631.91
6/15/2012,630.89
6/16/2012,630.89
6/17/2012,630.89
6/18/2012,630.05
6/19/2012,630.16
6/20/2012,630.04
6/21/2012,630.4
6/22/2012,630.4
6/23/2012,630.4
6/24/2012,630.4
6/25/2012,632.3
6/26/2012,632.11
6/27/2012,631.73
6/28/2012,631.9
6/29/2012,632.49
6/30/2012,632.49
7/1/2012,632.49
7/2/2012,631.46
7/3/2012,631.78
7/4/2012,631.21
7/5/2012,631.93
7/6/2012,632.49
7/7/2012,632.49
7/8/2012,632.49
7/9/2012,632.93
7/10/2012,631.95
7/11/2012,632.09
7/12/2012,632.15
7/13/2012,632.47
7/14/2012,632.47
7/15/2012,632.47
7/16/2012,632.08
7/17/2012,631.67
7/18/2012,631.4
7/19/2012,631.26
7/20/2012,631.12
7/21/2012,631.12
7/22/2012,631.12
7/23/2012,632.7
7/24/2012,633.39
7/25/2012,634.29
7/26/2012,633.81
7/27/2012,633.25
7/28/2012,633.25
7/29/2012,633.25
7/30/2012,633.03
7/31/2012,633.2
8/1/2012,633.05
8/2/2012,633.92
8/3/2012,634.21
8/4/2012,634.21
8/5/2012,634.21
8/6/2012,633.53
8/7/2012,633.32
8/8/2012,633.78
8/9/2012,633.87
8/10/2012,634.47
8/11/2012,634.47
8/12/2012,634.47
8/13/2012,634.56
8/14/2012,634.43
8/15/2012,634.82
8/16/2012,634.95
8/17/2012,634.49
8/18/2012,634.49
8/19/2012,634.49
8/20/2012,634.78
8/21/2012,634.18
8/22/2012,633.48
8/23/2012,633.16
8/24/2012,633.05
8/25/2012,633.05
8/26/2012,633.05
8/27/2012,633.92
8/28/2012,634.11
8/29/2012,633.91
8/30/2012,634.35
8/31/2012,634.49
9/1/2012,634.49
9/2/2012,634.49
9/3/2012,634.15
9/4/2012,634.02
9/5/2012,634.6
9/6/2012,634.39
9/7/2012,634.12
9/8/2012,634.12
9/9/2012,634.12
9/10/2012,633.75
9/11/2012,633.91
9/12/2012,633.55
9/13/2012,633.38
9/14/2012,633.17
9/15/2012,633.17
9/16/2012,633.17
9/17/2012,632.95
9/18/2012,633.53
9/19/2012,633.92
9/20/2012,633.8
9/21/2012,634.26
9/22/2012,634.26
9/23/2012,634.26
9/24/2012,634.11
9/25/2012,634.3
9/26/2012,634.43
9/27/2012,634.59
9/28/2012,634.1
9/29/2012,634.1
9/30/2012,634.1
10/1/2012,634.1
10/2/2012,634.1
10/3/2012,634.1
10/4/2012,634.1
10/5/2012,634.1
10/6/2012,634.1
10/7/2012,634.1
10/8/2012,634.26
10/9/2012,634.41
10/10/2012,634.49
10/11/2012,633.91
10/12/2012,632.64
10/13/2012,632.64
10/14/2012,632.64
10/15/2012,631.12
10/16/2012,631.06
10/17/2012,630.28
10/18/2012,630.21
10/19/2012,630.52
10/20/2012,630.52
10/21/2012,630.52
10/22/2012,630.71
10/23/2012,630.78
10/24/2012,630.81
10/25/2012,630.47
10/26/2012,630.1
10/27/2012,630.1
10/28/2012,630.1
10/29/2012,629.92
10/30/2012,630.28
10/31/2012,630.02
11/1/2012,630.17
11/2/2012,630.45
11/3/2012,630.45
11/4/2012,630.45
11/5/2012,630.82
11/6/2012,630.78
11/7/2012,630.67
11/8/2012,630.6
11/9/2012,630.12
11/10/2012,630.12
11/11/2012,630.12
11/12/2012,629.2
11/13/2012,628.91
11/14/2012,628.81
11/15/2012,629.05
11/16/2012,629.45
11/17/2012,629.45
11/18/2012,629.45
11/19/2012,629.75
11/20/2012,629.26
11/21/2012,629.08
11/22/2012,629.18
11/23/2012,629.06
11/24/2012,629.06
11/25/2012,629.06
11/26/2012,628.84
11/27/2012,628.52
11/28/2012,629.02
11/29/2012,629.1
11/30/2012,628.92
12/1/2012,628.92
12/2/2012,628.92
12/3/2012,629.08
12/4/2012,628.85
12/5/2012,628.71
12/6/2012,629.11
12/7/2012,629.3
12/8/2012,629.3
12/9/2012,629.3
12/10/2012,629.22
12/11/2012,629.06
12/12/2012,628.83
12/13/2012,628.87
12/14/2012,629.23
12/15/2012,629.23
12/16/2012,629.23
12/17/2012,628.92
12/18/2012,628.8
12/19/2012,628.65
12/20/2012,628.77
12/21/2012,628.81
12/22/2012,628.81
12/23/2012,628.81
12/24/2012,629.13
12/25/2012,629.31
12/26/2012,629.43
12/27/2012,629.49
12/28/2012,628.96
12/29/2012,628.96
12/30/2012,628.96
12/31/2012,628.55
1/1/2013,628.55
1/2/2013,628.55
1/3/2013,628.55
1/4/2013,628.97
1/5/2013,628.97
1/6/2013,628.97
1/7/2013,628.72
1/8/2013,628.04
1/9/2013,628.14
1/10/2013,627.93
1/11/2013,627.12
1/12/2013,627.12
1/13/2013,627.12
1/14/2013,626.95
1/15/2013,626.91
1/16/2013,627.45
1/17/2013,627.67
1/18/2013,627.52
1/19/2013,627.52
1/20/2013,627.52
1/21/2013,627.9
1/22/2013,627.96
1/23/2013,627.62
1/24/2013,627.83
1/25/2013,628.05
1/26/2013,628.05
1/27/2013,628.05
1/28/2013,628.18
1/29/2013,628.51
1/30/2013,628.06
1/31/2013,627.95
2/1/2013,628.19
2/2/2013,628.19
2/3/2013,628.19
2/4/2013,628.6
2/5/2013,628.5
2/6/2013,628.81
2/7/2013,628.98
2/8/2013,628.98
2/9/2013,628.98
2/10/2013,628.98
2/11/2013,628.98
2/12/2013,628.98
2/13/2013,628.98
2/14/2013,628.98
2/15/2013,628.98
2/16/2013,628.98
2/17/2013,628.98
2/18/2013,628.16
2/19/2013,628.21
2/20/2013,628.04
2/21/2013,628.46
2/22/2013,628.71
2/23/2013,628.71
2/24/2013,628.71
2/25/2013,628.92
2/26/2013,628.56
2/27/2013,628.42
2/28/2013,627.79
3/1/2013,627.98
3/2/2013,627.98
3/3/2013,627.98
3/4/2013,628.22
3/5/2013,627.97
3/6/2013,627.45
3/7/2013,627.85
3/8/2013,627.19
3/9/2013,627.19
3/10/2013,627.19
3/11/2013,627.69
3/12/2013,627.46
3/13/2013,627.26
3/14/2013,627.52
3/15/2013,627.23
3/16/2013,627.23
3/17/2013,627.23
3/18/2013,627.41
3/19/2013,627.58
3/20/2013,627.16
3/21/2013,627.31
3/22/2013,627.11
3/23/2013,627.11
3/24/2013,627.11
3/25/2013,626.92
3/26/2013,627.15
3/27/2013,627.27
3/28/2013,627.42
3/29/2013,626.89
3/30/2013,626.89
3/31/2013,626.89
4/1/2013,626.74
4/2/2013,625.86
4/3/2013,626.09
4/4/2013,626.09
4/5/2013,626.09
4/6/2013,626.09
4/7/2013,626.09
4/8/2013,626.5
4/9/2013,626.39
4/10/2013,625.48
4/11/2013,625.78
4/12/2013,625.06
4/13/2013,625.06
4/14/2013,625.06
4/15/2013,624.54
4/16/2013,624.08
4/17/2013,623.42
4/18/2013,624.16
4/19/2013,623.95
4/20/2013,623.95
4/21/2013,623.95
4/22/2013,624.15
4/23/2013,623.6
4/24/2013,623.84
4/25/2013,623
4/26/2013,622.08
4/27/2013,622.08
4/28/2013,622.08
4/29/2013,622.08
4/30/2013,622.08
5/1/2013,622.08
5/2/2013,620.82
5/3/2013,621.52
5/4/2013,621.52
5/5/2013,621.52
5/6/2013,621.14
5/7/2013,620.83
5/8/2013,619.8
5/9/2013,619.25
5/10/2013,620.16
5/11/2013,620.16
5/12/2013,620.16
5/13/2013,620.72
5/14/2013,620.35
5/15/2013,620.7
5/16/2013,620.96
5/17/2013,619.97
5/18/2013,619.97
5/19/2013,619.97
5/20/2013,619.98
5/21/2013,619.11
5/22/2013,619.04
5/23/2013,619.47
5/24/2013,618.67
5/25/2013,618.67
5/26/2013,618.67
5/27/2013,618.11
5/28/2013,618.18
5/29/2013,618.56
5/30/2013,618.2
5/31/2013,617.96
6/1/2013,617.96
6/2/2013,617.96
6/3/2013,618.06
6/4/2013,617.35
6/5/2013,617.57
6/6/2013,617.37
6/7/2013,616.2
6/8/2013,616.2
6/9/2013,616.2
6/10/2013,616.2
6/11/2013,616.2
6/12/2013,616.2
6/13/2013,616.12
6/14/2013,616.07
6/15/2013,616.07
6/16/2013,616.07
6/17/2013,615.98
6/18/2013,616.51
6/19/2013,616.77
6/20/2013,616.98
6/21/2013,617.66
6/22/2013,617.66
6/23/2013,617.66
6/24/2013,618.07
6/25/2013,617.67
6/26/2013,617.79
6/27/2013,617.97
6/28/2013,617.87
6/29/2013,617.87
6/30/2013,617.87
7/1/2013,618.05
7/2/2013,617.73
7/3/2013,618.03
7/4/2013,617.55
7/5/2013,617.9
7/6/2013,617.9
7/7/2013,617.9
7/8/2013,618.07
7/9/2013,617.3
7/10/2013,616.52
7/11/2013,615.99
7/12/2013,616.31
7/13/2013,616.31
7/14/2013,616.31
7/15/2013,616.63
7/16/2013,616.92
7/17/2013,616.52
7/18/2013,617.2
7/19/2013,617.51
7/20/2013,617.51
7/21/2013,617.51
7/22/2013,617.21
7/23/2013,617.02
7/24/2013,616.95
7/25/2013,617.59
7/26/2013,617.2
7/27/2013,617.2
7/28/2013,617.2
7/29/2013,617.05
7/30/2013,617.7
7/31/2013,617.88
8/1/2013,617.78
8/2/2013,618.17
8/3/2013,618.17
8/4/2013,618.17
8/5/2013,617.67
8/6/2013,617.53
8/7/2013,617.26
8/8/2013,617.03
8/9/2013,616.68
8/10/2013,616.68
8/11/2013,616.68
8/12/2013,616.65
8/13/2013,617.05
8/14/2013,617.2
8/15/2013,616.96
8/16/2013,616.66
8/17/2013,616.66
8/18/2013,616.66
8/19/2013,616.9
8/20/2013,616.97
8/21/2013,616.75
8/22/2013,616.98
8/23/2013,617.1
8/24/2013,617.1
8/25/2013,617.1
8/26/2013,616.8
8/27/2013,616.88
8/28/2013,616.67
8/29/2013,616.9
8/30/2013,617.09
8/31/2013,617.09
9/1/2013,617.09
9/2/2013,617.02
9/3/2013,617.18
9/4/2013,617.29
9/5/2013,616.96
9/6/2013,617.28
9/7/2013,617.28
9/8/2013,617.28
9/9/2013,616.42
9/10/2013,616.12
9/11/2013,616.01
9/12/2013,615.75
9/13/2013,615.78
9/14/2013,615.78
9/15/2013,615.78
9/16/2013,615.54
9/17/2013,615.71
9/18/2013,615.57
9/19/2013,615.57
9/20/2013,615.57
9/21/2013,615.57
9/22/2013,615.57
9/23/2013,614.75
9/24/2013,614.85
9/25/2013,614.97
9/26/2013,614.77
9/27/2013,614.95
9/28/2013,614.95
9/29/2013,614.95
9/30/2013,614.8
10/1/2013,614.8
10/2/2013,614.8
10/3/2013,614.8
10/4/2013,614.8
10/5/2013,614.8
10/6/2013,614.8
10/7/2013,614.8
10/8/2013,614.15
10/9/2013,614.3
10/10/2013,614.52
10/11/2013,614.58
10/12/2013,614.58
10/13/2013,614.58
10/14/2013,614.06
10/15/2013,614.12
10/16/2013,614.08
10/17/2013,614.31
10/18/2013,613.72
10/19/2013,613.72
10/20/2013,613.72
10/21/2013,613.52
10/22/2013,613.95
10/23/2013,613.3
10/24/2013,613.35
10/25/2013,613.33
10/26/2013,613.33
10/27/2013,613.33
10/28/2013,613.36
10/29/2013,613.73
10/30/2013,614.12
10/31/2013,614.25
11/1/2013,614.52
11/2/2013,614.52
11/3/2013,614.52
11/4/2013,614.82
11/5/2013,614.47
11/6/2013,614.75
11/7/2013,614.5
11/8/2013,613.55
11/9/2013,613.55
11/10/2013,613.55
11/11/2013,613.9
11/12/2013,613.6
11/13/2013,613.42
11/14/2013,613.15
11/15/2013,613.51
11/16/2013,613.51
11/17/2013,613.51
11/18/2013,613.32
11/19/2013,613.17
11/20/2013,613.05
11/21/2013,613.66
11/22/2013,613.8
11/23/2013,613.8
11/24/2013,613.8
11/25/2013,613.42
11/26/2013,613.57
11/27/2013,613.3
11/28/2013,613.43
11/29/2013,613.25
11/30/2013,613.25
12/1/2013,613.25
12/2/2013,613.29
12/3/2013,613.52
12/4/2013,613
12/5/2013,613.1
12/6/2013,612.32
12/7/2013,612.32
12/8/2013,612.32
12/9/2013,611.3
12/10/2013,611.14
12/11/2013,611
12/12/2013,611.15
12/13/2013,611.48
12/14/2013,611.48
12/15/2013,611.48
12/16/2013,611.24
12/17/2013,611.08
12/18/2013,611.05
12/19/2013,611.83
12/20/2013,611.96
12/21/2013,611.96
12/22/2013,611.96
12/23/2013,611.61
12/24/2013,611.45
12/25/2013,611.6
12/26/2013,611.56
12/27/2013,610.5
12/28/2013,610.5
12/29/2013,610.5
12/30/2013,610.24
12/31/2013,609.69
1/1/2014,609.69
1/2/2014,609.9
1/3/2014,610.39
1/4/2014,610.39
1/5/2014,610.39
1/6/2014,610.59
1/7/2014,610.42
1/8/2014,610.79
1/9/2014,611.09
1/10/2014,610.08
1/11/2014,610.08
1/12/2014,610.08
1/13/2014,609.5
1/14/2014,609.3
1/15/2014,610.05
1/16/2014,610.65
1/17/2014,610.41
1/18/2014,610.41
1/19/2014,610.41
1/20/2014,610.83
1/21/2014,610.66
1/22/2014,610.87
1/23/2014,611.07
1/24/2014,610.35
1/25/2014,610.35
1/26/2014,610.35
1/27/2014,610.22
1/28/2014,610.53
1/29/2014,610.73
1/30/2014,610.5
1/31/2014,610.5
2/1/2014,610.5
2/2/2014,610.5
2/3/2014,610.5
2/4/2014,610.5
2/5/2014,610.5
2/6/2014,610.5
2/7/2014,610.89
2/8/2014,610.89
2/9/2014,610.89
2/10/2014,610.83
2/11/2014,610.69
2/12/2014,610.78
2/13/2014,611
2/14/2014,610.7
2/15/2014,610.7
2/16/2014,610.7
2/17/2014,610.53
2/18/2014,610.73
2/19/2014,611.03
2/20/2014,611.46
2/21/2014,611.76
2/22/2014,611.76
2/23/2014,611.76
2/24/2014,611.89
2/25/2014,611.84
2/26/2014,611.92
2/27/2014,612.24
2/28/2014,612.14
3/1/2014,612.14
3/2/2014,612.14
3/3/2014,611.9
3/4/2014,612.36
3/5/2014,612.57
3/6/2014,612.49
3/7/2014,612.01
3/8/2014,612.01
3/9/2014,612.01
3/10/2014,613.12
3/11/2014,613.27
3/12/2014,613.43
3/13/2014,613.2
3/14/2014,613.46
3/15/2014,613.46
3/16/2014,613.46
3/17/2014,613.21
3/18/2014,613.41
3/19/2014,613.51
3/20/2014,614.6
3/21/2014,614.75
3/22/2014,614.75
3/23/2014,614.75
3/24/2014,614.52
3/25/2014,614.26
3/26/2014,614.4
3/27/2014,614.65
3/28/2014,614.9
3/29/2014,614.9
3/30/2014,614.9
3/31/2014,615.21
4/1/2014,615.03
4/2/2014,614.93
4/3/2014,615.2
4/4/2014,615.57
4/5/2014,615.57
4/6/2014,615.57
4/7/2014,615.57
4/8/2014,615.27
4/9/2014,614.9
4/10/2014,615.1
4/11/2014,614.95
4/12/2014,614.95
4/13/2014,614.95
4/14/2014,615.31
4/15/2014,615.71
4/16/2014,615.89
4/17/2014,615.75
4/18/2014,615.86
4/19/2014,615.86
4/20/2014,615.86
4/21/2014,615.91
4/22/2014,616.1
4/23/2014,615.99
4/24/2014,615.89
4/25/2014,615.76
4/26/2014,615.76
4/27/2014,615.76
4/28/2014,615.65
4/29/2014,615.56
4/30/2014,615.8
5/1/2014,615.8
5/2/2014,615.8
5/3/2014,615.8
5/4/2014,615.8
5/5/2014,615.6
5/6/2014,615.65
5/7/2014,615.42
5/8/2014,615.57
5/9/2014,615.81
5/10/2014,615.81
5/11/2014,615.81
5/12/2014,616.25
5/13/2014,616.36
5/14/2014,616.53
5/15/2014,616.4
5/16/2014,616.28
5/17/2014,616.28
5/18/2014,616.28
5/19/2014,616.36
5/20/2014,616.26
5/21/2014,616.45
5/22/2014,616.58
5/23/2014,616.81
5/24/2014,616.81
5/25/2014,616.81
5/26/2014,616.99
5/27/2014,616.87
5/28/2014,616.94
5/29/2014,617.05
5/30/2014,616.95
5/31/2014,616.95
6/1/2014,616.95
6/2/2014,616.95
6/3/2014,617.1
6/4/2014,616.93
6/5/2014,617.08
6/6/2014,616.23
6/7/2014,616.23
6/8/2014,616.23
6/9/2014,614.85
6/10/2014,614.51
6/11/2014,615.06
6/12/2014,615.16
6/13/2014,615.03
6/14/2014,615.03
6/15/2014,615.03
6/16/2014,615.37
6/17/2014,615.29
6/18/2014,615.59
6/19/2014,615.31
6/20/2014,615.24
6/21/2014,615.24
6/22/2014,615.24
6/23/2014,615.57
6/24/2014,615.45
6/25/2014,615.55
6/26/2014,615.38
6/27/2014,615.43
6/28/2014,615.43
6/29/2014,615.43
6/30/2014,615.28
7/1/2014,615.23
7/2/2014,615.49
7/3/2014,615.81
7/4/2014,616.42
7/5/2014,616.42
7/6/2014,616.42
7/7/2014,616.58
7/8/2014,616.26
7/9/2014,615.65
7/10/2014,614.43
7/11/2014,614.69
7/12/2014,614.69
7/13/2014,614.69
7/14/2014,614.85
7/15/2014,614.9
7/16/2014,615.35
7/17/2014,615.64
7/18/2014,615.68
7/19/2014,615.68
7/20/2014,615.68
7/21/2014,615.47
7/22/2014,615.44
7/23/2014,615.72
7/24/2014,615.79
7/25/2014,615.97
7/26/2014,615.97
7/27/2014,615.97
7/28/2014,616.22
7/29/2014,616.15
7/30/2014,616.45
7/31/2014,616.75
8/1/2014,616.81
8/2/2014,616.81
8/3/2014,616.81
8/4/2014,616.61
8/5/2014,616.55
8/6/2014,616.81
8/7/2014,616.7
8/8/2014,615.62
8/9/2014,615.62
8/10/2014,615.62
8/11/2014,615.22
8/12/2014,615.17
8/13/2014,615.33
8/14/2014,615.45
8/15/2014,615.38
8/16/2014,615.38
8/17/2014,615.38
8/18/2014,615.28
8/19/2014,615.48
8/20/2014,615.8
8/21/2014,616.32
8/22/2014,616.17
8/23/2014,616.17
8/24/2014,616.17
8/25/2014,616.53
8/26/2014,616.63
8/27/2014,616.58
8/28/2014,616.38
8/29/2014,616.47
8/30/2014,616.47
8/31/2014,616.47
9/1/2014,616.8
9/2/2014,616.84
9/3/2014,616.97
9/4/2014,616.66
9/5/2014,617.07
9/6/2014,617.07
9/7/2014,617.07
9/8/2014,617.07
9/9/2014,615.2
9/10/2014,614.25
9/11/2014,614.53
9/12/2014,614.68
9/13/2014,614.68
9/14/2014,614.68
9/15/2014,614.52
9/16/2014,614.62
9/17/2014,614.5
9/18/2014,614.9
9/19/2014,614.55
9/20/2014,614.55
9/21/2014,614.55
9/22/2014,614.85
9/23/2014,614.7
9/24/2014,614.62
9/25/2014,614.97
9/26/2014,615.08
9/27/2014,615.08
9/28/2014,615.08
9/29/2014,615.39
9/30/2014,615.25
10/1/2014,615.25
10/2/2014,615.25
10/3/2014,615.25
10/4/2014,615.25
10/5/2014,615.25
10/6/2014,615.25
10/7/2014,615.25
10/8/2014,614.93
10/9/2014,614.61
10/10/2014,614.7
10/11/2014,614.7
10/12/2014,614.7
10/13/2014,614.46
10/14/2014,614.08
10/15/2014,614.55
10/16/2014,613.95
10/17/2014,614.07
10/18/2014,614.07
10/19/2014,614.07
10/20/2014,614.35
10/21/2014,614.1
10/22/2014,614.37
10/23/2014,614.59
10/24/2014,614.67
10/25/2014,614.67
10/26/2014,614.67
10/27/2014,614.46
10/28/2014,614.21
10/29/2014,614.05
10/30/2014,614.57
10/31/2014,614.61
11/1/2014,614.61
11/2/2014,614.61
11/3/2014,615.25
11/4/2014,615.43
11/5/2014,615.03
11/6/2014,615.65
11/7/2014,616.02
11/8/2014,616.02
11/9/2014,616.02
11/10/2014,613.77
11/11/2014,614.13
11/12/2014,614.28
11/13/2014,614.18
11/14/2014,613.99
11/15/2014,613.99
11/16/2014,613.99
11/17/2014,614.09
11/18/2014,614.3
11/19/2014,613.97
11/20/2014,614.17
11/21/2014,613.87
11/22/2014,613.87
11/23/2014,613.87
11/24/2014,614.2
11/25/2014,613.9
11/26/2014,613.54
11/27/2014,613.2
11/28/2014,613.45
11/29/2014,613.45
11/30/2014,613.45
12/1/2014,613.69
12/2/2014,613.25
12/3/2014,613.76
12/4/2014,614.11
12/5/2014,613.73
12/6/2014,613.73
12/7/2014,613.73
12/8/2014,612.82
12/9/2014,612.31
12/10/2014,611.95
12/11/2014,611.53
12/12/2014,611.84
12/13/2014,611.84
12/14/2014,611.84
12/15/2014,611.52
12/16/2014,611.82
12/17/2014,611.37
12/18/2014,611.95
12/19/2014,612.05
12/20/2014,612.05
12/21/2014,612.05
12/22/2014,612.2
12/23/2014,612.3
12/24/2014,612.47
12/25/2014,612.13
12/26/2014,611.86
12/27/2014,611.86
12/28/2014,611.86
12/29/2014,612.05
12/30/2014,612.24
12/31/2014,611.9
1/1/2015,611.9
1/2/2015,611.9
1/3/2015,611.9
1/4/2015,611.9
1/5/2015,612.48
1/6/2015,612.56
1/7/2015,612.69
1/8/2015,613.02
1/9/2015,612.96
1/10/2015,612.96
1/11/2015,612.96
1/12/2015,612.33
1/13/2015,611.95
1/14/2015,612.05
1/15/2015,611.93
1/16/2015,611.88
1/17/2015,611.88
1/18/2015,611.88
1/19/2015,612.3
1/20/2015,612.26
1/21/2015,612.68
1/22/2015,612.47
1/23/2015,613.42
1/24/2015,613.42
1/25/2015,613.42
1/26/2015,613.84
1/27/2015,613.64
1/28/2015,612.82
1/29/2015,613.35
1/30/2015,613.7
1/31/2015,613.7
2/1/2015,613.7
2/2/2015,613.85
2/3/2015,613.69
2/4/2015,613.18
2/5/2015,613.66
2/6/2015,612.61
2/7/2015,612.61
2/8/2015,612.61
2/9/2015,613.11
2/10/2015,612.95
2/11/2015,613.15
2/12/2015,613.33
2/13/2015,612.88
2/14/2015,612.88
2/15/2015,612.88
2/16/2015,612.73
2/17/2015,613.3
2/18/2015,613.3
2/19/2015,613.3
2/20/2015,613.3
2/21/2015,613.3
2/22/2015,613.3
2/23/2015,613.3
2/24/2015,613.3
2/25/2015,613.84
2/26/2015,613.79
2/27/2015,614.75
2/28/2015,614.75
3/1/2015,614.75
3/2/2015,615.13
3/3/2015,615.43
3/4/2015,615.25
3/5/2015,615.28
3/6/2015,615.33
3/7/2015,615.33
3/8/2015,615.33
3/9/2015,615.63
3/10/2015,615.72
3/11/2015,615.97
3/12/2015,616.17
3/13/2015,615.88
3/14/2015,615.88
3/15/2015,615.88
3/16/2015,616.15
3/17/2015,615.85
3/18/2015,615.56
3/19/2015,614.6
3/20/2015,614.96
3/21/2015,614.96
3/22/2015,614.96
3/23/2015,614.48
3/24/2015,613.98
3/25/2015,614.1
3/26/2015,613.75
3/27/2015,613.97
3/28/2015,613.97
3/29/2015,613.97
3/30/2015,614.02
3/31/2015,614.22
4/1/2015,614.34
4/2/2015,613.96
4/3/2015,613.48
4/4/2015,613.48
4/5/2015,613.48
4/6/2015,613.48
4/7/2015,613.05
4/8/2015,613.45
4/9/2015,613.38
4/10/2015,613.7
4/11/2015,613.7
4/12/2015,613.7
4/13/2015,613.95
4/14/2015,614.07
4/15/2015,613.4
4/16/2015,613.05
4/17/2015,612.67
4/18/2015,612.67
4/19/2015,612.67
4/20/2015,612.55
4/21/2015,612.8
4/22/2015,612.9
4/23/2015,612.81
4/24/2015,612.41
4/25/2015,612.41
4/26/2015,612.41
4/27/2015,612.2
4/28/2015,612.09
4/29/2015,611.69
4/30/2015,611.37
5/1/2015,611.37
5/2/2015,611.37
5/3/2015,611.37
5/4/2015,611.65
5/5/2015,611.8
5/6/2015,611.56
5/7/2015,611.13
5/8/2015,611.47
5/9/2015,611.47
5/10/2015,611.47
5/11/2015,611.32
5/12/2015,611.55
5/13/2015,611.23
5/14/2015,610.93
5/15/2015,610.85
5/16/2015,610.85
5/17/2015,610.85
5/18/2015,610.79
5/19/2015,610.98
5/20/2015,611.25
5/21/2015,611.39
5/22/2015,611.31
5/23/2015,611.31
5/24/2015,611.31
5/25/2015,611.65
5/26/2015,611.72
5/27/2015,611.98
5/28/2015,612.02
5/29/2015,611.96
5/30/2015,611.96
5/31/2015,611.96
6/1/2015,612.07
6/2/2015,612.25
6/3/2015,611.76
6/4/2015,611.64
6/5/2015,611.81
6/6/2015,611.81
6/7/2015,611.81
6/8/2015,612.05
6/9/2015,611.79
6/10/2015,611.73
6/11/2015,611.5
6/12/2015,611.67
6/13/2015,611.67
6/14/2015,611.67
6/15/2015,611.69
6/16/2015,611.55
6/17/2015,611.58
6/18/2015,611.26
6/19/2015,611.04
6/20/2015,611.04
6/21/2015,611.04
6/22/2015,611.04
6/23/2015,611.19
6/24/2015,611.42
6/25/2015,611.48
6/26/2015,611.37
6/27/2015,611.37
6/28/2015,611.37
6/29/2015,611.68
6/30/2015,611.36
7/1/2015,611.49
7/2/2015,611.71
7/3/2015,611.6
7/4/2015,611.6
7/5/2015,611.6
7/6/2015,611.72
7/7/2015,611.66
7/8/2015,611.75
7/9/2015,611.51
7/10/2015,611.53
7/11/2015,611.53
7/12/2015,611.53
7/13/2015,611.33
7/14/2015,611.65
7/15/2015,611.52
7/16/2015,611.73
7/17/2015,611.92
7/18/2015,611.92
7/19/2015,611.92
7/20/2015,611.97
7/21/2015,611.99
7/22/2015,611.68
7/23/2015,611.72
7/24/2015,611.69
7/25/2015,611.69
7/26/2015,611.69
7/27/2015,611.76
7/28/2015,611.54
7/29/2015,611.5
7/30/2015,611.65
7/31/2015,611.72
8/1/2015,611.72
8/2/2015,611.72
8/3/2015,611.69
8/4/2015,611.77
8/5/2015,611.86
8/6/2015,611.81
8/7/2015,611.74
8/8/2015,611.74
8/9/2015,611.74
8/10/2015,611.62
8/11/2015,622.98
8/12/2015,633.06
8/13/2015,640.1
8/14/2015,639.75
8/15/2015,639.75
8/16/2015,639.75
8/17/2015,639.69
8/18/2015,639.66
8/19/2015,639.63
8/20/2015,639.15
8/21/2015,638.64
8/22/2015,638.64
8/23/2015,638.64
8/24/2015,638.62
8/25/2015,639.87
8/26/2015,640.43
8/27/2015,640.85
8/28/2015,639.86
8/29/2015,639.86
8/30/2015,639.86
8/31/2015,638.93
9/1/2015,637.52
9/2/2015,636.19
9/3/2015,636.19
9/4/2015,636.19
9/5/2015,636.19
9/6/2015,636.19
9/7/2015,635.84
9/8/2015,636.39
9/9/2015,636.32
9/10/2015,637.72
9/11/2015,637.19
9/12/2015,637.19
9/13/2015,637.19
9/14/2015,637.09
9/15/2015,636.65
9/16/2015,637.12
9/17/2015,636.7
9/18/2015,636.07
9/19/2015,636.07
9/20/2015,636.07
9/21/2015,636.76
9/22/2015,637.21
9/23/2015,637.73
9/24/2015,637.91
9/25/2015,637.85
9/26/2015,637.85
9/27/2015,637.85
9/28/2015,637.29
9/29/2015,636.6
9/30/2015,636.13
10/1/2015,636.13
10/2/2015,636.13
10/3/2015,636.13
10/4/2015,636.13
10/5/2015,636.13
10/6/2015,636.13
10/7/2015,636.13
10/8/2015,635.05
10/9/2015,634.93
10/10/2015,634.93
10/11/2015,634.93
10/12/2015,634.06
10/13/2015,632.31
10/14/2015,634.08
10/15/2015,634.02
10/16/2015,634.36
10/17/2015,634.36
10/18/2015,634.36
10/19/2015,635.27
10/20/2015,636.14
10/21/2015,634.73
10/22/2015,634.97
10/23/2015,635.95
10/24/2015,635.95
10/25/2015,635.95
10/26/2015,635.49
10/27/2015,634.94
10/28/2015,635.36
10/29/2015,635.96
10/30/2015,634.95
10/31/2015,634.95
11/1/2015,634.95
11/2/2015,631.54
11/3/2015,633.1
11/4/2015,633.43
11/5/2015,633.81
11/6/2015,634.59
11/7/2015,634.59
11/8/2015,634.59
11/9/2015,635.78
11/10/2015,636.02
11/11/2015,636.14
11/12/2015,636.28
11/13/2015,636.55
11/14/2015,636.55
11/15/2015,636.55
11/16/2015,637.5
11/17/2015,637.4
11/18/2015,637.96
11/19/2015,637.91
11/20/2015,637.8
11/21/2015,637.8
11/22/2015,637.8
11/23/2015,638.67
11/24/2015,638.88
11/25/2015,638.77
11/26/2015,638.96
11/27/2015,639.15
11/28/2015,639.15
11/29/2015,639.15
11/30/2015,639.62
12/1/2015,639.73
12/2/2015,639.58
12/3/2015,639.82
12/4/2015,638.51
12/5/2015,638.51
12/6/2015,638.51
12/7/2015,639.85
12/8/2015,640.78
12/9/2015,641.4
12/10/2015,642.36
12/11/2015,643.58
12/12/2015,643.58
12/13/2015,643.58
12/14/2015,644.95
12/15/2015,645.59
12/16/2015,646.26
12/17/2015,647.57
12/18/2015,648.14
12/19/2015,648.14
12/20/2015,648.14
12/21/2015,647.53
12/22/2015,647.46
12/23/2015,647.31
12/24/2015,647.55
12/25/2015,647.13
12/26/2015,647.13
12/27/2015,647.13
12/28/2015,647.5
12/29/2015,648.64
12/30/2015,648.95
12/31/2015,649.36
1/1/2016,649.36
1/2/2016,649.36
1/3/2016,649.36
1/4/2016,650.32
1/5/2016,651.69
1/6/2016,653.14
1/7/2016,656.46
1/8/2016,656.36
1/9/2016,656.36
1/10/2016,656.36
1/11/2016,656.26
1/12/2016,656.28
1/13/2016,656.3
1/14/2016,656.16
1/15/2016,656.37
1/16/2016,656.37
1/17/2016,656.37
1/18/2016,655.9
1/19/2016,655.96
1/20/2016,655.78
1/21/2016,655.85
1/22/2016,655.72
1/23/2016,655.72
1/24/2016,655.72
1/25/2016,655.57
1/26/2016,655.48
1/27/2016,655.33
1/28/2016,655.28
1/29/2016,655.16
1/30/2016,655.16
1/31/2016,655.16
2/1/2016,655.39
2/2/2016,655.1
2/3/2016,655.21
2/4/2016,654.19
2/5/2016,653.14
2/6/2016,653.14
2/7/2016,653.14
2/8/2016,653.14
2/9/2016,653.14
2/10/2016,653.14
2/11/2016,653.14
2/12/2016,653.14
2/13/2016,653.14
2/14/2016,653.14
2/15/2016,651.18
2/16/2016,651.3
2/17/2016,652.37
2/18/2016,651.52
2/19/2016,651.86
2/20/2016,651.86
2/21/2016,651.86
2/22/2016,651.65
2/23/2016,652.73
2/24/2016,653.02
2/25/2016,653.18
2/26/2016,653.38
2/27/2016,653.38
2/28/2016,653.38
2/29/2016,654.52
3/1/2016,653.85
3/2/2016,654.9
3/3/2016,654.12
3/4/2016,652.84
3/5/2016,652.84
3/6/2016,652.84
3/7/2016,651.13
3/8/2016,650.41
3/9/2016,651.06
3/10/2016,651.27
3/11/2016,649.05
3/12/2016,649.05
3/13/2016,649.05
3/14/2016,649.13
3/15/2016,650.79
3/16/2016,651.72
3/17/2016,649.61
3/18/2016,646.28
3/19/2016,646.28
3/20/2016,646.28
3/21/2016,648.24
3/22/2016,649.71
3/23/2016,649.36
3/24/2016,651.5
3/25/2016,652.23
3/26/2016,652.23
3/27/2016,652.23
3/28/2016,652.32
3/29/2016,650.6
3/30/2016,648.41
3/31/2016,646.12
4/1/2016,645.85
4/2/2016,645.85
4/3/2016,645.85
4/4/2016,645.85
4/5/2016,646.63
4/6/2016,647.54
4/7/2016,647.07
4/8/2016,647.33
4/9/2016,647.33
4/10/2016,647.33
4/11/2016,646.49
4/12/2016,646.16
4/13/2016,645.91
4/14/2016,648.91
4/15/2016,649.08
4/16/2016,649.08
4/17/2016,649.08
4/18/2016,647.87
4/19/2016,647
4/20/2016,645.79
4/21/2016,648.03
4/22/2016,648.98
4/23/2016,648.98
4/24/2016,648.98
4/25/2016,651.2
4/26/2016,648.82
4/27/2016,648.37
4/28/2016,649.54
4/29/2016,645.89
4/30/2016,645.89
5/1/2016,645.89
5/2/2016,645.89
5/3/2016,645.65
5/4/2016,649.43
5/5/2016,651.28
5/6/2016,652.02
5/7/2016,652.02
5/8/2016,652.02
5/9/2016,651.05
5/10/2016,652.33
5/11/2016,652.09
5/12/2016,649.59
5/13/2016,652.46
5/14/2016,652.46
5/15/2016,652.46
5/16/2016,653.43
5/17/2016,652
5/18/2016,652.16
5/19/2016,655.31
5/20/2016,655.1
5/21/2016,655.1
5/22/2016,655.1
5/23/2016,654.55
5/24/2016,654.68
5/25/2016,656.93
5/26/2016,655.52
5/27/2016,654.9
5/28/2016,654.9
5/29/2016,654.9
5/30/2016,657.84
5/31/2016,657.9
6/1/2016,658.89
6/2/2016,656.88
6/3/2016,657.93
6/4/2016,657.93
6/5/2016,657.93
6/6/2016,654.97
6/7/2016,656.18
6/8/2016,655.93
6/9/2016,655.93
6/10/2016,655.93
6/11/2016,655.93
6/12/2016,655.93
6/13/2016,658.05
6/14/2016,657.91
6/15/2016,660.01
6/16/2016,657.39
6/17/2016,657.95
6/18/2016,657.95
6/19/2016,657.95
6/20/2016,657.08
6/21/2016,656.56
6/22/2016,659.35
6/23/2016,656.58
6/24/2016,657.76
6/25/2016,657.76
6/26/2016,657.76
6/27/2016,663.75
6/28/2016,665.28
6/29/2016,663.24
6/30/2016,663.12
7/1/2016,664.96
7/2/2016,664.96
7/3/2016,664.96
7/4/2016,664.72
7/5/2016,665.94
7/6/2016,668.57
7/7/2016,668.2
7/8/2016,668.53
7/9/2016,668.53
7/10/2016,668.53
7/11/2016,668.43
7/12/2016,669.5
7/13/2016,668.91
7/14/2016,668.46
7/15/2016,668.05
7/16/2016,668.05
7/17/2016,668.05
7/18/2016,669.61
7/19/2016,669.71
7/20/2016,669.46
7/21/2016,668.72
7/22/2016,666.69
7/23/2016,666.69
7/24/2016,666.69
7/25/2016,668.6
7/26/2016,667.78
7/27/2016,666.71
7/28/2016,665.97
7/29/2016,665.11
7/30/2016,665.11
7/31/2016,665.11
8/1/2016,662.77
8/2/2016,664.51
8/3/2016,661.95
8/4/2016,664.44
8/5/2016,664.06
8/6/2016,664.06
8/7/2016,664.06
8/8/2016,666.15
8/9/2016,665.94
8/10/2016,665.3
8/11/2016,662.55
8/12/2016,665.43
8/13/2016,665.43
8/14/2016,665.43
8/15/2016,664.3
8/16/2016,663.05
8/17/2016,660.56
8/18/2016,662.73
8/19/2016,662.11
8/20/2016,662.11
8/21/2016,662.11
8/22/2016,666.52
8/23/2016,665.86
8/24/2016,664.2
8/25/2016,666.02
8/26/2016,664.88
8/27/2016,664.88
8/28/2016,664.88
8/29/2016,668.56
8/30/2016,668.12
8/31/2016,669.08
9/1/2016,667.84
9/2/2016,667.27
9/3/2016,667.27
9/4/2016,667.27
9/5/2016,668.73
9/6/2016,666.76
9/7/2016,665.55
9/8/2016,666.2
9/9/2016,666.84
9/10/2016,666.84
9/11/2016,666.84
9/12/2016,669.08
9/13/2016,667.26
9/14/2016,668.95
9/15/2016,668.95
9/16/2016,668.95
9/17/2016,668.95
9/18/2016,668.95
9/19/2016,667.86
9/20/2016,665.95
9/21/2016,667.38
9/22/2016,665.13
9/23/2016,666.7
9/24/2016,666.7
9/25/2016,666.7
9/26/2016,667.44
9/27/2016,666.46
9/28/2016,666.81
9/29/2016,667
9/30/2016,667.78
10/1/2016,667.78
10/2/2016,667.78
10/3/2016,667.78
10/4/2016,667.78
10/5/2016,667.78
10/6/2016,667.78
10/7/2016,667.78
10/8/2016,667.78
10/9/2016,667.78
10/10/2016,670.08
10/11/2016,670.98
10/12/2016,672.58
10/13/2016,672.96
10/14/2016,671.57
10/15/2016,671.57
10/16/2016,671.57
10/17/2016,673.79
10/18/2016,673.03
10/19/2016,673.26
10/20/2016,673.11
10/21/2016,675.58
10/22/2016,675.58
10/23/2016,675.58
10/24/2016,676.9
10/25/2016,677.44
10/26/2016,677.05
10/27/2016,677.36
10/28/2016,678.58
10/29/2016,678.58
10/30/2016,678.58
10/31/2016,676.41
11/1/2016,677.34
11/2/2016,675.62
11/3/2016,674.91
11/4/2016,675.14
11/5/2016,675.14
11/6/2016,675.14
11/7/2016,677.25
11/8/2016,678.17
11/9/2016,678.32
11/10/2016,678.85
11/11/2016,681.15
11/12/2016,681.15
11/13/2016,681.15
11/14/2016,682.91
11/15/2016,684.95
11/16/2016,685.92
11/17/2016,686.92
11/18/2016,687.96
11/19/2016,687.96
11/20/2016,687.96
11/21/2016,689.85
11/22/2016,687.79
11/23/2016,689.04
11/24/2016,690.85
11/25/2016,691.68
11/26/2016,691.68
11/27/2016,691.68
11/28/2016,690.42
11/29/2016,688.89
11/30/2016,688.65
12/1/2016,689.58
12/2/2016,687.94
12/3/2016,687.94
12/4/2016,687.94
12/5/2016,688.7
12/6/2016,685.75
12/7/2016,688.08
12/8/2016,687.31
12/9/2016,689.72
12/10/2016,689.72
12/11/2016,689.72
12/12/2016,690.86
12/13/2016,689.34
12/14/2016,690.28
12/15/2016,692.89
12/16/2016,695.08
12/17/2016,695.08
12/18/2016,695.08
12/19/2016,693.12
12/20/2016,694.68
12/21/2016,694.89
12/22/2016,694.35
12/23/2016,694.63
12/24/2016,694.63
12/25/2016,694.63
12/26/2016,694.59
12/27/2016,694.62
12/28/2016,694.95
12/29/2016,694.97
12/30/2016,693.7
12/31/2016,693.7
1/1/2017,693.7
1/2/2017,693.7
1/3/2017,694.98
1/4/2017,695.26
1/5/2017,693.07
1/6/2017,686.68
1/7/2017,686.68
1/8/2017,686.68
1/9/2017,692.62
1/10/2017,692.34
1/11/2017,692.35
1/12/2017,691.41
1/13/2017,689.09
1/14/2017,689.09
1/15/2017,689.09
1/16/2017,688.74
1/17/2017,689.92
1/18/2017,685.25
1/19/2017,685.68
1/20/2017,686.93
1/21/2017,686.93
1/22/2017,686.93
1/23/2017,685.72
1/24/2017,683.31
1/25/2017,685.96
1/26/2017,685.88
1/27/2017,685.88
1/28/2017,685.88
1/29/2017,685.88
1/30/2017,685.88
1/31/2017,685.88
2/1/2017,685.88
2/2/2017,685.88
2/3/2017,685.56
2/4/2017,685.56
2/5/2017,685.56
2/6/2017,686.06
2/7/2017,686.04
2/8/2017,688.49
2/9/2017,687.1
2/10/2017,688.19
2/11/2017,688.19
2/12/2017,688.19
2/13/2017,688.98
2/14/2017,688.06
2/15/2017,686.32
2/16/2017,686.29
2/17/2017,684.56
2/18/2017,684.56
2/19/2017,684.56
2/20/2017,687.43
2/21/2017,687.9
2/22/2017,688.3
2/23/2017,686.95
2/24/2017,686.55
2/25/2017,686.55
2/26/2017,686.55
2/27/2017,688.14
2/28/2017,687.5
3/1/2017,687.98
3/2/2017,688.09
3/3/2017,688.96
3/4/2017,688.96
3/5/2017,688.96
3/6/2017,687.9
3/7/2017,689.57
3/8/2017,690.32
3/9/2017,691.25
3/10/2017,691.23
3/11/2017,691.23
3/12/2017,691.23
3/13/2017,689.88
3/14/2017,691.18
3/15/2017,691.15
3/16/2017,688.62
3/17/2017,688.73
3/18/2017,688.73
3/19/2017,688.73
3/20/2017,689.98
3/21/2017,690.71
3/22/2017,688.89
3/23/2017,688.56
3/24/2017,688.45
3/25/2017,688.45
3/26/2017,688.45
3/27/2017,687.01
3/28/2017,687.82
3/29/2017,689.15
3/30/2017,688.89
3/31/2017,689.93
4/1/2017,689.93
4/2/2017,689.93
4/3/2017,689.93
4/4/2017,689.93
4/5/2017,689.06
4/6/2017,689.3
4/7/2017,689.49
4/8/2017,689.49
4/9/2017,689.49
4/10/2017,690.42
4/11/2017,689.57
4/12/2017,689.4
4/13/2017,686.51
4/14/2017,687.4
4/15/2017,687.4
4/16/2017,687.4
4/17/2017,687.85
4/18/2017,688.49
4/19/2017,686.64
4/20/2017,687.92
4/21/2017,688.23
4/22/2017,688.23
4/23/2017,688.23
4/24/2017,686.73
4/25/2017,688.33
4/26/2017,688.45
4/27/2017,688.96
4/28/2017,689.31
4/29/2017,689.31
4/30/2017,689.31
5/1/2017,689.31
5/2/2017,689.56
5/3/2017,688.92
5/4/2017,689.57
5/5/2017,688.84
5/6/2017,688.84
5/7/2017,688.84
5/8/2017,689.47
5/9/2017,690.37
5/10/2017,690.66
5/11/2017,690.51
5/12/2017,689.48
5/13/2017,689.48
5/14/2017,689.48
5/15/2017,688.52
5/16/2017,687.9
5/17/2017,686.35
5/18/2017,686.12
5/19/2017,687.86
5/20/2017,687.86
5/21/2017,687.86
5/22/2017,686.73
5/23/2017,686.61
5/24/2017,687.58
5/25/2017,686.95
5/26/2017,686.98
5/27/2017,686.98
5/28/2017,686.98
5/29/2017,686.98
5/30/2017,686.98
5/31/2017,686.33
6/1/2017,680.9
6/2/2017,680.7
6/3/2017,680.7
6/4/2017,680.7
6/5/2017,679.35
6/6/2017,679.34
6/7/2017,678.58
6/8/2017,679.3
6/9/2017,679.71
6/10/2017,679.71
6/11/2017,679.71
6/12/2017,679.48
6/13/2017,679.54
6/14/2017,679.39
6/15/2017,678.52
6/16/2017,679.95
6/17/2017,679.95
6/18/2017,679.95
6/19/2017,679.72
6/20/2017,680.96
6/21/2017,681.93
6/22/2017,681.97
6/23/2017,682.38
6/24/2017,682.38
6/25/2017,682.38
6/26/2017,682.2
6/27/2017,682.92
6/28/2017,680.53
6/29/2017,679.4
6/30/2017,677.44
7/1/2017,677.44
7/2/2017,677.44
7/3/2017,677.72
7/4/2017,678.89
7/5/2017,679.22
7/6/2017,679.53
7/7/2017,679.14
7/8/2017,679.14
7/9/2017,679.14
7/10/2017,679.64
7/11/2017,679.83
7/12/2017,678.68
7/13/2017,678.02
7/14/2017,677.74
7/15/2017,677.74
7/16/2017,677.74
7/17/2017,675.62
7/18/2017,676.11
7/19/2017,674.51
7/20/2017,674.64
7/21/2017,674.15
7/22/2017,674.15
7/23/2017,674.15
7/24/2017,674.1
7/25/2017,674.85
7/26/2017,675.29
7/27/2017,673.07
7/28/2017,673.73
7/29/2017,673.73
7/30/2017,673.73
7/31/2017,672.83
8/1/2017,671.48
8/2/2017,672.05
8/3/2017,672.11
8/4/2017,671.32
8/5/2017,671.32
8/6/2017,671.32
8/7/2017,672.28
8/8/2017,671.84
8/9/2017,670.75
8/10/2017,667.7
8/11/2017,666.42
8/12/2017,666.42
8/13/2017,666.42
8/14/2017,666.01
8/15/2017,666.89
8/16/2017,667.79
8/17/2017,667.09
8/18/2017,667.44
8/19/2017,667.44
8/20/2017,667.44
8/21/2017,667.09
8/22/2017,665.97
8/23/2017,666.33
8/24/2017,665.25
8/25/2017,665.79
8/26/2017,665.79
8/27/2017,665.79
8/28/2017,663.53
8/29/2017,662.93
8/30/2017,661.02
8/31/2017,660.1
9/1/2017,659.09
9/2/2017,659.09
9/3/2017,659.09
9/4/2017,656.68
9/5/2017,653.7
9/6/2017,653.11
9/7/2017,652.69
9/8/2017,650.32
9/9/2017,650.32
9/10/2017,650.32
9/11/2017,649.97
9/12/2017,652.77
9/13/2017,653.82
9/14/2017,654.65
9/15/2017,654.23
9/16/2017,654.23
9/17/2017,654.23
9/18/2017,654.19
9/19/2017,655.3
9/20/2017,656.7
9/21/2017,658.67
9/22/2017,658.61
9/23/2017,658.61
9/24/2017,658.61
9/25/2017,659.45
9/26/2017,660.76
9/27/2017,661.92
9/28/2017,662.85
9/29/2017,663.69
9/30/2017,663.69
10/1/2017,663.69
10/2/2017,663.69
10/3/2017,663.69
10/4/2017,663.69
10/5/2017,663.69
10/6/2017,663.69
10/7/2017,663.69
10/8/2017,663.69
10/9/2017,664.93
10/10/2017,662.73
10/11/2017,658.41
10/12/2017,658.08
10/13/2017,658.66
10/14/2017,658.66
10/15/2017,658.66
10/16/2017,658.39
10/17/2017,658.83
10/18/2017,659.91
10/19/2017,660.93
10/20/2017,660.92
10/21/2017,660.92
10/22/2017,660.92
10/23/2017,662.05
10/24/2017,662.68
10/25/2017,663.22
10/26/2017,662.88
10/27/2017,664.73
10/28/2017,664.73
10/29/2017,664.73
10/30/2017,664.87
10/31/2017,663.97
11/1/2017,663
11/2/2017,661.96
11/3/2017,660.72
11/4/2017,660.72
11/5/2017,660.72
11/6/2017,662.47
11/7/2017,662.16
11/8/2017,662.77
11/9/2017,663.25
11/10/2017,662.82
11/11/2017,662.82
11/12/2017,662.82
11/13/2017,663.47
11/14/2017,663.99
11/15/2017,662.63
11/16/2017,662.86
11/17/2017,662.77
11/18/2017,662.77
11/19/2017,662.77
11/20/2017,662.71
11/21/2017,663.56
11/22/2017,662.9
11/23/2017,660.21
11/24/2017,658.1
11/25/2017,658.1
11/26/2017,658.1
11/27/2017,658.74
11/28/2017,659.44
11/29/2017,660.11
11/30/2017,660.34
12/1/2017,660.67
12/2/2017,660.67
12/3/2017,660.67
12/4/2017,661.05
12/5/2017,661.13
12/6/2017,661.63
12/7/2017,661.95
12/8/2017,662.18
12/9/2017,662.18
12/10/2017,662.18
12/11/2017,661.52
12/12/2017,661.62
12/13/2017,662.51
12/14/2017,660.33
12/15/2017,661.13
12/16/2017,661.13
12/17/2017,661.13
12/18/2017,661.62
12/19/2017,660.98
12/20/2017,660.66
12/21/2017,657.95
12/22/2017,658.21
12/23/2017,658.21
12/24/2017,658.21
12/25/2017,656.83
12/26/2017,654.16
12/27/2017,654.21
12/28/2017,654.12
12/29/2017,653.42
12/30/2017,653.42
12/31/2017,653.42
1/1/2018,653.42
1/2/2018,650.79
1/3/2018,649.2
1/4/2018,650.43
1/5/2018,649.15
1/6/2018,649.15
1/7/2018,649.15
1/8/2018,648.32
1/9/2018,649.68
1/10/2018,652.07
1/11/2018,651.47
1/12/2018,649.32
1/13/2018,649.32
1/14/2018,649.32
1/15/2018,645.74
1/16/2018,643.72
1/17/2018,643.35
1/18/2018,644.01
1/19/2018,641.69
1/20/2018,641.69
1/21/2018,641.69
1/22/2018,641.12
1/23/2018,640.09
1/24/2018,639.16
1/25/2018,637.24
1/26/2018,634.36
1/27/2018,634.36
1/28/2018,634.36
1/29/2018,632.67
1/30/2018,633.12
1/31/2018,633.39
2/1/2018,630.45
2/2/2018,628.85
2/3/2018,628.85
2/4/2018,628.85
2/5/2018,630.19
2/6/2018,630.72
2/7/2018,628.82
2/8/2018,628.22
2/9/2018,631.94
2/10/2018,631.94
2/11/2018,631.94
2/12/2018,630.01
2/13/2018,632.47
2/14/2018,634.28
2/15/2018,634.28
2/16/2018,634.28
2/17/2018,634.28
2/18/2018,634.28
2/19/2018,634.28
2/20/2018,634.28
2/21/2018,634.28
2/22/2018,635.3
2/23/2018,634.82
2/24/2018,634.82
2/25/2018,634.82
2/26/2018,633.78
2/27/2018,631.46
2/28/2018,632.94
3/1/2018,633.52
3/2/2018,633.34
3/3/2018,633.34
3/4/2018,633.34
3/5/2018,634.31
3/6/2018,633.86
3/7/2018,632.94
3/8/2018,632.39
3/9/2018,634.51
3/10/2018,634.51
3/11/2018,634.51
3/12/2018,633.33
3/13/2018,632.18
3/14/2018,632.05
3/15/2018,631.41
3/16/2018,633.4
3/17/2018,633.4
3/18/2018,633.4
3/19/2018,633.2
3/20/2018,632.46
3/21/2018,633.96
3/22/2018,631.67
3/23/2018,632.72
3/24/2018,632.72
3/25/2018,632.72
3/26/2018,631.93
3/27/2018,628.16
3/28/2018,627.85
3/29/2018,630.46
3/30/2018,628.81
3/31/2018,628.81
4/1/2018,628.81
4/2/2018,627.64
4/3/2018,628.33
4/4/2018,629.26
4/5/2018,629.26
4/6/2018,629.26
4/7/2018,629.26
4/8/2018,629.26
4/9/2018,631.14
4/10/2018,630.71
4/11/2018,629.11
4/12/2018,628.34
4/13/2018,628.98
4/14/2018,628.98
4/15/2018,628.98
4/16/2018,628.84
4/17/2018,627.71
4/18/2018,628.17
4/19/2018,628.32
4/20/2018,628.97
4/21/2018,628.97
4/22/2018,628.97
4/23/2018,630.34
4/24/2018,632.29
4/25/2018,630.66
4/26/2018,632.83
4/27/2018,633.93
4/28/2018,633.93
4/29/2018,633.93
4/30/2018,633.93
5/1/2018,633.93
5/2/2018,636.7
5/3/2018,637.32
5/4/2018,635.21
5/5/2018,635.21
5/6/2018,635.21
5/7/2018,635.84
5/8/2018,636.74
5/9/2018,637.33
5/10/2018,637.68
5/11/2018,635.24
5/12/2018,635.24
5/13/2018,635.24
5/14/2018,633.45
5/15/2018,634.86
5/16/2018,637.45
5/17/2018,636.79
5/18/2018,637.63
5/19/2018,637.63
5/20/2018,637.63
5/21/2018,638.52
5/22/2018,637.99
5/23/2018,637.73
5/24/2018,638.16
5/25/2018,638.67
5/26/2018,638.67
5/27/2018,638.67
5/28/2018,639.62
5/29/2018,640.21
5/30/2018,642.07
5/31/2018,641.44
6/1/2018,640.78
6/2/2018,640.78
6/3/2018,640.78
6/4/2018,642.08
6/5/2018,641.57
6/6/2018,640.4
6/7/2018,639.19
6/8/2018,640.03
6/9/2018,640.03
6/10/2018,640.03
6/11/2018,640.64
6/12/2018,641.21
6/13/2018,641.56
6/14/2018,639.62
6/15/2018,643.06
6/16/2018,643.06
6/17/2018,643.06
6/18/2018,643.06
6/19/2018,642.35
6/20/2018,645.86
6/21/2018,647.06
6/22/2018,648.04
6/23/2018,648.04
6/24/2018,648.04
6/25/2018,648.93
6/26/2018,651.8
6/27/2018,655.69
6/28/2018,659.6
6/29/2018,661.66
6/30/2018,661.66
7/1/2018,661.66
7/2/2018,661.57
7/3/2018,664.97
7/4/2018,665.95
7/5/2018,661.8
7/6/2018,663.36
7/7/2018,663.36
7/8/2018,663.36
7/9/2018,663.93
7/10/2018,662.59
7/11/2018,662.34
7/12/2018,667.26
7/13/2018,667.27
7/14/2018,667.27
7/15/2018,667.27
7/16/2018,667.58
7/17/2018,668.21
7/18/2018,669.14
7/19/2018,670.66
7/20/2018,676.71
7/21/2018,676.71
7/22/2018,676.71
7/23/2018,675.93
7/24/2018,678.91
7/25/2018,680.4
7/26/2018,676.62
7/27/2018,679.42
7/28/2018,679.42
7/29/2018,679.42
7/30/2018,681.31
7/31/2018,681.65
8/1/2018,682.93
8/2/2018,679.42
8/3/2018,683.22
8/4/2018,683.22
8/5/2018,683.22
8/6/2018,685.13
8/7/2018,684.31
8/8/2018,683.13
8/9/2018,683.17
8/10/2018,683.95
8/11/2018,683.95
8/12/2018,683.95
8/13/2018,686.29
8/14/2018,686.95
8/15/2018,688.56
8/16/2018,689.46
8/17/2018,688.94
8/18/2018,688.94
8/19/2018,688.94
8/20/2018,687.18
8/21/2018,683.6
8/22/2018,682.71
8/23/2018,683.67
8/24/2018,687.1
8/25/2018,687.1
8/26/2018,687.1
8/27/2018,685.08
8/28/2018,680.52
8/29/2018,680.72
8/30/2018,681.13
8/31/2018,682.46
9/1/2018,682.46
9/2/2018,682.46
9/3/2018,683.47
9/4/2018,681.83
9/5/2018,682.66
9/6/2018,682.17
9/7/2018,682.12
9/8/2018,682.12
9/9/2018,682.12
9/10/2018,683.89
9/11/2018,684.88
9/12/2018,685.46
9/13/2018,684.88
9/14/2018,683.62
9/15/2018,683.62
9/16/2018,683.62
9/17/2018,685.09
9/18/2018,685.54
9/19/2018,685.69
9/20/2018,685.3
9/21/2018,683.57
9/22/2018,683.57
9/23/2018,683.57
9/24/2018,683.57
9/25/2018,684.4
9/26/2018,685.71
9/27/2018,686.42
9/28/2018,687.92
9/29/2018,687.92
9/30/2018,687.92
10/1/2018,687.92
10/2/2018,687.92
10/3/2018,687.92
10/4/2018,687.92
10/5/2018,687.92
10/6/2018,687.92
10/7/2018,687.92
10/8/2018,689.57
10/9/2018,690.19
10/10/2018,690.72
10/11/2018,690.98
10/12/2018,691.2
10/13/2018,691.2
10/14/2018,691.2
10/15/2018,691.54
10/16/2018,691.19
10/17/2018,691.03
10/18/2018,692.75
10/19/2018,693.87
10/20/2018,693.87
10/21/2018,693.87
10/22/2018,692.36
10/23/2018,693.38
10/24/2018,693.57
10/25/2018,694.09
10/26/2018,695.1
10/27/2018,695.1
10/28/2018,695.1
10/29/2018,693.77
10/30/2018,695.74
10/31/2018,696.46
11/1/2018,696.7
11/2/2018,693.71
11/3/2018,693.71
11/4/2018,693.71
11/5/2018,689.76
11/6/2018,690.75
11/7/2018,690.65
11/8/2018,691.63
11/9/2018,693.29
11/10/2018,693.29
11/11/2018,693.29
11/12/2018,694.76
11/13/2018,696.29
11/14/2018,694.02
11/15/2018,693.92
11/16/2018,693.77
11/17/2018,693.77
11/18/2018,693.77
11/19/2018,692.45
11/20/2018,692.8
11/21/2018,694.49
11/22/2018,693.91
11/23/2018,693.06
11/24/2018,693.06
11/25/2018,693.06
11/26/2018,694.53
11/27/2018,694.63
11/28/2018,695
11/29/2018,693.53
11/30/2018,693.57
12/1/2018,693.57
12/2/2018,693.57
12/3/2018,694.31
12/4/2018,689.39
12/5/2018,684.76
12/6/2018,685.99
12/7/2018,686.64
12/8/2018,686.64
12/9/2018,686.64
12/10/2018,686.93
12/11/2018,689.96
12/12/2018,690.64
12/13/2018,687.69
12/14/2018,687.5
12/15/2018,687.5
12/16/2018,687.5
12/17/2018,689.08
12/18/2018,688.54
12/19/2018,688.69
12/20/2018,689.36
12/21/2018,688.25
12/22/2018,688.25
12/23/2018,688.25
12/24/2018,690.06
12/25/2018,689.19
12/26/2018,688.45
12/27/2018,688.94
12/28/2018,686.32
12/29/2018,686.32
12/30/2018,686.32
12/31/2018,686.32
1/1/2019,686.32
1/2/2019,684.82
1/3/2019,686.31
1/4/2019,685.86
1/5/2019,685.86
1/6/2019,685.86
1/7/2019,685.17
1/8/2019,684.02
1/9/2019,685.26
1/10/2019,681.6
1/11/2019,679.09
1/12/2019,679.09
1/13/2019,679.09
1/14/2019,675.6
1/15/2019,675.42
1/16/2019,676.15
1/17/2019,675.92
1/18/2019,676.65
1/19/2019,676.65
1/20/2019,676.65
1/21/2019,677.74
1/22/2019,678.54
1/23/2019,679.69
1/24/2019,678.02
1/25/2019,679.41
1/26/2019,679.41
1/27/2019,679.41
1/28/2019,674.72
1/29/2019,673.56
1/30/2019,673.43
1/31/2019,670.25
2/1/2019,670.81
2/2/2019,670.81
2/3/2019,670.81
2/4/2019,670.81
2/5/2019,670.81
2/6/2019,670.81
2/7/2019,670.81
2/8/2019,670.81
2/9/2019,670.81
2/10/2019,670.81
2/11/2019,674.95
2/12/2019,677.65
2/13/2019,676.75
2/14/2019,677.44
2/15/2019,676.23
2/16/2019,676.23
2/17/2019,676.23
2/18/2019,676.59
2/19/2019,676.42
2/20/2019,675.58
2/21/2019,672.2
2/22/2019,671.51
2/23/2019,671.51
2/24/2019,671.51
2/25/2019,671.31
2/26/2019,669.52
2/27/2019,668.57
2/28/2019,669.01
3/1/2019,669.57
3/2/2019,669.57
3/3/2019,669.57
3/4/2019,670.49
3/5/2019,669.98
3/6/2019,670.53
3/7/2019,671.1
3/8/2019,672.35
3/9/2019,672.35
3/10/2019,672.35
3/11/2019,672.02
3/12/2019,671.28
3/13/2019,671.14
3/14/2019,670.09
3/15/2019,671.67
3/16/2019,671.67
3/17/2019,671.67
3/18/2019,670.88
3/19/2019,670.62
3/20/2019,671.01
3/21/2019,668.5
3/22/2019,669.44
3/23/2019,669.44
3/24/2019,669.44
3/25/2019,670.98
3/26/2019,670.42
3/27/2019,671.41
3/28/2019,672.63
3/29/2019,673.35
3/30/2019,673.35
3/31/2019,673.35
4/1/2019,671.93
4/2/2019,671.61
4/3/2019,671.94
4/4/2019,670.55
4/5/2019,670.55
4/6/2019,670.55
4/7/2019,670.55
4/8/2019,672.01
4/9/2019,671.42
4/10/2019,671.1
4/11/2019,670.88
4/12/2019,672.2
4/13/2019,672.2
4/14/2019,672.2
4/15/2019,671.12
4/16/2019,670.97
4/17/2019,671.1
4/18/2019,669.11
4/19/2019,670.43
4/20/2019,670.43
4/21/2019,670.43
4/22/2019,670.35
4/23/2019,670.82
4/24/2019,672.05
4/25/2019,673.07
4/26/2019,673.07
4/27/2019,673.07
4/28/2019,673.07
4/29/2019,673.1
4/30/2019,672.86
5/1/2019,672.86
5/2/2019,672.86
5/3/2019,672.86
5/4/2019,672.86
5/5/2019,672.86
5/6/2019,673.44
5/7/2019,676.14
5/8/2019,675.96
5/9/2019,676.65
5/10/2019,679.12
5/11/2019,679.12
5/12/2019,679.12
5/13/2019,679.54
5/14/2019,683.65
5/15/2019,686.49
5/16/2019,686.88
5/17/2019,688.59
5/18/2019,688.59
5/19/2019,688.59
5/20/2019,689.88
5/21/2019,689.9
5/22/2019,689.92
5/23/2019,689.94
5/24/2019,689.93
5/25/2019,689.93
5/26/2019,689.93
5/27/2019,689.24
5/28/2019,689.73
5/29/2019,689.88
5/30/2019,689.9
5/31/2019,689.92
6/1/2019,689.92
6/2/2019,689.92
6/3/2019,688.96
6/4/2019,688.22
6/5/2019,689.03
6/6/2019,689.45
6/7/2019,689.45
6/8/2019,689.45
6/9/2019,689.45
6/10/2019,689.25
6/11/2019,689.3
6/12/2019,689.32
6/13/2019,689.34
6/14/2019,689.37
6/15/2019,689.37
6/16/2019,689.37
6/17/2019,689.4
6/18/2019,689.42
6/19/2019,688.93
6/20/2019,688.05
6/21/2019,684.72
6/22/2019,684.72
6/23/2019,684.72
6/24/2019,685.03
6/25/2019,685.8
6/26/2019,687.01
6/27/2019,687.78
6/28/2019,687.47
6/29/2019,687.47
6/30/2019,687.47
7/1/2019,687.16
7/2/2019,685.13
7/3/2019,686.4
7/4/2019,687.05
7/5/2019,686.97
7/6/2019,686.97
7/7/2019,686.97
7/8/2019,688.81
7/9/2019,688.53
7/10/2019,688.56
7/11/2019,686.77
7/12/2019,686.62
7/13/2019,686.62
7/14/2019,686.62
7/15/2019,686.77
7/16/2019,687.1
7/17/2019,688.27
7/18/2019,687.61
7/19/2019,686.35
7/20/2019,686.35
7/21/2019,686.35
7/22/2019,687.59
7/23/2019,688.18
7/24/2019,688.6
7/25/2019,687.37
7/26/2019,687.96
7/27/2019,687.96
7/28/2019,687.96
7/29/2019,688.21
7/30/2019,688.62
7/31/2019,688.41
8/1/2019,689.38
8/2/2019,689.96
8/3/2019,689.96
8/4/2019,689.96
8/5/2019,692.25
8/6/2019,696.83
8/7/2019,699.96
8/8/2019,700.39
8/9/2019,701.36
8/10/2019,701.36
8/11/2019,701.36
8/12/2019,702.11
8/13/2019,703.26
8/14/2019,703.12
8/15/2019,702.68
8/16/2019,703.12
8/17/2019,703.12
8/18/2019,703.12
8/19/2019,703.65
8/20/2019,704.54
8/21/2019,704.33
8/22/2019,704.9
8/23/2019,705.72
8/24/2019,705.72
8/25/2019,705.72
8/26/2019,705.7
8/27/2019,708.1
8/28/2019,708.35
8/29/2019,708.58
8/30/2019,708.79
8/31/2019,708.79
9/1/2019,708.79
9/2/2019,708.83
9/3/2019,708.84
9/4/2019,708.78
9/5/2019,708.52
9/6/2019,708.55
9/7/2019,708.55
9/8/2019,708.55
9/9/2019,708.51
9/10/2019,708.46
9/11/2019,708.43
9/12/2019,708.46
9/13/2019,708.46
9/14/2019,708.46
9/15/2019,708.46
9/16/2019,706.57
9/17/2019,707.3
9/18/2019,707.28
9/19/2019,707.32
9/20/2019,707.3
9/21/2019,707.3
9/22/2019,707.3
9/23/2019,707.34
9/24/2019,707.29
9/25/2019,707.24
9/26/2019,707.29
9/27/2019,707.31
9/28/2019,707.31
9/29/2019,707.31
9/30/2019,707.29
10/1/2019,707.29
10/2/2019,707.29
10/3/2019,707.29
10/4/2019,707.29
10/5/2019,707.29
10/6/2019,707.29
10/7/2019,707.29
10/8/2019,707.26
10/9/2019,707.28
10/10/2019,707.3
10/11/2019,707.27
10/12/2019,707.27
10/13/2019,707.27
10/14/2019,707.25
10/15/2019,707.08
10/16/2019,707.46
10/17/2019,707.89
10/18/2019,706.9
10/19/2019,706.9
10/20/2019,706.9
10/21/2019,706.8
10/22/2019,706.68
10/23/2019,707.52
10/24/2019,707.27
10/25/2019,707.49
10/26/2019,707.49
10/27/2019,707.49
10/28/2019,707.62
10/29/2019,706.17
10/30/2019,705.82
10/31/2019,705.33
11/1/2019,704.37
11/2/2019,704.37
11/3/2019,704.37
11/4/2019,703.82
11/5/2019,703.85
11/6/2019,700.8
11/7/2019,700.08
11/8/2019,699.45
11/9/2019,699.45
11/10/2019,699.45
11/11/2019,699.33
11/12/2019,699.88
11/13/2019,700.26
11/14/2019,700.83
11/15/2019,700.91
11/16/2019,700.91
11/17/2019,700.91
11/18/2019,700.37
11/19/2019,700.3
11/20/2019,701.18
11/21/2019,702.17
11/22/2019,703.06
11/23/2019,703.06
11/24/2019,703.06
11/25/2019,703.97
11/26/2019,703.44
11/27/2019,703.49
11/28/2019,702.71
11/29/2019,702.98
11/30/2019,702.98
12/1/2019,702.98
12/2/2019,702.62
12/3/2019,702.23
12/4/2019,703.82
12/5/2019,705.21
12/6/2019,703.83
12/7/2019,703.83
12/8/2019,703.83
12/9/2019,704.05
12/10/2019,704
12/11/2019,703.85
12/12/2019,702.53
12/13/2019,701.56
12/14/2019,701.56
12/15/2019,701.56
12/16/2019,699.15
12/17/2019,699.71
12/18/2019,699.69
12/19/2019,700.25
12/20/2019,700.2
12/21/2019,700.2
12/22/2019,700.2
12/23/2019,701.17
12/24/2019,701.19
12/25/2019,700.67
12/26/2019,698.01
12/27/2019,698.79
12/28/2019,698.79
12/29/2019,698.79
12/30/2019,698.05
12/31/2019,697.62
1/1/2020,697.62
1/2/2020,696.14
1/3/2020,696.81
1/4/2020,696.81
1/5/2020,696.81
1/6/2020,697.18
1/7/2020,696.9
1/8/2020,694.5
1/9/2020,694.97
1/10/2020,693.51
1/11/2020,693.51
1/12/2020,693.51
1/13/2020,692.63
1/14/2020,689.54
1/15/2020,688.45
1/16/2020,688.07
1/17/2020,688.78
1/18/2020,688.78
1/19/2020,688.78
1/20/2020,686.64
1/21/2020,686.06
1/22/2020,688.53
1/23/2020,688.76
1/24/2020,688.76
1/25/2020,688.76
1/26/2020,688.76
1/27/2020,688.76
1/28/2020,688.76
1/29/2020,688.76
1/30/2020,688.76
1/31/2020,688.76
2/1/2020,688.76
2/2/2020,688.76
2/3/2020,692.49
2/4/2020,697.79
2/5/2020,698.23
2/6/2020,699.85
2/7/2020,697.68
2/8/2020,697.68
2/9/2020,697.68
2/10/2020,698.63
2/11/2020,698.97
2/12/2020,697.18
2/13/2020,697.85
2/14/2020,698.43
2/15/2020,698.43
2/16/2020,698.43
2/17/2020,697.95
2/18/2020,698.26
2/19/2020,700.12
2/20/2020,700.26
2/21/2020,702.1
2/22/2020,702.1
2/23/2020,702.1
2/24/2020,702.46
2/25/2020,702.32
2/26/2020,701.26
2/27/2020,702.15
2/28/2020,700.66
2/29/2020,700.66
3/1/2020,700.66
3/2/2020,698.11
3/3/2020,695.16
3/4/2020,695.14
3/5/2020,694.03
3/6/2020,693.37
3/7/2020,693.37
3/8/2020,693.37
3/9/2020,692.6
3/10/2020,693.89
3/11/2020,696.12
3/12/2020,696.41
3/13/2020,700.33
3/14/2020,700.33
3/15/2020,700.33
3/16/2020,700.18
3/17/2020,700.94
3/18/2020,703.28
3/19/2020,705.22
3/20/2020,710.52
3/21/2020,710.52
3/22/2020,710.52
3/23/2020,709.4
3/24/2020,709.99
3/25/2020,707.42
3/26/2020,706.92
3/27/2020,704.27
3/28/2020,704.27
3/29/2020,704.27
3/30/2020,704.47
3/31/2020,708.51
4/1/2020,707.71
4/2/2020,709.95
4/3/2020,711.04
4/4/2020,711.04
4/5/2020,711.04
4/6/2020,711.04
4/7/2020,709.39
4/8/2020,704.83
4/9/2020,705.36
4/10/2020,703.54
4/11/2020,703.54
4/12/2020,703.54
4/13/2020,703
4/14/2020,704.06
4/15/2020,704.02
4/16/2020,707.14
4/17/2020,707.18
4/18/2020,707.18
4/19/2020,707.18
4/20/2020,706.57
4/21/2020,707.52
4/22/2020,709.03
4/23/2020,708.87
4/24/2020,708.03
4/25/2020,708.03
4/26/2020,708.03
4/27/2020,707.03
4/28/2020,707.1
4/29/2020,707.04
4/30/2020,705.71
5/1/2020,705.71
5/2/2020,705.71
5/3/2020,705.71
5/4/2020,705.71
5/5/2020,705.71
5/6/2020,706.9
5/7/2020,709.31
5/8/2020,707.88
5/9/2020,707.88
5/10/2020,707.88
5/11/2020,707.69
5/12/2020,709.19
5/13/2020,708.75
5/14/2020,709.48
5/15/2020,709.36
5/16/2020,709.36
5/17/2020,709.36
5/18/2020,710.3
5/19/2020,709.12
5/20/2020,709.56
5/21/2020,708.68
5/22/2020,709.39
5/23/2020,709.39
5/24/2020,709.39
5/25/2020,712.09
5/26/2020,712.93
5/27/2020,710.92
5/28/2020,712.77
5/29/2020,713.16
5/30/2020,713.16
5/31/2020,713.16
6/1/2020,713.15
6/2/2020,711.67
6/3/2020,710.74
6/4/2020,710.12
6/5/2020,709.65
6/6/2020,709.65
6/7/2020,709.65
6/8/2020,708.82
6/9/2020,707.11
6/10/2020,707.03
6/11/2020,706.08
6/12/2020,708.65
6/13/2020,708.65
6/14/2020,708.65
6/15/2020,709.02
6/16/2020,707.55
6/17/2020,708.73
6/18/2020,709.03
6/19/2020,709.13
6/20/2020,709.13
6/21/2020,709.13
6/22/2020,708.65
6/23/2020,706.71
6/24/2020,705.55
6/25/2020,705.55
6/26/2020,705.55
6/27/2020,705.55
6/28/2020,705.55
6/29/2020,708.08
6/30/2020,707.95
7/1/2020,707.1
7/2/2020,705.66
7/3/2020,706.38
7/4/2020,706.38
7/5/2020,706.38
7/6/2020,706.63
7/7/2020,703.1
7/8/2020,702.07
7/9/2020,700.85
7/10/2020,699.43
7/11/2020,699.43
7/12/2020,699.43
7/13/2020,699.65
7/14/2020,699.96
7/15/2020,699.82
7/16/2020,699.13
7/17/2020,700.43
7/18/2020,700.43
7/19/2020,700.43
7/20/2020,699.28
7/21/2020,698.62
7/22/2020,697.18
7/23/2020,699.21
7/24/2020,699.38
7/25/2020,699.38
7/26/2020,699.38
7/27/2020,700.29
7/28/2020,698.95
7/29/2020,699.69
7/30/2020,699.02
7/31/2020,698.48
8/1/2020,698.48
8/2/2020,698.48
8/3/2020,699.8
8/4/2020,698.03
8/5/2020,697.52
8/6/2020,694.38
8/7/2020,694.08
8/8/2020,694.08
8/9/2020,694.08
8/10/2020,696.49
8/11/2020,697.11
8/12/2020,695.97
8/13/2020,694.29
8/14/2020,694.05
8/15/2020,694.05
8/16/2020,694.05
8/17/2020,693.62
8/18/2020,693.25
8/19/2020,691.68
8/20/2020,692.74
8/21/2020,691.07
8/22/2020,691.07
8/23/2020,691.07
8/24/2020,691.94
8/25/2020,691.83
8/26/2020,690.79
8/27/2020,689.03
8/28/2020,688.91
8/29/2020,688.91
8/30/2020,688.91
8/31/2020,686.05
9/1/2020,684.98
9/2/2020,683.76
9/3/2020,683.19
9/4/2020,683.59
9/5/2020,683.59
9/6/2020,683.59
9/7/2020,683.86
9/8/2020,683.64
9/9/2020,684.23
9/10/2020,683.31
9/11/2020,683.89
9/12/2020,683.89
9/13/2020,683.89
9/14/2020,683.61
9/15/2020,682.22
9/16/2020,678.25
9/17/2020,676.75
9/18/2020,675.91
9/19/2020,675.91
9/20/2020,675.91
9/21/2020,675.95
9/22/2020,678.72
9/23/2020,679.86
9/24/2020,680.28
9/25/2020,681.21
9/26/2020,681.21
9/27/2020,681.21
9/28/2020,682.52
9/29/2020,681.71
9/30/2020,681.01
10/1/2020,681.01
10/2/2020,681.01
10/3/2020,681.01
10/4/2020,681.01
10/5/2020,681.01
10/6/2020,681.01
10/7/2020,681.01
10/8/2020,681.01
10/9/2020,677.96
10/10/2020,677.96
10/11/2020,677.96
10/12/2020,671.26
10/13/2020,672.96
10/14/2020,674.73
10/15/2020,673.74
10/16/2020,673.32
10/17/2020,673.32
10/18/2020,673.32
10/19/2020,670.1
10/20/2020,669.3
10/21/2020,667.81
10/22/2020,665.56
10/23/2020,667.03
10/24/2020,667.03
10/25/2020,667.03
10/26/2020,667.25
10/27/2020,669.89
10/28/2020,671.95
10/29/2020,672.6
10/30/2020,672.32
10/31/2020,672.32
11/1/2020,672.32
11/2/2020,670.5
11/3/2020,669.57
11/4/2020,667.71
11/5/2020,668.95
11/6/2020,662.9
11/7/2020,662.9
11/8/2020,662.9
11/9/2020,661.23
11/10/2020,658.97
11/11/2020,660.7
11/12/2020,662.36
11/13/2020,662.85
11/14/2020,662.85
11/15/2020,662.85
11/16/2020,660.48
11/17/2020,657.62
11/18/2020,655.93
11/19/2020,654.84
11/20/2020,657.86
11/21/2020,657.86
11/22/2020,657.86
11/23/2020,657.19
11/24/2020,658.09
11/25/2020,657.49
11/26/2020,657.8
11/27/2020,657.55
11/28/2020,657.55
11/29/2020,657.55
11/30/2020,657.82
12/1/2020,659.21
12/2/2020,656.11
12/3/2020,655.92
12/4/2020,655.07
12/5/2020,655.07
12/6/2020,655.07
12/7/2020,653.62
12/8/2020,653.2
12/9/2020,653.11
12/10/2020,654.76
12/11/2020,654.05
12/12/2020,654.05
12/13/2020,654.05
12/14/2020,653.61
12/15/2020,654.34
12/16/2020,653.55
12/17/2020,653.62
12/18/2020,653.15
12/19/2020,653.15
12/20/2020,653.15
12/21/2020,655.07
12/22/2020,653.87
12/23/2020,655.58
12/24/2020,653.61
12/25/2020,653.33
12/26/2020,653.33
12/27/2020,653.33
12/28/2020,652.36
12/29/2020,654.51
12/30/2020,653.25
12/31/2020,652.49
1/1/2021,652.49
1/2/2021,652.49
1/3/2021,652.49
1/4/2021,654.08
1/5/2021,647.6
1/6/2021,646.04
1/7/2021,646.08
1/8/2021,647.08
1/9/2021,647.08
1/10/2021,647.08
1/11/2021,647.64
1/12/2021,648.23
1/13/2021,646.05
1/14/2021,647.46
1/15/2021,646.33
1/16/2021,646.33
1/17/2021,646.33
1/18/2021,648.45
1/19/2021,648.83
1/20/2021,648.36
1/21/2021,646.96
1/22/2021,646.17
1/23/2021,646.17
1/24/2021,646.17
1/25/2021,648.19
1/26/2021,648.47
1/27/2021,646.65
1/28/2021,648.45
1/29/2021,647.09
1/30/2021,647.09
1/31/2021,647.09
2/1/2021,646.23
2/2/2021,647.36
2/3/2021,646.69
2/4/2021,646.05
2/5/2021,647.1
2/6/2021,647.1
2/7/2021,647.1
2/8/2021,646.78
2/9/2021,645.33
2/10/2021,643.91
2/11/2021,643.91
2/12/2021,643.91
2/13/2021,643.91
2/14/2021,643.91
2/15/2021,643.91
2/16/2021,643.91
2/17/2021,643.91
2/18/2021,645.36
2/19/2021,646.24
2/20/2021,646.24
2/21/2021,646.24
2/22/2021,645.63
2/23/2021,645.16
2/24/2021,646.15
2/25/2021,645.22
2/26/2021,647.13
2/27/2021,647.13
2/28/2021,647.13
3/1/2021,647.54
3/2/2021,646.25
3/3/2021,645.65
3/4/2021,647.58
3/5/2021,649.04
3/6/2021,649.04
3/7/2021,649.04
3/8/2021,647.95
3/9/2021,653.38
3/10/2021,651.06
3/11/2021,649.7
3/12/2021,648.45
3/13/2021,648.45
3/14/2021,648.45
3/15/2021,650.1
3/16/2021,650.29
3/17/2021,649.78
3/18/2021,648.59
3/19/2021,650.98
3/20/2021,650.98
3/21/2021,650.98
3/22/2021,651.91
3/23/2021,650.36
3/24/2021,652.28
3/25/2021,652.82
3/26/2021,653.76
3/27/2021,653.76
3/28/2021,653.76
3/29/2021,654.16
3/30/2021,656.41
3/31/2021,657.13
4/1/2021,655.84
4/2/2021,656.49
4/3/2021,656.49
4/4/2021,656.49
4/5/2021,656.49
4/6/2021,655.27
4/7/2021,653.84
4/8/2021,654.63
4/9/2021,654.09
4/10/2021,654.09
4/11/2021,654.09
4/12/2021,655.78
4/13/2021,654.54
4/14/2021,653.62
4/15/2021,652.97
4/16/2021,652.88
4/17/2021,652.88
4/18/2021,652.88
4/19/2021,652.33
4/20/2021,651.03
4/21/2021,650.46
4/22/2021,649.02
4/23/2021,649.34
4/24/2021,649.34
4/25/2021,649.34
4/26/2021,649.13
4/27/2021,649.24
4/28/2021,648.53
4/29/2021,647.15
4/30/2021,646.72
5/1/2021,646.72
5/2/2021,646.72
5/3/2021,646.72
5/4/2021,646.72
5/5/2021,646.72
5/6/2021,648.95
5/7/2021,646.78
5/8/2021,646.78
5/9/2021,646.78
5/10/2021,644.25
5/11/2021,642.54
5/12/2021,642.58
5/13/2021,646.12
5/14/2021,645.25
5/15/2021,645.25
5/16/2021,645.25
5/17/2021,643.07
5/18/2021,643.57
5/19/2021,642.55
5/20/2021,644.64
5/21/2021,643
5/22/2021,643
5/23/2021,643
5/24/2021,644.08
5/25/2021,642.83
5/26/2021,640.99
5/27/2021,640.3
5/28/2021,638.58
5/29/2021,638.58
5/30/2021,638.58
5/31/2021,636.82
6/1/2021,635.72
6/2/2021,637.73
6/3/2021,638.11
6/4/2021,640.72
6/5/2021,640.72
6/6/2021,640.72
6/7/2021,639.63
6/8/2021,639.09
6/9/2021,639.56
6/10/2021,639.72
6/11/2021,638.56
6/12/2021,638.56
6/13/2021,638.56
6/14/2021,638.56
6/15/2021,640.7
6/16/2021,640.78
6/17/2021,642.98
6/18/2021,643.61
6/19/2021,643.61
6/20/2021,643.61
6/21/2021,645.46
6/22/2021,646.13
6/23/2021,646.21
6/24/2021,648.24
6/25/2021,647.44
6/26/2021,647.44
6/27/2021,647.44
6/28/2021,645.78
6/29/2021,645.67
6/30/2021,646.01
7/1/2021,647.09
7/2/2021,647.12
7/3/2021,647.12
7/4/2021,647.12
7/5/2021,646.95
7/6/2021,646.13
7/7/2021,647.62
7/8/2021,647.05
7/9/2021,647.55
7/10/2021,647.55
7/11/2021,647.55
7/12/2021,647.85
7/13/2021,647.57
7/14/2021,648.06
7/15/2021,646.4
7/16/2021,647.05
7/17/2021,647.05
7/18/2021,647.05
7/19/2021,647
7/20/2021,648.55
7/21/2021,648.35
7/22/2021,646.51
7/23/2021,646.5
7/24/2021,646.5
7/25/2021,646.5
7/26/2021,647.63
7/27/2021,647.34
7/28/2021,649.29
7/29/2021,649.42
7/30/2021,646.02
7/31/2021,646.02
8/1/2021,646.02
8/2/2021,646.6
8/3/2021,646.1
8/4/2021,646.55
8/5/2021,646.91
8/6/2021,646.25
8/7/2021,646.25
8/8/2021,646.25
8/9/2021,648.4
8/10/2021,648.42
8/11/2021,648.31
8/12/2021,647.54
8/13/2021,647.99
8/14/2021,647.99
8/15/2021,647.99
8/16/2021,647.17
8/17/2021,647.65
8/18/2021,649.15
8/19/2021,648.53
8/20/2021,649.84
8/21/2021,649.84
8/22/2021,649.84
8/23/2021,649.69
8/24/2021,648.05
8/25/2021,647.28
8/26/2021,647.3
8/27/2021,648.63
8/28/2021,648.63
8/29/2021,648.63
8/30/2021,646.77
8/31/2021,646.79
9/1/2021,646.8
9/2/2021,645.94
9/3/2021,645.77
9/4/2021,645.77
9/5/2021,645.77
9/6/2021,645.29
9/7/2021,645.33
9/8/2021,646.74
9/9/2021,646.15
9/10/2021,645.66
9/11/2021,645.66
9/12/2021,645.66
9/13/2021,644.97
9/14/2021,645
9/15/2021,644.92
9/16/2021,643.3
9/17/2021,645.27
9/18/2021,645.27
9/19/2021,645.27
9/20/2021,645.27
9/21/2021,645.27
9/22/2021,646.93
9/23/2021,647.49
9/24/2021,645.99
9/25/2021,645.99
9/26/2021,645.99
9/27/2021,646.95
9/28/2021,646.08
9/29/2021,646.62
9/30/2021,648.54
10/1/2021,648.54
10/2/2021,648.54
10/3/2021,648.54
10/4/2021,648.54
10/5/2021,648.54
10/6/2021,648.54
10/7/2021,648.54
10/8/2021,646.04
10/9/2021,646.04
10/10/2021,646.04
10/11/2021,644.79
10/12/2021,644.47
10/13/2021,646.12
10/14/2021,644.14
10/15/2021,643.86
10/16/2021,643.86
10/17/2021,643.86
10/18/2021,643
10/19/2021,643.07
10/20/2021,640.69
10/21/2021,638.9
10/22/2021,640.32
10/23/2021,640.32
10/24/2021,640.32
10/25/2021,639.24
10/26/2021,638.9
10/27/2021,638.56
10/28/2021,639.57
10/29/2021,639.07
10/30/2021,639.07
10/31/2021,639.07
11/1/2021,641.92
11/2/2021,640.09
11/3/2021,640.79
11/4/2021,639.43
11/5/2021,639.8
11/6/2021,639.8
11/7/2021,639.8
11/8/2021,639.59
11/9/2021,639.03
11/10/2021,639.48
11/11/2021,641.45
11/12/2021,640.65
11/13/2021,640.65
11/14/2021,640.65
11/15/2021,638.96
11/16/2021,639.24
11/17/2021,639.35
11/18/2021,638.03
11/19/2021,638.25
11/20/2021,638.25
11/21/2021,638.25
11/22/2021,639.52
11/23/2021,639.29
11/24/2021,639.03
11/25/2021,639.8
11/26/2021,639.36
11/27/2021,639.36
11/28/2021,639.36
11/29/2021,638.72
11/30/2021,637.94
12/1/2021,636.93
12/2/2021,637.19
12/3/2021,637.38
12/4/2021,637.38
12/5/2021,637.38
12/6/2021,637.02
12/7/2021,637.38
12/8/2021,636.77
12/9/2021,634.98
12/10/2021,637.02
12/11/2021,637.02
12/12/2021,637.02
12/13/2021,636.69
12/14/2021,636.75
12/15/2021,637.16
12/16/2021,636.37
12/17/2021,636.51
12/18/2021,636.51
12/19/2021,636.51
12/20/2021,639.33
12/21/2021,637.29
12/22/2021,637.03
12/23/2021,636.51
12/24/2021,636.92
12/25/2021,636.92
12/26/2021,636.92
12/27/2021,636.86
12/28/2021,637.28
12/29/2021,637.35
12/30/2021,636.74
12/31/2021,637.57
1/1/2022,637.57
1/2/2022,637.57
1/3/2022,637.57
1/4/2022,637.94
1/5/2022,637.79
1/6/2022,637.28
1/7/2022,637.42
1/8/2022,637.42
1/9/2022,637.42
1/10/2022,636.53
1/11/2022,636.84
1/12/2022,636.58
1/13/2022,635.42
1/14/2022,636.77
1/15/2022,636.77
1/16/2022,636.77
1/17/2022,635.99
1/18/2022,635.21
1/19/2022,636.24
1/20/2022,634.85
1/21/2022,634.92
1/22/2022,634.92
1/23/2022,634.92
1/24/2022,634.11
1/25/2022,634.18
1/26/2022,632.46
1/27/2022,633.82
1/28/2022,637.46
1/29/2022,637.46
1/30/2022,637.46
1/31/2022,637.46
2/1/2022,637.46
2/2/2022,637.46
2/3/2022,637.46
2/4/2022,637.46
2/5/2022,637.46
2/6/2022,637.46
2/7/2022,635.8
2/8/2022,635.69
2/9/2022,636.53
2/10/2022,635.99
2/11/2022,636.81
2/12/2022,636.81
2/13/2022,636.81
2/14/2022,636.64
2/15/2022,636.05
2/16/2022,634.63
2/17/2022,633.21
2/18/2022,633.43
2/19/2022,633.43
2/20/2022,633.43
2/21/2022,634.01
2/22/2022,634.87
2/23/2022,633.13
2/24/2022,632.8
2/25/2022,633.46
2/26/2022,633.46
2/27/2022,633.46
2/28/2022,632.22
3/1/2022,630.14
3/2/2022,633.51
3/3/2022,630.16
3/4/2022,632.88
3/5/2022,632.88
3/6/2022,632.88
3/7/2022,634.78
3/8/2022,631.85
3/9/2022,631.78
3/10/2022,631.05
3/11/2022,633.06
3/12/2022,633.06
3/13/2022,633.06
3/14/2022,635.06
3/15/2022,637.6
3/16/2022,638
3/17/2022,634.06
3/18/2022,634.25
3/19/2022,634.25
3/20/2022,634.25
3/21/2022,636.77
3/22/2022,636.64
3/23/2022,635.58
3/24/2022,636.4
3/25/2022,637.39
3/26/2022,637.39
3/27/2022,637.39
3/28/2022,637.32
3/29/2022,636.4
3/30/2022,635.66
3/31/2022,634.82
4/1/2022,635.09
4/2/2022,635.09
4/3/2022,635.09
4/4/2022,635.09
4/5/2022,635.09
4/6/2022,637.99
4/7/2022,636.59
4/8/2022,636.53
4/9/2022,636.53
4/10/2022,636.53
4/11/2022,636.45
4/12/2022,637.95
4/13/2022,637.52
4/14/2022,635.4
4/15/2022,638.96
4/16/2022,638.96
4/17/2022,638.96
4/18/2022,637.63
4/19/2022,637.2
4/20/2022,639.96
4/21/2022,640.98
4/22/2022,645.96
4/23/2022,645.96
4/24/2022,645.96
4/25/2022,649.09
4/26/2022,655.9
4/27/2022,655.98
4/28/2022,656.28
4/29/2022,661.77
4/30/2022,661.77
5/1/2022,661.77
5/2/2022,661.77
5/3/2022,661.77
5/4/2022,661.77
5/5/2022,656.72
5/6/2022,663.32
5/7/2022,663.32
5/8/2022,663.32
5/9/2022,668.99
5/10/2022,671.34
5/11/2022,672.9
5/12/2022,672.92
5/13/2022,678.98
5/14/2022,678.98
5/15/2022,678.98
5/16/2022,678.71
5/17/2022,678.54
5/18/2022,674.21
5/19/2022,675.24
5/20/2022,674.87
5/21/2022,674.87
5/22/2022,674.87
5/23/2022,667.56
5/24/2022,665.66
5/25/2022,665.5
5/26/2022,667.66
5/27/2022,673.87
5/28/2022,673.87
5/29/2022,673.87
5/30/2022,670.48
5/31/2022,666.07
6/1/2022,666.51
6/2/2022,670.95
6/3/2022,670.95
6/4/2022,670.95
6/5/2022,670.95
6/6/2022,666.91
6/7/2022,666.49
6/8/2022,666.34
6/9/2022,668.11
6/10/2022,669.94
6/11/2022,669.94
6/12/2022,669.94
6/13/2022,671.82
6/14/2022,674.82
6/15/2022,675.18
6/16/2022,670.99
6/17/2022,669.23
6/18/2022,669.23
6/19/2022,669.23
6/20/2022,671.2
6/21/2022,668.51
6/22/2022,671.09
6/23/2022,670.79
6/24/2022,670
6/25/2022,670
6/26/2022,670
6/27/2022,668.5
6/28/2022,669.3
6/29/2022,670.35
6/30/2022,671.14
7/1/2022,668.63
7/2/2022,668.63
7/3/2022,668.63
7/4/2022,670.71
7/5/2022,669.86
7/6/2022,672.46
7/7/2022,671.43
7/8/2022,670.98
7/9/2022,670.98
7/10/2022,670.98
7/11/2022,669.6
7/12/2022,672.87
7/13/2022,672.82
7/14/2022,672.65
7/15/2022,675.03
7/16/2022,675.03
7/17/2022,675.03
7/18/2022,674.47
7/19/2022,674.51
7/20/2022,674.65
7/21/2022,676.2
7/22/2022,675.22
7/23/2022,675.22
7/24/2022,675.22
7/25/2022,675.43
7/26/2022,674.83
7/27/2022,677.31
7/28/2022,674.11
7/29/2022,674.37
7/30/2022,674.37
7/31/2022,674.37
8/1/2022,674.67
8/2/2022,674.62
8/3/2022,678.13
8/4/2022,676.36
8/5/2022,674.05
8/6/2022,674.05
8/7/2022,674.05
8/8/2022,676.95
8/9/2022,675.84
8/10/2022,676.12
8/11/2022,673.24
8/12/2022,674.13
8/13/2022,674.13
8/14/2022,674.13
8/15/2022,674.1
8/16/2022,677.3
8/17/2022,678.63
8/18/2022,678.02
8/19/2022,680.65
8/20/2022,680.65
8/21/2022,680.65
8/22/2022,681.98
8/23/2022,685.23
8/24/2022,683.88
8/25/2022,685.36
8/26/2022,684.86
8/27/2022,684.86
8/28/2022,684.86
8/29/2022,686.98
8/30/2022,688.02
8/31/2022,689.06
9/1/2022,688.21
9/2/2022,689.17
9/3/2022,689.17
9/4/2022,689.17
9/5/2022,689.98
9/6/2022,690.96
9/7/2022,691.6
9/8/2022,691.48
9/9/2022,690.98
9/10/2022,690.98
9/11/2022,690.98
9/12/2022,690.98
9/13/2022,689.28
9/14/2022,691.16
9/15/2022,691.01
9/16/2022,693.05
9/17/2022,693.05
9/18/2022,693.05
9/19/2022,693.96
9/20/2022,694.68
9/21/2022,695.36
9/22/2022,697.98
9/23/2022,699.2
9/24/2022,699.2
9/25/2022,699.2
9/26/2022,702.98
9/27/2022,707.22
9/28/2022,711.07
9/29/2022,711.02
9/30/2022,709.98
10/1/2022,709.98
10/2/2022,709.98
10/3/2022,709.98
10/4/2022,709.98
10/5/2022,709.98
10/6/2022,709.98
10/7/2022,709.98
10/8/2022,709.98
10/9/2022,709.98
10/10/2022,709.92
10/11/2022,710.75
10/12/2022,711.03
10/13/2022,711.01
10/14/2022,710.88
10/15/2022,710.88
10/16/2022,710.88
10/17/2022,710.95
10/18/2022,710.86
10/19/2022,711.05
10/20/2022,711.88
10/21/2022,711.86
10/22/2022,711.86
10/23/2022,711.86
10/24/2022,712.3
10/25/2022,716.68
10/26/2022,716.38
10/27/2022,715.7
10/28/2022,716.98
10/29/2022,716.98
10/30/2022,716.98
10/31/2022,717.68
11/1/2022,720.81
11/2/2022,721.97
11/3/2022,724.72
11/4/2022,725.55
11/5/2022,725.55
11/6/2022,725.55
11/7/2022,722.92
11/8/2022,721.5
11/9/2022,721.89
11/10/2022,724.22
11/11/2022,719.07
11/12/2022,719.07
11/13/2022,719.07
11/14/2022,708.99
11/15/2022,704.21
11/16/2022,703.63
11/17/2022,706.55
11/18/2022,710.91
11/19/2022,710.91
11/20/2022,710.91
11/21/2022,712.56
11/22/2022,716.67
11/23/2022,712.81
11/24/2022,712.01
11/25/2022,713.39
11/26/2022,713.39
11/27/2022,713.39
11/28/2022,716.17
11/29/2022,719.89
11/30/2022,717.69
12/1/2022,712.25
12/2/2022,705.42
12/3/2022,705.42
12/4/2022,705.42
12/5/2022,703.84
12/6/2022,697.46
12/7/2022,699.75
12/8/2022,696.06
12/9/2022,695.88
12/10/2022,695.88
12/11/2022,695.88
12/12/2022,695.65
12/13/2022,697.46
12/14/2022,695.35
12/15/2022,693.43
12/16/2022,697.91
12/17/2022,697.91
12/18/2022,697.91
12/19/2022,697.46
12/20/2022,698.61
12/21/2022,696.5
12/22/2022,697.13
12/23/2022,698.1
12/24/2022,698.1
12/25/2022,698.1
12/26/2022,698.25
12/27/2022,695.46
12/28/2022,696.81
12/29/2022,697.93
12/30/2022,696.46
12/31/2022,696.46
1/1/2023,696.46
1/2/2023,696.46
1/3/2023,694.75
1/4/2023,691.31
1/5/2023,689.26
1/6/2023,689.12
1/7/2023,689.12
1/8/2023,689.12
1/9/2023,682.65
1/10/2023,676.11
1/11/2023,677.56
1/12/2023,676.8
1/13/2023,672.92
1/14/2023,672.92
1/15/2023,672.92
1/16/2023,671.35
1/17/2023,672.22
1/18/2023,676.02
1/19/2023,676.74
1/20/2023,677.02
1/21/2023,677.02
1/22/2023,677.02
1/23/2023,677.02
1/24/2023,677.02
1/25/2023,677.02
1/26/2023,677.02
1/27/2023,677.02
1/28/2023,677.02
1/29/2023,677.02
1/30/2023,676.26
1/31/2023,676.04
2/1/2023,674.92
2/2/2023,671.3
2/3/2023,673.82
2/4/2023,673.82
2/5/2023,673.82
2/6/2023,677.37
2/7/2023,679.67
2/8/2023,677.52
2/9/2023,679.05
2/10/2023,678.84
2/11/2023,678.84
2/12/2023,678.84
2/13/2023,681.51
2/14/2023,681.36
2/15/2023,681.83
2/16/2023,685.19
2/17/2023,686.59
2/18/2023,686.59
2/19/2023,686.59
2/20/2023,686.43
2/21/2023,685.57
2/22/2023,687.59
2/23/2023,690.28
2/24/2023,689.42
2/25/2023,689.42
2/26/2023,689.42
2/27/2023,695.72
2/28/2023,695.19
3/1/2023,694
3/2/2023,688.08
3/3/2023,691.17
3/4/2023,691.17
3/5/2023,691.17
3/6/2023,689.51
3/7/2023,691.56
3/8/2023,695.25
3/9/2023,696.66
3/10/2023,696.55
3/11/2023,696.55
3/12/2023,696.55
3/13/2023,693.75
3/14/2023,689.49
3/15/2023,686.8
3/16/2023,691.49
3/17/2023,690.52
3/18/2023,690.52
3/19/2023,690.52
3/20/2023,686.94
3/21/2023,687.63
3/22/2023,687.15
3/23/2023,687.09
3/24/2023,683.74
3/25/2023,683.74
3/26/2023,683.74
3/27/2023,687.14
3/28/2023,687.49
3/29/2023,687.71
3/30/2023,688.86
3/31/2023,687.17
4/1/2023,687.17
4/2/2023,687.17
4/3/2023,688.05
4/4/2023,686.99
4/5/2023,686.99
4/6/2023,687.47
4/7/2023,688.38
4/8/2023,688.38
4/9/2023,688.38
4/10/2023,687.64
4/11/2023,688.82
4/12/2023,688.54
4/13/2023,686.58
4/14/2023,686.06
4/15/2023,686.06
4/16/2023,686.06
4/17/2023,686.79
4/18/2023,688.14
4/19/2023,687.31
4/20/2023,689.87
4/21/2023,687.52
4/22/2023,687.52
4/23/2023,687.52
4/24/2023,688.35
4/25/2023,688.47
4/26/2023,692.37
4/27/2023,692.07
4/28/2023,692.4
4/29/2023,692.4
4/30/2023,692.4
5/1/2023,692.4
5/2/2023,692.4
5/3/2023,692.4
5/4/2023,690.54
5/5/2023,691.14
5/6/2023,691.14
5/7/2023,691.14
5/8/2023,691.58
5/9/2023,692.55
5/10/2023,692.99
5/11/2023,691.01
5/12/2023,694.81
5/13/2023,694.81
5/14/2023,694.81
5/15/2023,696.54
5/16/2023,695.06
5/17/2023,697.48
5/18/2023,699.67
5/19/2023,703.56
5/20/2023,703.56
5/21/2023,703.56
5/22/2023,701.57
5/23/2023,703.26
5/24/2023,705.6
5/25/2023,705.29
5/26/2023,707.6
5/27/2023,707.6
5/28/2023,707.6
5/29/2023,705.75
5/30/2023,708.18
5/31/2023,708.21
6/1/2023,709.65
6/2/2023,709.39
6/3/2023,709.39
6/4/2023,709.39
6/5/2023,709.04
6/6/2023,710.75
6/7/2023,711.96
6/8/2023,712.8
6/9/2023,711.15
6/10/2023,711.15
6/11/2023,711.15
6/12/2023,712.12
6/13/2023,714.98
6/14/2023,715.66
6/15/2023,714.89
6/16/2023,712.89
6/17/2023,712.89
6/18/2023,712.89
6/19/2023,712.01
6/20/2023,715.96
6/21/2023,717.95
6/22/2023,717.95
6/23/2023,717.95
6/24/2023,717.95
6/25/2023,717.95
6/26/2023,720.56
6/27/2023,720.98
6/28/2023,721.01
6/29/2023,722.08
6/30/2023,722.58
7/1/2023,722.58
7/2/2023,722.58
7/3/2023,721.57
7/4/2023,720.46
7/5/2023,719.68
7/6/2023,720.98
7/7/2023,720.54
7/8/2023,720.54
7/9/2023,720.54
7/10/2023,719.26
7/11/2023,718.86
7/12/2023,717.65
7/13/2023,715.27
7/14/2023,713.18
7/15/2023,713.18
7/16/2023,713.18
7/17/2023,713.26
7/18/2023,714.53
7/19/2023,714.86
7/20/2023,714.66
7/21/2023,714.56
7/22/2023,714.56
7/23/2023,714.56
7/24/2023,714.51
7/25/2023,714.06
7/26/2023,712.95
7/27/2023,712.65
7/28/2023,713.38
7/29/2023,713.38
7/30/2023,713.38
7/31/2023,713.05
8/1/2023,712.83
8/2/2023,713.68
8/3/2023,714.95
8/4/2023,714.18
8/5/2023,714.18
8/6/2023,714.18
8/7/2023,713.8
8/8/2023,715.65
8/9/2023,715.88
8/10/2023,715.76
8/11/2023,715.87
8/12/2023,715.87
8/13/2023,715.87
8/14/2023,716.86
8/15/2023,717.68
8/16/2023,719.86
8/17/2023,720.76
8/18/2023,720.06
8/19/2023,720.06
8/20/2023,720.06
8/21/2023,719.87
8/22/2023,719.92
8/23/2023,719.88
8/24/2023,718.86
8/25/2023,718.83
8/26/2023,718.83
8/27/2023,718.83
8/28/2023,718.56
8/29/2023,718.51
8/30/2023,718.16
8/31/2023,718.11
9/1/2023,717.88
9/2/2023,717.88
9/3/2023,717.88
9/4/2023,717.86
9/5/2023,717.83
9/6/2023,719.69
9/7/2023,719.86
9/8/2023,721.5
9/9/2023,721.5
9/10/2023,721.5
9/11/2023,721.48
9/12/2023,719.86
9/13/2023,718.94
9/14/2023,718.74
9/15/2023,717.86
9/16/2023,717.86
9/17/2023,717.86
9/18/2023,717.36
9/19/2023,717.33
9/20/2023,717.32
9/21/2023,717.3
9/22/2023,717.29
9/23/2023,717.29
9/24/2023,717.29
9/25/2023,717.27
9/26/2023,717.27
9/27/2023,717.17
9/28/2023,717.98
9/29/2023,717.98
9/30/2023,717.98
10/1/2023,717.98
10/2/2023,717.98
10/3/2023,717.98
10/4/2023,717.98
10/5/2023,717.98
10/6/2023,717.98
10/7/2023,717.98
10/8/2023,717.98
10/9/2023,717.89
10/10/2023,717.81
10/11/2023,717.79
10/12/2023,717.76
10/13/2023,717.75
10/14/2023,717.75
10/15/2023,717.75
10/16/2023,717.98
10/17/2023,717.96
10/18/2023,717.95
10/19/2023,717.95
10/20/2023,717.93
10/21/2023,717.93
10/22/2023,717.93
10/23/2023,717.92
10/24/2023,717.86
10/25/2023,717.85
10/26/2023,717.84
10/27/2023,717.82
10/28/2023,717.82
10/29/2023,717.82
10/30/2023,717.81
10/31/2023,717.79
11/1/2023,717.78
11/2/2023,717.97
11/3/2023,717.96
11/4/2023,717.96
11/5/2023,717.96
11/6/2023,717.8
11/7/2023,717.76
11/8/2023,717.73
11/9/2023,717.72
11/10/2023,717.71
11/11/2023,717.71
11/12/2023,717.71
11/13/2023,717.69
11/14/2023,717.68
11/15/2023,717.52
11/16/2023,717.24
11/17/2023,717.28
11/18/2023,717.28
11/19/2023,717.28
11/20/2023,716.12
11/21/2023,714.06
11/22/2023,712.54
11/23/2023,712.12
11/24/2023,711.51
11/25/2023,711.51
11/26/2023,711.51
11/27/2023,711.59
11/28/2023,711.32
11/29/2023,710.31
11/30/2023,710.18
12/1/2023,711.04
12/2/2023,711.04
12/3/2023,711.04
12/4/2023,710.11
12/5/2023,711.27
12/6/2023,711.4
12/7/2023,711.76
12/8/2023,711.23
12/9/2023,711.23
12/10/2023,711.23
12/11/2023,711.63
12/12/2023,711.74
12/13/2023,711.26
12/14/2023,710.9
12/15/2023,709.57
12/16/2023,709.57
12/17/2023,709.57
12/18/2023,709.33
12/19/2023,709.82
12/20/2023,709.66
12/21/2023,710.12
12/22/2023,709.53
12/23/2023,709.53
12/24/2023,709.53
12/25/2023,710.1
12/26/2023,709.65
12/27/2023,710.02
12/28/2023,709.74
12/29/2023,708.27
12/30/2023,708.27
12/31/2023,708.27
1/2/2024,707.7
1/3/2024,710.02
1/4/2024,709.97
1/5/2024,710.29
1/6/2024,710.29
1/7/2024,710.29
1/8/2024,710.06
1/9/2024,710.1
1/10/2024,710.55
1/11/2024,710.87
1/12/2024,710.5
1/13/2024,710.5
1/14/2024,710.5
1/15/2024,710.84
1/16/2024,711.34
1/17/2024,711.68
1/18/2024,711.74
1/19/2024,711.67
1/20/2024,711.67
1/21/2024,711.67
1/22/2024,711.05
1/23/2024,711.17
1/24/2024,710.53
1/25/2024,710.44
1/26/2024,710.74
1/27/2024,710.74
1/28/2024,710.74
1/29/2024,710.97
1/30/2024,710.55
1/31/2024,710.39
2/1/2024,710.49
2/2/2024,710.06
2/3/2024,710.06
2/4/2024,710.06
2/5/2024,710.7
2/6/2024,710.82
2/7/2024,710.49
2/8/2024,710.63
2/9/2024,710.36
2/10/2024,710.36
2/11/2024,710.36
2/12/2024,710.36
2/13/2024,710.36
2/14/2024,710.36
2/15/2024,710.36
2/16/2024,710.36
2/17/2024,710.36
2/18/2024,710.36
2/19/2024,710.32
2/20/2024,710.68
2/21/2024,710.3
2/22/2024,710.18
2/23/2024,710.64
2/24/2024,710.64
2/25/2024,710.64
2/26/2024,710.8
2/27/2024,710.57
2/28/2024,710.75
2/29/2024,710.36
3/1/2024,710.59
3/2/2024,710.59
3/3/2024,710.59
3/4/2024,710.2
3/5/2024,710.27
3/6/2024,710.16
3/7/2024,710.02
3/8/2024,709.78
3/9/2024,709.78
3/10/2024,709.78
3/11/2024,709.69
3/12/2024,709.63
3/13/2024,709.3
3/14/2024,709.74
3/15/2024,709.75
3/16/2024,709.75
3/17/2024,709.75
3/18/2024,709.43
3/19/2024,709.85
3/20/2024,709.68
3/21/2024,709.42
3/22/2024,710.04
3/23/2024,710.04
3/24/2024,710.04
3/25/2024,709.96
3/26/2024,709.43
3/27/2024,709.46
3/28/2024,709.48
3/29/2024,709.5
3/30/2024,709.5
3/31/2024,709.5
4/1/2024,709.38
4/2/2024,709.57
4/3/2024,709.49
4/4/2024,709.49
4/5/2024,709.49
4/6/2024,709.49
4/7/2024,709.49
4/8/2024,709.47
4/9/2024,709.56
4/10/2024,709.59
4/11/2024,709.68
4/12/2024,709.67
4/13/2024,709.67
4/14/2024,709.67
4/15/2024,709.79
4/16/2024,710.28
4/17/2024,710.25
4/18/2024,710.2
4/19/2024,710.46
4/20/2024,710.46
4/21/2024,710.46
4/22/2024,710.43
4/23/2024,710.59
4/24/2024,710.48
4/25/2024,710.58
4/26/2024,710.56
4/27/2024,710.56
4/28/2024,710.56
4/29/2024,710.66
4/30/2024,710.63
5/1/2024,710.63
5/2/2024,710.63
5/3/2024,710.63
5/4/2024,710.63
5/5/2024,710.63
5/6/2024,709.94
5/7/2024,710.02
5/8/2024,710.16
5/9/2024,710.28
5/10/2024,710.11
5/11/2024,710.11
5/12/2024,710.11
5/13/2024,710.3
5/14/2024,710.53
5/15/2024,710.49
5/16/2024,710.2
5/17/2024,710.45
5/18/2024,710.45
5/19/2024,710.45
5/20/2024,710.42
5/21/2024,710.69
5/22/2024,710.77
5/23/2024,710.98
5/24/2024,711.02
5/25/2024,711.02
5/26/2024,711.02
5/27/2024,710.91
5/28/2024,711.01
5/29/2024,711.06
5/30/2024,711.11
5/31/2024,710.88
6/1/2024,710.88
6/2/2024,710.88
6/3/2024,710.86
6/4/2024,710.83
6/5/2024,710.97
6/6/2024,711.08
6/7/2024,711.06
6/8/2024,711.06
6/9/2024,711.06
6/10/2024,711.06
6/11/2024,711.35
6/12/2024,711.33
6/13/2024,711.22
6/14/2024,711.51
6/15/2024,711.51
6/16/2024,711.51
6/17/2024,711.49
6/18/2024,711.48
6/19/2024,711.59
6/20/2024,711.92
6/21/2024,711.96
6/22/2024,711.96
6/23/2024,711.96
6/24/2024,712.01
6/25/2024,712.25
6/26/2024,712.48
6/27/2024,712.7
6/28/2024,712.68
6/29/2024,712.68
6/30/2024,712.68
7/1/2024,712.65
7/2/2024,712.91
7/3/2024,713.12
7/4/2024,713.05
7/5/2024,712.89
7/6/2024,712.89
7/7/2024,712.89
7/8/2024,712.86
7/9/2024,713.1
7/10/2024,713.42
7/11/2024,713.39
7/12/2024,713.15
7/13/2024,713.15
7/14/2024,713.15
7/15/2024,713.13
7/16/2024,713.28
7/17/2024,713.18
7/18/2024,712.85
7/19/2024,713.15
7/20/2024,713.15
7/21/2024,713.15
7/22/2024,713.35
7/23/2024,713.34
7/24/2024,713.58
7/25/2024,713.21
7/26/2024,712.7
7/27/2024,712.7
7/28/2024,712.7
7/29/2024,713.16
7/30/2024,713.64
7/31/2024,713.46
8/1/2024,713.23
8/2/2024,713.76
8/3/2024,713.76
8/4/2024,713.76
8/5/2024,713.45
8/6/2024,713.18
8/7/2024,713.86
8/8/2024,714.6
8/9/2024,714.49
8/10/2024,714.49
8/11/2024,714.49
8/12/2024,714.58
8/13/2024,714.79
8/14/2024,714.15
8/15/2024,713.99
8/16/2024,714.64
8/17/2024,714.64
8/18/2024,714.64
8/19/2024,714.15
8/20/2024,713.25
8/21/2024,713.07
8/22/2024,712.28
8/23/2024,713.58
8/24/2024,713.58
8/25/2024,713.58
8/26/2024,711.39
8/27/2024,712.49
8/28/2024,712.16
8/29/2024,712.99
8/30/2024,711.24
8/31/2024,711.24
9/1/2024,711.24
9/2/2024,710.27
9/3/2024,711.12
9/4/2024,711.48
9/5/2024,709.89
9/6/2024,709.25
9/7/2024,709.25
9/8/2024,709.25
9/9/2024,709.89
9/10/2024,711.36
9/11/2024,711.82
9/12/2024,712.14
9/13/2024,710.3
9/14/2024,710.3
9/15/2024,710.3
9/16/2024,710.3
9/17/2024,710.3
9/18/2024,708.7
9/19/2024,709.83
9/20/2024,706.44
9/21/2024,706.44
9/22/2024,706.44
9/23/2024,705.31
9/24/2024,705.1
9/25/2024,702.02
9/26/2024,703.54
9/27/2024,701.01
9/28/2024,701.01
9/29/2024,701.01
9/30/2024,700.74
10/1/2024,700.74
10/2/2024,700.74
10/3/2024,700.74
10/4/2024,700.74
10/5/2024,700.74
10/6/2024,700.74
10/7/2024,700.74
10/8/2024,707.09
10/9/2024,705.68
10/10/2024,707.42
10/11/2024,707.31
10/12/2024,707.31
10/13/2024,707.31
10/14/2024,707.23
10/15/2024,708.3
10/16/2024,711.91
10/17/2024,712.2
10/18/2024,712.74
10/19/2024,712.74
10/20/2024,712.74
10/21/2024,709.82
10/22/2024,712.23
10/23/2024,712.45
10/24/2024,712.86
10/25/2024,710.9
10/26/2024,710.9
10/27/2024,710.9
10/28/2024,713.07
10/29/2024,712.83
10/30/2024,713.9
10/31/2024,712.5
11/1/2024,711.35
11/2/2024,711.35
11/3/2024,711.35
11/4/2024,712.03
11/5/2024,710.16
11/6/2024,709.93
11/7/2024,716.59
11/8/2024,714.33
11/9/2024,714.33
11/10/2024,714.33
11/11/2024,717.86
11/12/2024,719.27
11/13/2024,719.91
11/14/2024,719.66
11/15/2024,719.92
11/16/2024,719.92
11/17/2024,719.92
11/18/2024,719.07
11/19/2024,719.11
11/20/2024,719.35
11/21/2024,719.34
11/22/2024,719.42
11/23/2024,719.42
11/24/2024,719.42
11/25/2024,719.18
11/26/2024,719.1
11/27/2024,719.82
11/28/2024,718.94
11/29/2024,718.77
11/30/2024,718.77
12/1/2024,718.77
12/2/2024,718.65
12/3/2024,719.96
12/4/2024,719.34
12/5/2024,718.79
12/6/2024,718.48
12/7/2024,718.48
12/8/2024,718.48
12/9/2024,718.7
12/10/2024,718.96
12/11/2024,718.43
12/12/2024,718.54
12/13/2024,718.76
12/14/2024,718.76
12/15/2024,718.76
12/16/2024,718.82
12/17/2024,718.91
12/18/2024,718.8
12/19/2024,719.11
12/20/2024,719.01
12/21/2024,719.01
12/22/2024,719.01
12/23/2024,718.7
12/24/2024,718.76
12/25/2024,718.68
12/26/2024,718.97
12/27/2024,718.93
12/28/2024,718.93
12/29/2024,718.93
12/30/2024,718.89
12/31/2024,718.84
1/1/2025,718.84
1/2/2025,718.79
1/3/2025,718.78
1/4/2025,718.78
1/5/2025,718.78
1/6/2025,718.76
1/7/2025,718.79
1/8/2025,718.87
1/9/2025,718.86
1/10/2025,718.91
1/11/2025,718.91
1/12/2025,718.91
1/13/2025,718.85
1/14/2025,718.78
1/15/2025,718.83
1/16/2025,718.81
1/17/2025,718.89
1/18/2025,718.89
1/19/2025,718.89
1/20/2025,718.86
1/21/2025,717.03
1/22/2025,716.96
1/23/2025,717.08
1/24/2025,717.05
1/25/2025,717.05
1/26/2025,717.05
1/27/2025,716.98
1/28/2025,716.98
1/29/2025,716.98
1/30/2025,716.98
1/31/2025,716.98
2/1/2025,716.98
2/2/2025,716.98
2/3/2025,716.98
2/4/2025,716.98
2/5/2025,716.93
2/6/2025,716.91
2/7/2025,716.99
2/8/2025,716.99
2/9/2025,716.99
2/10/2025,717.07
2/11/2025,717.16
2/12/2025,717.1
2/13/2025,717.19
2/14/2025,717.06
2/15/2025,717.06
2/16/2025,717.06
2/17/2025,717.02
2/18/2025,716.97
2/19/2025,717.05
2/20/2025,717.12
2/21/2025,716.96
2/22/2025,716.97
2/23/2025,716.98
2/24/2025,717.17
2/25/2025,717.26
2/26/2025,717.32
2/27/2025,717.4
2/28/2025,717.38
3/1/2025,717.38
3/2/2025,717.38
3/3/2025,717.45
3/4/2025,717.39
3/5/2025,717.14
3/6/2025,716.92
3/7/2025,717.05
3/8/2025,717.05
3/9/2025,717.05
3/10/2025,717.33
3/11/2025,717.41
3/12/2025,716.96
3/13/2025,717.28
3/14/2025,717.38
3/15/2025,717.38
3/16/2025,717.38
3/17/2025,716.88
3/18/2025,717.33
3/19/2025,716.97
3/20/2025,717.54
3/21/2025,717.6
3/22/2025,717.6
3/23/2025,717.6
